frame_no,timestamp,size_px-darkorange,position_px_x-darkorange,position_px_y-darkorange,rx-darkorange,ry-darkorange,vx-darkorange,vy-darkorange,ax-darkorange,ay-darkorange,size_px-green,position_px_x-green,position_px_y-green,rx-green,ry-green,vx-green,vy-green,ax-green,ay-green,size_px-lightorange,position_px_x-lightorange,position_px_y-lightorange,rx-lightorange,ry-lightorange,vx-lightorange,vy-lightorange,ax-lightorange,ay-lightorange
0,130.5,,,,,,,,,,,,,,,,,,,50,500,593,45.39455922523695,53.83794724113102,,,,
1,130.5,,,,,,,,,,,,,,,,,,,47,1030,674,93.51279200398811,61.1918658356194,,,,
2,231.8,,,,,,,,,,,,,,,,,,,44,259,1000,,,,,,
3,254.5,,,,,,,,,,,,,,,,,,,43,269,998,24.422272863177476,90.60754021357295,,,,
4,273.2,,,,,,,,,,,,,,,,,,,39,458,106,41.58141625031704,9.623646555750232,,,,
5,285.3,10,485,128,44.03272244847984,11.621007161660657,,,,,11,326,927,29.597252614854487,84.16151280358929,,,,,,,,,,,,,
6,297.0,10,485,128,44.03272244847984,11.621007161660657,,,,,11,326,927,29.597252614854487,84.16151280358929,,,,,,,,,,,,,
7,305.9,10,485,128,44.03272244847984,11.621007161660657,,,,,11,326,928,29.597252614854487,84.25230192203976,,,,,,,,,,,,,
8,315.5,10,485,128,44.03272244847984,11.621007161660657,0.0,0.0,0.0,0.0,11,326,928,29.597252614854487,84.25230192203976,0.0,1.530016371883821,0.0,-97.76462440152208,,,,,,,,,
9,325.0,10,485,128,44.03272244847984,11.621007161660657,0.0,0.0,0.0,0.0,11,326,927,29.597252614854487,84.16151280358929,0.2707695250434587,0.0,19.34068036024705,0.0,,,,,,,,,
10,340.9,10,485,128,44.03272244847984,11.621007161660657,0.0,0.0,0.0,0.0,11,326,927,29.597252614854487,84.16151280358929,0.0,-1.9214628243486442,0.0,38.42925648697288,,,,,,,,,
11,377.0,10,485,128,44.03272244847984,11.621007161660657,0.0,0.0,0.0,0.0,11,326,927,29.597252614854487,84.16151280358929,0.0,-0.567445843973759,0.0,29.55447104029996,,,,,,,,,
12,408.9,10,485,128,44.03272244847984,11.621007161660657,0.0,0.4129279213433461,0.0,9.84333543130742,11,327,927,29.68804173330496,84.16151280358929,0.1760320397039916,0.0,-21.5990232765633,0.0,,,,,,,,,
13,440.9,10,485,128,44.03272244847984,11.621007161660657,0.0,0.0,0.0,0.0,11,326,927,29.597252614854487,84.16151280358929,0.0,0.0,0.0,0.0,,,,,,,,,
14,476.9,10,485,128,44.03272244847984,11.621007161660657,0.0,0.44765600300495123,0.0,8.962082142241268,11,326,928,29.597252614854487,84.25230192203976,0.44765600300494246,0.009006937408218278,8.962082142241092,-18.013874816436548,,,,,,,,,
15,509.1,10,485,129,44.03272244847984,11.711796280111132,0.0,0.4523602935659151,0.0,-9.056262133451755,11,326,927,29.597252614854487,84.16151280358929,-0.45236029356590624,0.0,9.056262133451579,0.0,,,,,,,,,
16,540.9,10,485,128,44.03272244847984,11.621007161660657,0.0,0.0,0.0,0.0,11,326,927,29.597252614854487,84.16151280358929,0.0,0.0,0.0,0.0,,,,,,,,,
17,577.8,10,485,129,44.03272244847984,11.711796280111132,-0.4628891239383717,-0.017268755449029484,-9.175205628114407,-18.17763731476815,11,327,927,29.68804173330496,84.16151280358929,0.44562036848934256,-0.44562036848934256,-9.002431686653384,9.002431686653384,,,,,,,,,
18,609.0,10,485,129,44.03272244847984,11.711796280111132,0.0,-0.4543999922446208,0.0,-9.097096941834252,11,326,927,29.597252614854487,84.16151280358929,0.0,0.0,0.0,0.0,,,,,,,,,
19,641.1,10,485,128,44.03272244847984,11.621007161660657,0.0,0.0,0.0,0.0,11,326,927,29.597252614854487,84.16151280358929,0.4550812516032996,0.0,9.08345811583432,0.0,,,,,,,,,
20,676.8,10,484,128,43.941933330029364,11.621007161660657,-0.008261818040811853,-0.4606057017232393,18.359595646246927,9.221335369834614,11,327,927,29.68804173330496,84.16151280358929,-0.45234388368241846,0.45234388368241846,-9.138260276412494,9.138260276412494,,,,,,,,,
21,708.9,10,485,128,44.03272244847984,11.621007161660657,0.0,-0.45394468163114937,0.0,9.106212269431278,12,326,927,29.597252614854487,84.16151280358929,0.0,0.0,0.0,0.0,,,,,,,,,
22,741.0,10,485,128,44.03272244847984,11.621007161660657,0.0,0.4543999922446208,0.0,9.097096941834252,12,327,927,29.68804173330496,84.16151280358929,0.0,0.0,-18.19419388366815,0.0,,,,,,,,,
23,776.7,10,485,128,44.03272244847984,11.621007161660657,0.45485439223685553,0.4530386080520723,-9.087999844892227,9.069842003044485,11,326,928,29.597252614854487,84.25230192203976,-0.45485439223685553,0.001815784184792043,9.087999844892227,-18.15784184793653,,,,,,,,,
24,808.6,10,485,128,44.03272244847984,11.621007161660657,0.0,0.0,0.0,0.0,11,326,927,29.597252614854487,84.16151280358929,0.0,0.0,0.0,0.0,,,,,,,,,
25,840.9,10,485,129,44.03272244847984,11.711796280111132,0.0,0.45621215572316387,0.0,-9.060817392714274,11,326,927,29.597252614854487,84.16151280358929,-0.45621215572315493,0.0,9.060817392714098,0.0,,,,,,,,,
26,876.8,10,485,129,44.03272244847984,11.711796280111132,0.0,0.45394468707852426,0.0,-9.0517385259925,12,326,927,29.597252614854487,84.16151280358929,0.4521361443062219,-0.4539446870785154,9.033689196927519,9.051738525992322,,,,,,,,,
27,908.7,10,485,128,44.03272244847984,11.621007161660657,0.4521361443062229,0.4521361443062318,9.03368919692753,9.033689196927707,11,326,927,29.597252614854487,84.16151280358929,0.4521361443062229,0.0,9.03368919692753,0.0,,,,,,,,,
28,941.6,10,485,129,44.03272244847984,11.711796280111132,0.0,-0.45552886038678975,0.0,-9.047246482359277,11,326,927,29.597252614854487,84.16151280358929,0.45552886038678086,0.0,9.047246482359101,0.0,,,,,,,,,
29,977.1,10,485,129,44.03272244847984,11.711796280111132,0.0,-0.456677461413374,0.0,-9.1062305366575,11,327,927,29.68804173330496,84.16151280358929,0.4512300652797701,0.0,-9.051756575321372,0.0,,,,,,,,,
30,1009.0,10,486,129,44.12351156693031,11.711796280111132,0.0018013445921041655,0.45303861345608426,-18.013445921037583,-9.01569380012108,11,327,927,29.68804173330496,84.16151280358929,0.0018013445921041655,0.0,-18.013445921037583,0.0,,,,,,,,,
31,1041.6,10,485,128,44.03272244847984,11.621007161660657,0.46013883084613966,0.00824522770992982,9.202776616922804,18.322728244293685,11,327,927,29.68804173330496,84.16151280358929,0.45189360313621,0.0,-9.119951627370522,0.0,,,,,,,,,
32,1076.8,10,485,128,44.03272244847984,11.621007161660657,0.0,-0.45645037507407804,0.0,9.110785929622313,12,327,927,29.68804173330496,84.16151280358929,0.0,0.0,0.0,0.0,,,,,,,,,
33,1109.5,10,485,129,44.03272244847984,11.711796280111132,-0.45033479971411905,-0.4557604712633167,9.01571170598836,-9.069860124643117,12,326,927,29.597252614854487,84.16151280358929,0.005425671549188679,0.0,18.085571830631302,0.0,,,,,,,,,
34,1140.7,10,486,129,44.12351156693031,11.711796280111132,0.00915221191023433,0.00915221191023455,-18.304423820472845,-18.304423820473204,11,327,927,29.68804173330496,84.16151280358929,0.0,0.0,0.0,0.0,,,,,,,,,
35,1177.0,10,485,128,44.03272244847984,11.621007161660657,0.0,0.0,0.0,0.0,11,327,927,29.68804173330496,84.16151280358929,0.0,0.0,0.0,0.0,,,,,,,,,
36,1209.4,10,485,128,44.03272244847984,11.621007161660657,0.0,-0.45348845765636614,0.0,9.115345882540021,11,327,927,29.68804173330496,84.16151280358929,0.45348845765635726,0.0,-9.115345882539843,0.0,,,,,,,,,
37,1240.8,10,485,128,44.03272244847984,11.621007161660657,-0.45996736893823936,-0.4599673689382483,8.931405222101736,8.93140522210191,11,327,927,29.68804173330496,84.16151280358929,0.0,0.0,0.0,0.0,,,,,,,,,
38,1278.5,10,485,128,44.03272244847984,11.621007161660657,0.0,0.46848096419770974,0.0,9.23115200389576,11,327,927,29.68804173330496,84.16151280358929,0.0,0.4684809641977006,0.0,9.231152003895579,,,,,,,,,
39,1308.9,10,485,128,44.03272244847984,11.621007161660657,0.0,0.4541706235261436,0.0,9.129057759319467,11,327,927,29.68804173330496,84.16151280358929,0.0,0.0,0.0,0.0,,,,,,,,,
40,1343.8,10,485,128,44.03272244847984,11.621007161660657,0.0,0.48128763632596305,0.0,9.345390996620642,11,327,927,29.68804173330496,84.16151280358929,0.0,0.0,0.0,0.0,,,,,,,,,
41,1376.9,10,485,129,44.03272244847984,11.711796280111132,0.0,0.46481643426454416,0.0,-9.305634319610505,11,327,928,29.68804173330496,84.25230192203976,0.0,0.013853658300138528,0.0,-18.471544400187483,,,,,,,,,
42,1408.7,10,485,129,44.03272244847984,11.711796280111132,0.0,0.0027264054117364126,0.0,-18.17603607824547,11,327,927,29.68804173330496,84.16151280358929,0.0,0.0,0.0,0.0,,,,,,,,,
43,1440.9,10,485,129,44.03272244847984,11.711796280111132,0.0,0.026206384722653284,0.0,-18.718846230468408,11,327,927,29.68804173330496,84.16151280358929,0.0,0.0,0.0,0.0,,,,,,,,,
44,1476.8,10,485,129,44.03272244847984,11.711796280111132,0.0,-0.45371850591307994,0.0,-9.083453571833443,11,327,927,29.68804173330496,84.16151280358929,0.0,-0.45462730589756156,0.0,9.09254611795123,,,,,,,,,
45,1508.8,10,485,128,44.03272244847984,11.621007161660657,0.0,0.44247520921742883,0.0,26.96222596447309,11,327,927,29.68804173330496,84.16151280358929,0.0,0.0,0.0,0.0,,,,,,,,,
46,1540.8,10,485,128,44.03272244847984,11.621007161660657,-0.4404157043965801,0.42170511648062403,-8.817131219150765,26.636738758155527,11,327,927,29.68804173330496,84.16151280358929,0.0,0.0,0.0,0.0,,,,,,,,,
47,1576.8,10,485,128,44.03272244847984,11.621007161660657,0.0,0.4167709470370347,0.0,26.493242630835738,11,327,927,29.68804173330496,84.16151280358929,0.0,0.0,0.0,0.0,,,,,,,,,
48,1609.6,10,485,130,44.03272244847984,11.802585398561606,0.0,1.354506422235288,0.0,-8.866368563325093,11,327,927,29.68804173330496,84.16151280358929,0.0,0.0,0.0,0.0,,,,,,,,,
49,1642.8,10,484,130,43.941933330029364,11.802585398561606,0.44810535608085994,1.7819292113972391,26.239112797139786,0.03432192648399238,11,327,927,29.68804173330496,84.16151280358929,0.0,0.0,0.0,0.0,,,,,,,,,
50,1679.2,10,485,130,44.03272244847984,11.802585398561606,0.0,2.2976044269051754,0.0,10.241786272838867,11,327,927,29.68804173330496,84.16151280358929,0.0,0.0,0.0,0.0,,,,,,,,,
51,1708.9,10,485,131,44.03272244847984,11.893374517012079,0.0,1.813997716648035,0.0,18.12097670859692,11,327,927,29.68804173330496,84.16151280358929,0.0,0.0,0.0,0.0,,,,,,,,,
52,1744.6,10,486,132,44.12351156693031,11.984163635462552,0.8675397852406084,1.3512674136817637,-17.998750731132937,-8.495260977868588,11,327,927,29.68804173330496,84.16151280358929,0.0,0.0,0.0,0.0,,,,,,,,,
53,1776.6,10,485,133,44.03272244847984,12.074952753913028,0.8945849226293794,0.9700117401085034,18.3693002593302,-37.50241639186708,11,327,927,29.68804173330496,84.16151280358929,0.4472924613147072,-0.4472924613146897,9.18465012966546,-9.1846501296651,,,,,,,,,
54,1809.0,10,485,134,44.03272244847984,12.165741872363501,1.3666137813735115,0.4473587108892947,27.30497065681344,-45.42645134913121,11,327,927,29.68804173330496,84.16151280358929,0.4555379271245216,0.0,9.101656885604836,0.0,,,,,,,,,
55,1841.0,10,486,133,44.12351156693031,12.074952753913028,0.8925962150255841,0.03299585005925647,18.518593672729942,-18.85477146243236,11,327,927,29.68804173330496,84.16151280358929,0.4462981075128095,0.0,9.259296836365335,0.0,,,,,,,,,
56,1876.7,10,487,132,44.214300685380785,11.984163635462552,1.8148758380746306,-0.45326546741851376,0.018130618696762867,9.065309348370272,11,328,926,29.778830851755437,84.07072368513882,-0.0009069842003056447,0.0009069842003055365,-18.139684006089283,18.139684006088572,,,,,,,,,
57,1908.8,10,488,132,44.30508980383126,11.984163635462552,1.819425303086279,-0.45826433253624277,-18.230591464172807,27.2776929638499,11,328,927,29.778830851755437,84.16151280358929,0.4555379271245222,0.0,-9.101656885604827,0.0,,,,,,,,,
58,1940.9,10,488,132,44.30508980383126,11.984163635462552,0.9083449018730533,0.4559936933904151,-18.20330464675458,27.323196754347435,11,328,927,29.778830851755437,84.16151280358929,0.4541724509365444,-0.4550830721634709,-9.101652323377648,-9.110772215484895,,,,,,,,,
59,1976.7,10,489,132,44.39587892228173,11.984163635462552,0.4539455922523643,1.3618367767571151,-27.236735535142078,27.236735535142298,11,327,927,29.68804173330496,84.16151280358929,2.168404344971016e-15,0.4539455922523665,18.157823690095434,-9.078911845047351,,,,,,,,,
60,2008.9,10,489,133,44.39587892228173,12.074952753913028,0.46711444036996413,1.295542718252195,-8.788606592097183,7.7634069520029545,11,328,927,29.778830851755437,84.16151280358929,0.0,-0.4142141389411108,0.0,-8.276006772050156,,,,,,,,,
61,2040.7,10,488,134,44.30508980383126,12.165741872363501,0.43889645721635123,1.35941550577272,8.795520184696421,-9.218551215623897,11,328,926,29.778830851755437,84.07072368513882,0.0,-0.46025952427817984,0.0,9.00703570016007,,,,,,,,,
62,2076.7,10,488,135,44.30508980383126,12.256530990813975,0.4539455922523643,1.3618367767571151,27.236735535142078,-27.236735535142298,11,328,927,29.778830851755437,84.16151280358929,0.4539455922523865,-0.4539455922523665,-9.078911845047728,-9.078911845047351,,,,,,,,,
63,2115.2,10,489,135,44.39587892228173,12.256530990813975,1.54738960686838,0.284025904945032,29.113633243055197,-26.79476750340776,11,328,926,29.778830851755437,84.07072368513882,0.0,-0.3999112202839126,0.0,8.545111544528014,,,,,,,,,
64,2142.9,10,489,135,44.39587892228173,12.256530990813975,2.7927743315225517,-0.5076784970092286,37.268626083526655,-27.319491891654927,11,328,926,29.778830851755437,84.07072368513882,0.0,0.0,0.0,0.0,,,,,,,,,
65,2176.7,10,490,135,44.486668040732205,12.256530990813975,3.624319726502724,-0.905173852599228,36.17074714986509,-18.10347705198456,11,328,926,29.778830851755437,84.07072368513882,0.0,-0.4543990843525201,0.0,9.069842003044288,,,,,,,,,
66,2208.8,10,492,134,44.66824627763315,12.165741872363501,3.6951489972693943,-1.816081991679676,16.778661423632983,-18.079332851820872,11,328,926,29.778830851755437,84.07072368513882,0.0,0.0,0.0,0.0,,,,,,,,,
67,2241.1,10,494,133,44.8498245145341,12.074952753913028,4.103046834659581,-1.8161163965503737,-10.582831722283638,0.6710621657659707,11,328,926,29.778830851755437,84.07072368513882,0.0,0.0,0.0,0.0,,,,,,,,,
68,2276.9,10,496,133,45.031402751435046,12.074952753913028,4.0780355162181054,-2.7205006918505936,-27.114543762332534,-18.1305915957472,11,328,926,29.778830851755437,84.07072368513882,0.0,0.4537185065926317,0.0,9.056257616619371,,,,,,,,,
69,2308.9,10,497,131,45.122191869885526,11.893374517012079,3.627936801217759,-2.2674605007610857,-18.121562443645693,9.060781221822673,11,328,926,29.778830851755437,84.07072368513882,0.0,0.0,0.0,0.0,,,,,,,,,
70,2343.0,10,498,131,45.212980988336,11.893374517012079,2.224202798057282,-1.3398461582542913,-26.293400595720247,8.67673446418657,11,328,926,29.778830851755437,84.07072368513882,0.0,0.4554895184513175,0.0,8.939931667346755,,,,,,,,,
71,2377.0,10,499,129,45.30377010678647,11.711796280111132,1.3618340612355824,-0.9115064597016288,-27.155215577977668,54.27433249782447,11,328,927,29.778830851755437,84.16151280358929,0.0,0.4539446870785156,0.0,-9.051738525992318,,,,,,,,,
72,2409.0,10,500,129,45.39455922523695,11.711796280111132,0.9015295627583342,0.4635007681437258,-36.35210865444475,45.50387949555623,11,328,926,29.778830851755437,84.07072368513882,0.0,0.0,0.0,0.0,,,,,,,,,
73,2443.4,10,499,130,45.30377010678647,11.802585398561606,-0.005436517564044142,0.46165502312799794,-18.121725213469492,27.20974325259207,11,328,927,29.778830851755437,84.16151280358929,0.0,-0.005436517564044142,0.0,-18.121725213469492,,,,,,,,,
74,2477.3,10,499,131,45.30377010678647,11.893374517012079,-0.9161069190378812,1.8176582496129399,-18.267336371642664,0.1457015862147111,11,328,927,29.778830851755437,84.16151280358929,0.0,-0.4580534595189406,0.0,-9.133668185821332,,,,,,,,,
75,2508.7,10,499,132,45.30377010678647,11.984163635462552,-1.8157864729691855,1.8212502112911566,-18.157741610901777,-18.267180535728084,11,328,926,29.778830851755437,84.07072368513882,-0.4532636509520555,0.0,-9.092550671054289,0.0,,,,,,,,,
76,2543.2,10,498,132,45.212980988336,11.984163635462552,-2.33095305492594,0.8995719870101158,-28.481812609414316,-18.43385219283017,11,328,926,29.778830851755437,84.07072368513882,-0.4702917653552297,-0.4497859935050579,-9.424684676457534,9.216926096415085,,,,,,,,,
77,2576.8,10,497,133,45.122191869885526,12.074952753913028,-2.2747492228304873,0.007306934548650508,-9.042056669414736,-36.53467274328586,11,328,926,29.778830851755437,84.07072368513882,-0.4534884576563781,-0.45714192493068556,-9.115345882540263,9.151990489102847,,,,,,,,,
78,2608.7,10,496,133,45.031402751435046,12.074952753913028,-1.8160776215840884,-1.7240496652599817,18.151918638603714,-52.63881699529468,11,327,926,29.68804173330496,84.07072368513882,-0.8965353162515345,0.0,0.22711736506470998,0.0,,,,,,,,,
79,2640.8,10,494,132,44.8498245145341,11.984163635462552,-0.13236280471297693,-2.2021998494838306,73.53489150722075,-45.127046095979956,11,327,926,29.68804173330496,84.07072368513882,-0.47353067107502655,0.0,9.358313657609237,0.0,,,,,,,,,
80,2676.7,10,494,131,44.8498245145341,11.893374517012079,0.4475912554976583,-3.1749018247340346,63.543367546855286,-27.1732103254368,11,327,926,29.68804173330496,84.07072368513882,-0.907893000288937,0.4530386080520595,0.01815784184835823,9.069842003044265,,,,,,,,,
81,2711.3,11,495,128,44.94061363298457,11.621007161660657,1.481784919009109,-4.067416538037182,46.13390086613675,6.959150859287019,11,326,926,29.597252614854487,84.07072368513882,-0.909119483716452,0.47818088054510477,-0.4724227737375733,9.321264727974718,,,,,,,,,
82,2742.0,11,498,127,45.212980988336,11.530218043210184,2.662263770957554,-4.727462096945539,-18.30511728448288,-4.7793224309313365,11,327,926,29.68804173330496,84.07072368513882,-1.199684899927392,0.39989496664246393,-23.70918774560067,7.90306258186689,,,,,,,,,
83,2776.8,11,498,126,45.212980988336,11.43942892475971,4.086426393392572,-4.994319393681482,9.160631212283574,-9.17878905413246,11,326,927,29.597252614854487,84.16151280358929,-1.362747392525779,0.4530386080520595,-9.106157686740271,-9.069842003044265,,,,,,,,,
84,2808.7,11,499,124,45.30377010678647,11.257850687858761,4.573493703119095,-4.573493703119077,17.350879095054164,-17.3508790950549,11,325,927,29.506463496404013,84.16151280358929,-1.3670196564371084,0.4724347338077331,-8.930044838596267,-9.439255420733893,,,,,,,,,
85,2851.2,11,500,121,45.39455922523695,10.985483332507341,4.0939013695901885,-4.476871901260668,44.525586123908454,9.368886454463777,11,324,927,29.41567437795354,84.16151280358929,-2.238435950630325,0.9319746551508206,4.684443227231906,1.841986658212917,,,,,,,,,
86,2876.7,11,503,120,45.66692658058837,10.894694214056866,3.635199937956903,-4.089599930201536,-18.19419388366835,27.291290825502823,11,324,927,29.41567437795354,84.16151280358929,-3.1807999457122986,0.0,-27.2912908255025,0.0,,,,,,,,,
87,2908.8,11,505,118,45.848504817489314,10.713115977155919,3.17376525612983,-3.6279377077486585,-45.31748143250191,36.24310677478345,11,323,927,29.324885259503066,84.16151280358929,-3.631565644549889,-0.9083449032376217,-36.31562924957103,-18.14874931543693,,,,,,,,,
88,2940.7,11,506,117,45.93929393593979,10.622326858705446,4.070044804880676,-2.1442503030140605,-45.05869371518245,42.75673585272297,12,322,928,29.234096141052593,84.25230192203976,-3.206298527406044,-2.4517801505050905,-26.31265723339323,-77.45661918683663,,,,,,,,,
89,2976.6,11,506,117,45.93929393593979,10.622326858705446,1.817611266772597,-1.366602872332271,-18.193967701603015,27.22316478749542,11,319,927,28.96172878570117,84.16151280358929,-3.6306966372081146,-4.510083944403259,18.2843500548155,-90.29197085892405,,,,,,,,,
90,3008.8,11,506,116,45.93929393593979,10.53153774025497,0.8856328662265015,-0.51136092425107,-0.445166365564659,26.088428895168327,11,317,925,28.780150548800222,83.97993456668834,-3.213955850355804,-6.810884965260739,44.66782513345276,-99.90205192502538,,,,,,,,,
91,3041.0,11,508,117,46.120872172840734,10.622326858705446,0.4480592304228355,-0.4553078843370173,-27.164348646888026,-9.078920923968425,11,317,921,28.780150548800222,83.61677809288645,-2.2584177868996274,-9.080787398040563,45.213569307299814,-54.726974981367974,,,,,,,,,
92,3077.0,11,507,117,46.03008305439026,10.622326858705446,0.45168625938605594,0.0,-9.015693800120893,0.0,11,316,917,28.68936143034975,83.25362161908456,0.4589060125849027,-9.505265768403953,63.181838188073215,-9.213643164994084,,,,,,,,,
93,3114.1,11,507,117,46.03008305439026,10.622326858705446,0.911338400713537,0.40892916336772994,0.9334006388226971,-8.609035018267999,11,316,911,28.68936143034975,82.70888690838171,1.0982985486697232,-9.744282185914628,37.23634198953942,44.18700499902541,,,,,,,,,
94,3140.9,11,507,116,46.03008305439026,10.53153774025497,-0.001815784184792043,0.45122282386727125,18.15784184793653,27.227683850981194,11,317,908,28.780150548800222,82.4365195530303,0.0,-9.537415963495631,0.0,45.585261959244505,,,,,,,,,
95,3177.2,11,507,117,46.03008305439026,10.622326858705446,0.4240459118706026,1.6961836474824188,8.46399025689827,33.855961027593246,11,320,906,29.052517904151646,82.25494131612935,0.5798188104010205,-7.6371559727588885,-60.768409089947106,46.50126383655231,,,,,,,,,
96,3209.1,11,508,117,46.120872172840734,10.622326858705446,0.9328267015861054,3.5438070200708696,-0.48101535729494266,74.60646358043937,11,319,903,28.96172878570117,81.98257396077793,1.02657659472289,-5.690710102653486,-38.746277862104336,41.15135464857759,,,,,,,,,
97,3241.0,11,508,118,46.120872172840734,10.713115977155919,1.360476300456646,7.709365702587705,9.060781221822493,117.79015588369293,11,317,900,28.780150548800222,81.7102066054265,0.0,-4.08142890137001,0.0,63.42546855275604,,,,,,,,,
98,3281.9,11,508,121,46.120872172840734,10.985483332507341,1.417268146098934,14.71601338744579,10.508736280414595,214.85138835088503,11,317,900,28.780150548800222,81.7102066054265,-1.2361575039468224,-2.974922830285357,26.0792722351651,42.557630957593254,,,,,,,,,
99,3309.0,12,509,125,46.21166129129121,11.348639806309237,0.9087999844892227,21.356799635496838,0.0,282.0100051968571,11,318,899,28.870939667250695,81.61941748697602,-0.9087999844892227,-1.8175999689785167,0.0,36.38838776733764,,,,,,,,,
100,3341.1,11,510,133,46.30245040974168,12.074952753913028,0.9083412838959093,32.09434929777582,-18.09444788637268,369.4223035606256,11,317,899,28.780150548800222,81.61941748697602,0.0,-0.002710112152306033,0.0,18.067414348696648,,,,,,,,,
101,3376.7,11,510,147,46.30245040974168,13.346000412219661,1.4220038633445102,44.32708373501881,-10.408826633883445,409.85473712534076,11,317,899,28.780150548800222,81.61941748697602,0.0,-0.06497609388376649,0.0,18.833650401090257,,,,,,,,,
102,3408.9,11,510,164,46.30245040974168,14.889415425877718,0.9083458118106317,57.20397494444235,-0.009092546117945199,435.65116214939866,11,317,899,28.780150548800222,81.61941748697602,-0.4546273058975601,0.45371850591314256,9.092546117951201,9.083453571834678,,,,,,,,,
103,3441.5,11,510,189,46.30245040974168,17.159143387139565,0.8273464527716355,64.95145370916653,16.48100503529153,285.1016886981526,11,317,900,28.780150548800222,81.7102066054265,0.0,0.46546732908756094,0.0,-8.741170499296919,,,,,,,,,
104,3478.4,10,511,220,46.393239528192154,19.973606059104256,0.8879645209727834,73.60553125903789,-0.0934219869961087,165.92594181308598,11,317,900,28.780150548800222,81.7102066054265,0.43920606140121565,0.009552398170353627,8.63728734319006,-17.367996673378943,,,,,,,,,
105,3508.9,10,511,251,46.393239528192154,22.788068731068947,0.9078911845047344,82.16415219767887,0.0,63.552382915331705,11,317,900,28.780150548800222,81.7102066054265,0.4539455922523672,0.0,9.078911845047342,-18.157823690097526,,,,,,,,,
106,3548.0,10,512,283,46.48402864664263,25.69332052148411,0.7961599864116868,86.17620020122962,-17.066666375384465,113.48509988519186,11,317,900,28.780150548800222,81.7102066054265,0.5186880940412756,-0.5186880940413569,9.740621484343205,-9.740621484344729,,,,,,,,,
107,3581.2,10,512,313,46.48402864664263,28.41699407499833,0.4244000312935667,87.07631481793086,-8.92534240365016,96.15155933269249,11,318,899,28.870939667250695,81.61941748697602,2.903937109815916,-3.399844525520429,39.31467857927505,-48.96268277585824,,,,,,,,,
108,3608.9,10,512,345,46.48402864664263,31.322245865413493,0.9083458118106672,86.29376092199492,0.009092546118655766,19.039791570989063,11,318,899,28.870939667250695,81.61941748697602,9.091637317966766,-10.455519235659464,163.67492266924063,-190.9525610230917,,,,,,,,,
109,3641.3,10,512,377,46.48402864664263,34.22749765582866,0.43954427505606136,89.91043970925506,9.422170955113836,-33.43709328228885,11,318,899,28.870939667250695,81.61941748697602,18.52423703292295,-22.480135508427235,376.23041686253015,-461.0299554585457,,,,,,,,,
110,3676.3,10,512,409,46.48402864664263,37.13274944624382,0.4432147616663209,89.94397195482786,9.321025481941518,-35.84331249994854,11,323,893,29.324885259503066,81.07468277627318,26.379021092125303,-41.49419301954189,454.37793934521073,-752.1802929133387,,,,,,,,,
111,3708.8,10,513,441,46.57481776509311,40.038001236658985,0.45417245093656167,88.65377943409072,-9.101652323378016,28.20782628878679,10,337,877,30.5959329178097,79.6220568810656,35.02409475327558,-61.41618107507626,355.49339435395854,-829.2809092355021,,,,,,,,,
112,3741.1,10,513,474,46.57481776509311,43.03404214552462,0.9078984476632985,88.97041629173584,-0.036315792644121804,14.598948642625711,10,359,849,32.59329352372013,77.07996156445233,43.10157099878698,-80.66133025072145,116.30132594035781,-704.9258510002597,,,,,,,,,
113,3776.2,10,513,506,46.57481776509311,45.93929393593979,0.46178315312307155,88.06523470320835,-8.949285913237796,-1.7690448898315323,10,377,806,34.22749765582866,73.17602947108196,47.87059275928909,-95.13091576155186,-24.116244306895098,-321.6279701899681,,,,,,,,,
114,3808.6,11,513,540,46.57481776509311,49.0261239632559,11.514309432569982,80.25580954338206,230.7476840194392,-196.5038160825484,10,395,764,35.861701787937186,69.36288649616205,38.366207846467944,-96.70597163724993,-288.5171800615263,122.07067752861265,,,,,,,,,
115,3841.3,11,514,573,46.66560688354358,52.022164872121536,29.664730352600817,71.21285019245283,574.0249765698384,-369.0413857540629,10,413,721,37.495905920045715,65.45895440279168,18.925538283560158,-92.99069140680506,-598.856869158457,458.8308179446998,,,,,,,,,
116,3879.4,12,513,606,46.57481776509311,55.018205780987174,52.390166460437484,59.643753596117044,1015.3133034968477,-549.0348525344172,9,430,679,39.03932093370377,61.64581142787177,-1.2216770505748955,-77.0446051687591,-927.2843334036446,672.1378653991293,,,,,,,,,
117,3915.3,12,541,622,49.11691308170637,56.470831676194756,69.08854517137675,47.07638514305423,848.4319924342931,-425.41604146811187,10,422,658,38.31300798609998,59.73923994041182,-17.733768699948886,-61.27137540374364,-763.0287720737446,542.1204421247371,,,,,,,,,
118,3941.0,12,578,631,52.47611046437391,57.287933742249024,79.78768847071446,39.52877763775394,431.4506125598251,-266.5468299871393,10,401,644,36.406436498640026,58.468192282105186,-27.826120692474458,-50.02189085419385,-338.9898505212762,403.13107879775345,,,,,,,,,
119,3973.0,12,616,641,55.926096965491915,58.195824926753765,101.15469323229401,30.254027131165408,26.663764277865432,-78.95075569104593,11,384,632,34.86302148498197,57.3787228606995,-44.5333638618905,-38.02223520916436,1.8209399994641187,161.67345852383633,,,,,,,,,
120,4008.8,12,653,650,59.28529434815945,59.012926992808026,106.31209974098867,26.798040304193023,-52.206226239385494,-8.345345459400686,10,367,621,33.319606471323915,56.38004255774428,-48.694446482850154,-32.63007323743981,100.76828473895809,70.52773255555864,,,,,,,,,
121,4042.0,13,691,660,62.73528084927746,59.92081817731277,103.53845666239994,26.33411064613712,38.861628859689496,5.266295499677441,10,351,611,31.866980576116337,55.47215137323955,-44.94052283478629,-29.966401769742216,0.09079819826950146,-5.992681085839893,,,,,,,,,
122,4073.1,13,729,670,66.18526735039546,60.8287093618175,101.55450557898016,25.842265160610683,-18.675505602817587,-9.19633662772979,10,335,599,30.41435468090875,54.38268195183386,-44.093908351401076,-28.547932815818612,6.95938988044433,27.623292591962887,,,,,,,,,
123,4108.6,12,767,679,69.63525385151347,61.64581142787177,104.40468990201143,26.781188416434198,13.981580167698109,8.007632277861102,10,319,589,28.96172878570117,53.47479076732912,-44.48339235623576,-29.05275032522455,-16.37842248215694,1.1621053645864736,,,,,,,,,
124,4141.0,12,806,689,73.17602947108196,62.55370261237651,103.69281018140704,26.58380285033048,-35.7433759504549,-0.22200854627613661,10,302,578,27.418313772043113,52.47611046437391,-44.182153903382144,-28.884965834191597,15.22978627454143,27.83987170302397,,,,,,,,,
125,4176.9,13,844,699,76.62601597219997,63.461593796881246,102.53200075197475,26.318305581505932,37.50970932140291,18.368599072724855,10,285,568,25.874898758385058,51.56821927986917,-43.65431128232097,-28.101470811975048,1.5106885218700916,-19.020941843531897,,,,,,,,,
126,4208.8,13,883,709,80.16679159176844,64.36948498138598,104.54889876094576,26.70363745276868,-11.103159829688039,-9.555555704318628,10,269,557,24.422272863177476,50.569538976913954,-44.807186594205206,-28.965678626298416,9.91546364045161,0.5758526978116277,,,,,,,,,
127,4243.5,13,921,719,83.61677809288645,65.27737616589073,104.5957904595729,26.807904586552354,53.362503329301184,4.594725350605359,10,253,547,22.969646967969894,49.66164779240922,-44.566902021904966,-29.151294581861706,-22.737066635962453,-33.03653019414813,,,,,,,,,
128,4276.9,13,959,729,87.06676459400445,66.18526735039546,93.51279200398807,25.4209531661327,-217.89388428113617,-36.315647380189375,10,237,536,21.51702107276231,48.662967489454005,-43.578776856227464,-29.052517904151642,0.0,0.0,,,,,,,,,
129,4309.2,13,998,738,90.60754021357295,67.00236941644972,65.9778997997878,22.204191718316203,-757.2434330220664,-80.07483741226488,10,220,525,19.973606059104256,47.66428718649879,-44.008619805474964,-29.038709633472504,5.992241314334125,-2.0306536375345634,,,,,,,,,
130,4340.9,13,1036,748,94.05752671469095,67.91026060095447,41.265780773165815,20.41672773279435,-1353.7733798469053,-135.83038969881946,10,204,514,18.520980163896674,46.66560688354358,-44.66129743778481,-29.482878945961495,20.79876240845045,26.227816352263535,,,,,,,,,
131,4376.9,12,1050,755,95.32857437299758,68.54578443010779,9.585354546607856,16.86932846310632,-1460.6548648664675,-134.7168466803383,10,189,504,17.159143387139565,45.75771569903884,-44.98770662809918,-29.18762075898866,-28.178595437434506,-2.702057096740341,,,,,,,,,
132,4408.9,12,1029,758,93.42200288553764,68.81815178545921,-15.377604030986747,15.016635877357853,-874.7626618781285,-64.10883041037027,10,172,493,15.61572837348151,44.759035396083625,-43.66619675706199,-28.202908474779047,0.8768268584436982,18.796975777824663,,,,,,,,,
133,4440.8,12,1007,763,91.42464227962721,69.27209737771157,-42.37771151247265,12.226445403114731,-320.7710102559575,-28.139226510981803,9,156,483,14.163102478273927,43.85114421157889,-43.428529688003685,-27.59926871537357,3.8812726222029186,11.482098174021099,,,,,,,,,
134,4472.9,12,986,766,89.51807079216725,69.544464733063,-59.20735223513425,10.873329989761624,27.473473580173497,9.800211818990482,10,140,473,12.710476583066345,42.94325302707415,-44.26530127630427,-28.270843200123625,43.22870693316156,21.801589573095104,,,,,,,,,
135,4508.8,12,964,771,87.52071018625684,69.99841032531536,-58.09466929168447,11.113051801126973,19.566160162463152,-14.041000945602972,10,124,463,11.257850687858761,42.03536184256941,-42.1677984453372,-27.46149102848245,29.12113734025086,-3.9537836597746456,,,,,,,,,
136,4541.6,12,942,775,85.5233495803464,70.36156679911727,-59.05450988300211,10.367296557109803,-10.117846302166274,-8.74864741768734,10,108,453,9.80522479265118,41.127470658064674,-42.82424502261666,-27.950829584040733,8.10850248468241,-18.457512234877555,,,,,,,,,
137,4576.6,12,920,779,83.52598897443598,70.72472327291916,-59.282606800256154,11.205590710791977,-28.924863457162836,-3.392097623612482,10,92,442,8.352598897443597,40.12879035510946,-42.17205035500266,-27.84486076981729,-2.8574259051651842,-13.585920714727996,,,,,,,,,
138,4613.8,12,898,783,81.52862836852555,71.08787974672106,-58.06804399916596,10.103008856207046,-19.059011733539574,-5.197912290967005,9,77,431,6.990762120686489,39.130110052154244,-41.351485878193905,-27.699385825651245,-13.572326537521676,-0.5775458101073118,,,,,,,,,
139,4642.2,12,876,786,79.53126776261513,71.36024710207248,-60.60651795701563,10.488010694696051,-20.73718499034923,11.1485308687062,10,61,421,5.538136225478907,38.22221886764951,-41.89992408515414,-28.23124028633972,10.267659293896697,12.88274678161746,,,,,,,,,
140,4675.3,13,854,791,77.5339071567047,71.81419269432484,-61.022327026367414,10.627970674927708,-6.327826028374315,-8.312462373637132,10,46,411,4.176299448721799,37.31432768314477,-41.59671702531132,-28.195004212821416,14.515649404482895,6.490815486680904,,,,,,,,,
141,4715.3,12,832,794,75.53654655079427,72.08656004967627,-61.62750795428668,10.271251325714477,-51.07820905701629,8.513034842837566,10,30,400,2.7236735535142165,36.31564738018955,,,,,,,,,,,,,
142,4740.9,12,809,798,73.44839682643338,72.44971652347816,-59.6666531854106,10.842439353792068,39.782063847594046,-3.9665924878345296,10,16,391,1.4526258952075821,35.49854531413529,,,,,,,,,,,,,
143,4773.0,12,788,802,71.54182533897342,72.81287299728005,-61.14305062520127,10.115505293079163,3.856513872102885,-2.1781288617476093,9,2,381,0.18157823690094776,34.59065412963055,,,,,,,,,,,,,
144,4808.9,13,766,805,69.544464733063,73.08524035263149,-62.50471048956332,10.783789726504297,32.33456514084858,2.4386403877142317,,,,,,,,,,,,,,,,,,
145,4843.3,13,744,810,67.54710412715258,73.53918594488385,-59.99964436586837,9.950180320356857,-46.285797840909716,-13.460341758946843,,,,,,,,,,,,,,,,,,
146,4872.8,12,721,813,65.45895440279168,73.81155330023527,-60.20168548538235,9.957427118072065,15.008518989999809,-0.989770436991809,,,,,,,,,,,,,,,,,,
147,4908.8,12,699,817,63.461593796881246,74.17470977403717,-60.43519896853359,9.996799829381441,9.097096941828585,-18.194193883667204,,,,,,,,,,,,,,,,,,
148,4941.0,12,677,820,61.46423319097082,74.44707712938859,-61.00460861076713,9.541273051037761,25.713346563555433,5.089670943816958,,,,,,,,,,,,,,,,,,
149,4973.6,12,655,824,59.4668725850604,74.81023360319048,-60.35817659989401,9.06178903792501,-18.113501420786665,-16.780826391322776,7,1,331,0.09078911845047388,30.051198207106857,,,,,,,,,,,,,
150,5008.7,12,633,827,57.46951197914997,75.0826009585419,-60.343502274733936,8.622055158126246,-7.2613272961898305,-9.328221957277744,10,4,323,0.36315647380189553,29.324885259503066,,,,,,,,,,,,,
151,5042.9,12,610,831,55.381362254789074,75.4457574323438,-60.433239368328515,8.582667500585611,-14.499033659951703,-23.904303926194917,10,14,315,1.2710476583066344,28.598572311899275,,,,,,,,,,,,,
152,5072.9,12,588,833,53.384001648878645,75.62733566924474,-61.013708770228476,8.19587132734415,4.910436560072127,-0.6596108812021956,9,24,308,2.178938842811373,27.963048482745958,24.106713217513686,-19.58998648279806,61.99426157081382,28.977072461727303,,,,,,,,,
153,5108.9,12,566,836,51.38664104296822,75.89970302459618,-60.829195993438894,8.171086028969437,-2.4331581071029342,0.326842133788518,10,34,301,3.086830027316112,27.32752465359264,26.781188416434222,-19.062235821664277,-8.007632277861823,17.395264676170456,,,,,,,,,
154,5140.9,12,544,839,49.38928043705779,76.1720703799476,-61.46790262355244,7.791592276295484,-6.6165429772714,7.759911593743375,10,44,294,3.9947212118208513,26.692000824439322,27.08079345763531,-18.82154420486223,-14.526404553510243,12.923814115671366,,,,,,,,,
155,5173.0,12,521,842,47.301130712696896,76.44443773529902,-60.26481928347232,8.095274232108256,10.05239034814283,-1.3503210915429678,10,54,288,4.90261239632559,26.14726611373648,26.542083033809796,-18.431662700124782,-13.33552398248021,-5.833740140582885,,,,,,,,,
156,5208.7,12,499,845,45.30377010678647,76.71680509065044,-61.31222459381006,7.722333517822649,-7.2467737640621985,-9.31987842931536,10,63,281,5.719714462379855,25.511742284583164,27.247757059706444,-19.072612020170983,17.357705289329086,-17.60320452600416,,,,,,,,,
157,5240.8,12,476,848,43.21562038242557,76.98917244600186,-61.197948236714836,7.658662077032782,12.02103520625244,-10.421176844247922,10,73,274,6.627605646884594,24.876218455429846,26.981257715428452,-18.440462906272042,12.533697001821327,-5.294558888640576,,,,,,,,,
158,5274.8,12,454,851,41.21825977651515,77.26153980135328,-61.843458062092964,7.238106526019076,-41.06690466289036,-15.489908890562706,10,83,267,7.535496831389333,24.24069462627653,27.302675768036924,-19.559629592212264,28.2784067767262,-16.32670960573314,,,,,,,,,
159,5308.8,12,431,853,39.130110052154244,77.44311803825423,-62.19157841188368,6.808289610074493,-10.322733090555735,-8.94273711010825,10,94,259,8.534177134344546,23.514381678672738,28.144683008956637,-19.51879161411947,0.562893097288107,8.688527324236205,,,,,,,,,
160,5342.7,12,408,856,37.04196032779335,77.71548539360565,-62.25272009018877,6.325316106659713,-32.723132428508244,-15.748518354438517,10,104,253,9.442068318849284,22.969646967969894,28.164954478459414,-19.07948529185962,10.698820427638262,-7.247588031625832,,,,,,,,,
161,5372.9,12,385,858,34.953810603432444,77.8970636305066,-63.31858279265179,6.423624341283482,10.993005976675605,-1.1152324903872999,9,114,245,10.349959503354023,22.243334020366103,28.447479225684138,-18.83568962552825,-4.9388867431437475,31.08593420683446,,,,,,,,,
162,5408.7,13,362,860,32.86566087907155,78.07864186740754,-62.845663098854295,6.330232603926715,-2.7720554373845023,-0.6279737236811312,9,125,238,11.348639806309237,21.607810191212785,28.03388724596131,-18.095385805770356,-2.7810264905878297,19.808085455525774,,,,,,,,,
163,5440.8,13,339,862,30.77751115471065,78.26022010430849,-63.216120559513506,5.89784914394264,13.081940393345326,7.033595567138347,9,135,232,12.256530990813975,21.06307548050994,28.643194943772322,-18.228158167890033,-0.9487599727370054,24.60390044690778,,,,,,,,,
164,5472.7,13,316,865,28.68936143034975,78.53258745965991,-62.412699536144316,5.816747407025706,7.160967099626731,-11.046629919588149,10,145,226,13.164422175318714,20.5183407698071,27.655807528386333,-16.950333646430334,-10.92627753136132,6.696750745027551,,,,,,,,,
165,5509.6,13,292,867,26.510422587538375,78.71416569656085,-63.52979282403173,6.352979282403213,-10.788494120146124,1.07884941201604,9,156,219,14.163102478273927,19.882816940653782,27.67312838163725,-17.243800909380045,-4.3697934167275605,-2.9283055468971733,,,,,,,,,
166,5542.4,12,269,869,24.422272863177476,78.89574393346182,-63.98470340748492,6.351741337325137,-28.21152401483002,1.9012901293675695,9,167,213,15.161782781229139,19.33808222995094,28.10195175930404,-17.240440772739543,-9.705633422308034,-5.160644636858631,,,,,,,,,
167,5576.6,13,245,871,22.243334020366103,79.07732217036276,-63.64762081501784,5.378672181550844,-30.932310292572485,2.613998052892082,9,176,207,15.978884847283405,18.793347519248094,28.260117236688657,-17.032461908244212,22.558803196468578,-8.277660500828903,,,,,,,,,
168,5608.8,13,222,874,20.155184296005203,79.34968952571418,-64.71391671408504,5.476722132722235,-13.084971405122726,-18.745324203971265,9,186,200,16.886776031788145,18.157823690094776,28.251247183276096,-17.31976802713426,16.025414417510838,1.3967104308847131,,,,,,,,,
169,5641.0,13,198,876,17.97624545319383,79.53126776261513,-64.88940261674357,5.497409422820576,9.860627275303788,-19.2305378880807,9,197,194,17.885456334743356,17.613088979391936,28.318194757735906,-17.36476971433983,14.09190113897875,2.638759411700653,,,,,,,,,
170,5675.5,13,174,877,15.797306610382456,79.6220568810656,-63.819337431081166,5.393183444880073,27.45978013962313,-2.3205448005315095,9,208,188,18.884136637698568,17.06835426868909,28.76364503936052,-16.64853287832478,-12.376238936167944,16.041644927915456,,,,,,,,,
171,5708.8,13,150,879,13.618367767571083,79.80363511796655,-64.39781891435486,4.987516979560296,19.40692739972644,8.961221140732501,9,218,181,19.79202782220331,16.432830439535774,29.02355234086849,-16.32756034979142,-0.5793112656629612,18.447443115972042,,,,,,,,,
172,5741.1,13,127,881,11.530218043210184,79.9852133548675,-64.4280922516496,4.991362046805381,-0.6436369637365534,9.119701204460481,9,229,175,20.79070812515852,15.88809572883293,29.038013409194193,-16.332975558471436,0.29008989914892536,17.97650843781761,,,,,,,,,
173,5778.8,13,103,883,9.35127920039881,80.16679159176844,-65.55397856140557,5.539772836175091,-61.04431315655231,5.1586743512579085,9,240,170,21.789388428113732,15.434150136580561,29.545455126267296,-16.619318508525353,27.51292987337565,-15.476023053773618,,,,,,,,,
174,5809.0,13,80,885,7.2631294760379115,80.34836982866939,-63.9759894134482,5.444649271015249,-10.987176882627212,0.1631758942965229,9,250,164,22.697279612618473,14.889415425877718,29.038129445414807,-15.426506267876622,0.8702714362480851,-0.46233170050697886,,,,,,,,,
175,5841.1,13,56,887,5.084190633226537,80.52994806557034,,,,,9,261,158,23.695959915573685,14.344680715174874,29.067065977940423,-15.441878800780843,0.2909614757754714,-0.1545732840057348,,,,,,,,,
176,5873.0,13,32,889,2.9052517904151642,80.71152630247128,,,,,9,272,152,24.694640218528896,13.799946004472032,29.468853302719474,-15.51086771041224,-29.13929555379659,39.010010274858864,,,,,,,,,
177,5908.9,13,9,891,0.817102066054265,80.89310453937223,,,,,9,282,147,25.602531403033638,13.346000412219661,29.110797838041314,-15.009343600651809,0.5845512389572902,8.813936649952636,,,,,,,,,
178,5941.0,,,,,,,,,,10,293,141,26.60121170598885,12.801265701516819,29.12546295430624,-14.559994127802256,0.8781471601771278,17.809922092385815,,,,,,,,,
179,5973.5,,,,,,,,,,9,303,137,27.509102890493587,12.438109227714923,28.529867428834713,-14.039653337125577,10.453009506338576,-9.732112299004864,,,,,,,,,
180,6008.6,,,,,,,,,,9,314,131,28.5077831934488,11.893374517012079,29.519321481755796,-14.081801219087641,7.61050680947746,9.792730984233208,,,,,,,,,
181,6040.6,,,,,,,,,,9,325,126,29.506463496404013,11.43942892475971,29.067764294045226,-14.076517491774178,-2.0367547959406442,-8.101555907082945,,,,,,,,,
182,6073.5,,,,,,,,,,9,335,121,30.41435468090875,10.985483332507341,29.110973204117283,-14.09880457107663,1.1691059993128914,8.549087619983718,,,,,,,,,
183,6108.8,,,,,,,,,,9,347,116,31.50382410231444,10.53153774025497,,,,,,,,,,,,,
184,6140.9,,,,,,,,,,9,357,110,32.41171528681918,9.986803029552128,,,,,,,,,,,,,
185,6173.1,,,,,,,,,,9,367,106,33.319606471323915,9.623646555750232,,,,,,,,,,,,,
186,6209.6,12,4,892,0.36315647380189553,80.9838936578227,,,,,,,,,,,,,,,,,,,,,,
187,6241.2,12,18,891,1.63420413210853,80.89310453937223,,,,,,,,,,,,,,,,,,,,,,
188,6273.3,13,33,890,2.996040908865638,80.80231542092176,,,,,,,,,,,,,,,,,,,,,,
189,6308.9,13,49,889,4.448666804073221,80.71152630247128,41.47295563475912,-3.6407242562843245,6.643516551454403,-18.08359692015544,,,,,,,,,,,,,,,,,,
190,6341.1,13,64,888,5.8105035808303285,80.62073718402081,41.82575406260015,-3.6379327136269497,0.41951503695464193,-18.24890410729306,,,,,,,,,,,,,,,,,,
191,6373.6,13,79,886,7.172340357587437,80.43915894711986,41.81733009424592,-3.597687834859672,3.57427413294972,0.45891914793365784,,,,,,,,,,,,,,,,,,
192,6408.8,13,95,884,8.62496625279502,80.25758071021892,41.76307801329049,-4.086426393392527,-0.8352607250004284,9.16063121228354,,,,,,,,,,,,,,,,,,
193,6440.9,13,110,883,9.986803029552128,80.16679159176844,42.215462026709766,-4.0873588041168585,7.39026380291757,9.242369227735697,,,,,,,,,,,,,,,,,,
194,6475.2,12,126,882,11.43942892475971,80.07600247331797,42.83038214343427,-3.645138905824175,16.367695339262006,-1.392995348022291,10,464,70,42.12615096101988,6.355238291533173,,,,,,,,,,,,,
195,6508.9,13,141,880,12.801265701516819,79.89442423641702,42.62825741430845,-3.627936801217723,18.12156244364109,3.320697017411495e-13,9,475,66,43.124831263975096,5.992081817731276,,,,,,,,,,,,,
196,6541.1,12,157,879,14.2538915967244,79.80363511796655,42.671227040173584,-4.0873588041168585,1.706842254244125,-9.242369227735697,9,485,63,44.03272244847984,5.719714462379855,,,,,,,,,,,,,
197,6573.0,13,173,878,15.706517491931983,79.71284599951608,42.31490807072565,-3.9740938826565397,-26.909087419192932,-5.334100292721362,9,496,60,45.031402751435046,5.447347107028433,27.717685898006966,-3.2113771872863017,-40.661863573269926,124.16694802801443,,,,,,,,,
198,6609.0,13,189,876,17.159143387139565,79.53126776261513,43.62274893508519,-3.6352290779237477,1.748398011438676,-0.145699834286554,9,505,58,45.848504817489314,5.265768870127485,27.720441145849374,0.4853338883115794,10.208094639689017,154.66948033460537,,,,,,,,,
199,6640.9,12,204,874,18.520980163896674,79.34968952571418,42.18394053479816,-4.442699120692161,-11.472102883010159,2.121320799372862,9,516,61,46.84718512044453,5.538136225478907,27.122165747999905,2.871177154931101,-21.62050158720674,93.9999672617934,,,,,,,,,
200,6679.6,13,221,873,20.06439517755473,79.25890040726371,43.38745726490209,-5.606280725933344,47.031961606368135,-25.288542170257976,9,526,64,47.75507630494926,5.8105035808303285,27.43995898685272,6.241046768558293,35.45122734148302,53.17684101222132,,,,,,,,,
201,6708.7,13,237,872,21.51702107276231,79.16811128881324,43.19117656017175,-4.996827637116482,-10.405817768980285,-27.168213088336028,9,536,67,48.662967489454005,6.082870936181751,27.73377065206541,8.183332539585715,-9.940702338464714,-0.2462375808612066,,,,,,,,,
202,6745.7,12,252,869,22.87885784951942,78.89574393346182,43.269631093816756,-4.991846586004128,32.1913883604645,-12.601234259524876,9,546,70,49.570858673958746,6.355238291533173,27.043519433635485,8.597649177155475,20.119617725290283,15.283849956228828,,,,,,,,,
203,6773.2,13,268,866,24.331483744727002,78.62337657811038,44.699662624521544,-6.150009849042114,-18.993385546123264,13.670398514087612,9,556,73,50.47874985846348,6.627605646884594,28.24981804086868,9.35817413324852,-18.14654670011629,13.428444558083047,,,,,,,,,
204,6808.7,13,284,865,25.784109639934584,78.53258745965991,43.10284766217247,-5.898799965842767,8.63923980899508,9.128766513810305,9,566,76,51.38664104296822,6.899973002236016,27.223137571119562,9.526737673591384,-0.2719592804520898,27.114340260974643,,,,,,,,,
205,6842.9,13,300,863,27.236735535142166,78.35100922275896,44.408500164701806,-5.551062520587772,-8.757868383405976,1.0947335479272293,9,576,80,52.29453222747296,7.2631294760379115,27.755312602938602,9.705405402884443,-5.473667739629505,7.509488021733482,,,,,,,,,
206,6872.8,13,316,860,28.68936143034975,78.07864186740754,43.16388747993739,-4.958324531562226,-11.84547277885954,10.259025531693156,9,586,84,53.2024234119777,7.626285949839807,26.977429674960877,9.891724214152317,-7.403420486787199,-2.71458751182207,,,,,,,,,
207,6908.8,13,332,859,30.14198732555733,77.98785274895707,43.96634162070797,-5.4391910359959645,8.61338673517035,0.0542290875243719,9,596,88,54.11031459648244,7.9894424236417025,27.195955179979965,10.425568739251947,-0.27114543762183185,-9.155677610414083,,,,,,,,,
208,6942.0,12,348,857,31.594613220764913,77.80627451205612,44.04141197085354,-5.9653320997490615,1.3494285479211336,-9.455370867024849,9,606,91,55.018205780987174,8.261809778993124,27.52588248178343,10.552979180046332,0.8433928424514606,9.595936340766725,,,,,,,,,
209,6975.2,13,364,855,33.047239115972495,77.62469627515517,43.029669486854786,-5.398175227440746,9.224027601464782,-18.849859435570508,9,616,95,55.926096965491915,8.62496625279502,27.351502423897614,10.318924918684251,14.709528864457784,11.058351272211397,,,,,,,,,
210,7009.0,13,381,853,34.59065412963055,77.44311803825423,43.554473210084815,-6.354811774221853,-16.834313094913835,-18.330092125965276,10,626,99,56.83398814999666,8.988122726596915,27.67832760667969,10.892019500067944,9.899337587316966,18.466072037879133,,,,,,,,,
211,7040.8,12,396,850,35.95249090638766,77.1707506829028,43.759437948098444,-6.381584700764325,-7.0574047170525045,1.02920485457015,10,636,103,57.74187933450139,9.35127920039881,27.798154138793617,11.83687032948878,4.668179161803352,16.393763040659334,,,,,,,,,
212,7075.4,12,412,848,37.40511680159524,76.98917244600186,44.549926156201806,-6.428144378649699,21.120416896479863,-1.708407055626208,9,647,107,58.740559637456606,9.714435674200706,28.467496534020242,11.962119768606852,7.565802674916114,21.73994912544537,,,,,,,,,
213,7108.9,12,428,845,38.85774269680282,76.71680509065044,43.212252075430825,-7.277699459510292,9.983039127867048,-0.14613780973932256,9,657,112,59.64845082196135,10.168381266453075,28.201085405602523,12.28202937251193,0.566284012739847,9.361953436475108,,,,,,,,,
214,7141.2,12,444,843,40.310368592010406,76.53522685374949,43.514048890452194,-6.801333087301739,2.169176477087375,-9.390726498741747,9,667,117,60.55634200646608,10.622326858705446,28.102823241750382,12.236063302271138,1.4009264747855907,-8.441711790014795,,,,,,,,,
215,7173.0,12,461,841,41.85378360566846,76.35364861684855,44.20474475975798,-6.894133249902459,-28.193806167869766,-7.840545224143422,9,678,121,61.5550223094213,10.985483332507341,28.08577830348465,12.887335835458407,-15.387897562940477,-2.780603493241477,,,,,,,,,
216,7208.6,12,476,837,43.21562038242557,75.99049214304665,43.558064450208555,-6.358566697835716,-3.045980456297867,18.58410695065346,9,688,126,62.46291349392604,11.43942892475971,28.13124995742636,13.154990819910376,-1.967195711359014,8.14981080421574,,,,,,,,,
217,7241.1,12,492,835,44.66824627763315,75.80891390614569,43.64426510880015,-6.818961112636584,0.4377548211699787,9.037813078624726,9,698,130,63.37080467843077,11.802585398561606,27.731838143936624,12.730487944626997,-8.828055560146053,18.340103028370315,,,,,,,,,
218,7272.7,12,508,833,46.120872172840734,75.62733566924474,43.14467232576956,-7.266853783473975,6.928561754862315,0.3637040291280616,9,708,135,64.2786958629355,12.256530990813975,27.702608035887415,13.168900468939562,7.701432816757144,8.428840875009904,,,,,,,,,
219,7309.0,12,524,831,47.573498068048316,75.4457574323438,43.5140488904524,-6.805858983638871,2.1691764770913284,-27.494311847130664,9,719,141,65.27737616589073,12.801265701516819,28.10282324175051,13.598140278266378,1.4009264747881518,0.6778676490910333,,,,,,,,,
220,7340.9,12,540,828,49.0261239632559,75.17339007699238,43.13915459813364,-7.167627657711473,-10.560209944747399,-16.025118591147617,9,728,145,66.09447823194499,13.164422175318714,27.838472569317222,13.919236284658611,10.96501799262281,5.482508996311405,,,,,,,,,
221,7372.9,12,556,825,50.47874985846348,74.90102272164096,43.152718190567875,-7.634506715717592,-6.767965651103573,-7.702085910238202,9,739,150,67.0931585349002,13.618367767571083,28.31185084869807,13.485224434552467,4.4591023690843885,-2.1149892659698666,,,,,,,,,
222,7408.9,12,572,822,51.93137575367106,74.62865536628954,43.09647983786477,-8.080589969599606,-10.528917269636148,1.9741719880567745,9,750,156,68.09183883785542,14.163102478273927,27.833143228621,13.467649949332737,-6.799925736640047,-3.290286646761474,,,,,,,,,
223,7443.2,12,588,819,53.384001648878645,74.35628801093812,42.89921331511948,-8.131250431841666,5.869275770472519,-2.814036328308696,9,760,161,68.99973002236015,14.617048070526296,28.911112646548286,14.455556323274134,10.00546250065322,5.002731250326419,,,,,,,,,
224,7474.7,12,604,816,54.83662754408623,74.0839206555867,42.67475899823172,-8.087007368393763,-2.6221952985263086,-1.1879072661109211,9,771,165,69.99841032531536,14.980204544328192,28.7538039765113,14.390239547060151,4.223670279505515,19.895246879087434,,,,,,,,,
225,7511.3,12,620,813,56.28925343929381,73.81155330023527,41.81870368714851,-7.922331226093888,-14.427648174040701,1.1168190960392717,10,781,171,70.90630150982011,15.524939255031034,27.721759297453143,13.637614895508504,4.624458331017727,6.609914501756885,,,,,,,,,
226,7542.0,12,635,810,57.65109021605092,73.53918594488385,43.62609418735778,-8.266084817063195,8.84491192665897,0.0845953319214784,9,792,177,71.90498181277532,16.069673965733877,28.931761429085554,14.69526189700117,-9.587470951315867,-0.1503917011961468,,,,,,,,,
227,7575.0,12,651,807,59.1037161112585,73.26681858953243,43.587504885909034,-8.256403057908061,20.822512101663197,-2.189873182828209,9,803,182,72.90366211573053,16.523619557986247,28.41463303889434,15.124694636992501,-10.986799643751977,-5.250080579339698,,,,,,,,,
228,7615.2,12,667,804,60.55634200646608,72.994451234181,41.91588454187698,-7.8093066249446625,16.298309477764676,1.058822889508871,9,813,187,73.81155330023527,16.97756515023862,29.070465992044106,14.79037173363442,21.337171978721766,15.579822517028841,,,,,,,,,
229,7640.9,12,683,801,62.008967901673664,72.72208387882958,,,,,9,823,193,74.71944448474001,17.52229986094146,28.302009460167817,14.607488753635018,-3.1476548104180577,-1.624596031183143,,,,,,,,,
230,7672.7,11,699,798,63.461593796881246,72.44971652347816,33.76699049639493,-6.023780674577442,-221.85658353491024,47.89350436666901,10,833,198,75.62733566924474,17.97624545319383,28.429175550803375,15.132405865301514,11.284496919269541,5.407935815962256,,,,,,,,,
231,7708.8,10,711,796,64.55106321828694,72.26813828657721,27.752972545258665,-11.899010466782922,-318.92463419183014,-88.44565711682178,9,844,203,76.62601597219997,18.4301910454462,30.440361319967685,15.47081028916006,7.934095711952942,-1.0405371425493952,,,,,,,,,
232,7740.9,,,,,,,,,,9,854,209,77.5339071567047,18.974925756149045,29.977229389719888,14.988160294867717,36.652053401459526,9.23802685583722,,,,,,,,,
233,7772.9,6,724,794,65.7313217581431,72.08656004967627,,,,,9,865,215,78.53258745965991,19.519660466851885,,,,,,,,,,,,,
234,7808.9,7,724,778,65.7313217581431,70.63393415446869,,,,,9,878,220,79.71284599951608,19.973606059104256,,,,,,,,,,,,,
235,7840.8,7,723,757,65.64053263969262,68.72736266700873,,,,,9,889,226,80.71152630247128,20.5183407698071,,,,,,,,,,,,,
241,8041.3,,,,,,,,,,7,852,298,77.35232891980375,27.05515729824122,,,,,,,,,,,,,
242,8072.9,,,,,,,,,,9,840,315,76.26285949839807,28.598572311899275,,,,,,,,,,,,,
243,8109.3,,,,,,,,,,9,823,335,74.71944448474001,30.41435468090875,,,,,,,,,,,,,
244,8145.4,,,,,,,,,,9,805,356,73.08524035263149,32.32092616836871,-57.3896210240472,56.5037601382047,-315.0689144556442,113.73689494594764,,,,,,,,,
245,8173.1,,,,,,,,,,9,781,378,70.90630150982011,34.31828677427913,-64.09140527982419,56.31357279470912,-212.23039359613162,-15.357402629861875,,,,,,,,,
246,8208.9,,,,,,,,,,9,756,399,68.63657354855826,36.22485826173908,-70.87269996016033,55.47891388999442,-196.78109624243808,-57.41918626048726,,,,,,,,,
247,8240.7,,,,,,,,,,9,729,421,66.18526735039546,38.22221886764951,-76.86028552748301,55.588648945272936,-93.54943818728579,-132.94174684378063,,,,,,,,,
248,8272.8,,,,,,,,,,9,699,439,63.461593796881246,39.85642299975804,-77.69028555385626,51.81656977385915,-60.56559986489603,-74.85328986462176,,,,,,,,,
249,8309.0,,,,,,,,,,9,667,457,60.55634200646608,41.49062713186657,-78.60273167669786,49.06103713852544,42.33490809983104,-70.81011946316846,,,,,,,,,
250,8340.9,,,,,,,,,,9,639,475,58.01424668985282,43.124831263975096,-77.5740078007998,45.36119342631128,79.30348462806855,-71.19908187801101,,,,,,,,,
251,8372.9,,,,,,,,,,9,610,492,55.381362254789074,44.66824627763315,-72.63924561351001,42.15405917513471,161.48547879289274,-118.20386495504674,,,,,,,,,
252,8408.7,,,,,,,,,,9,583,507,52.93005605662628,46.03008305439026,-68.88491373698744,39.89555954095079,152.6062742413994,-113.0510158943958,,,,,,,,,
253,8440.8,,,,,,,,,,9,558,521,50.66032809536443,47.301130712696896,-65.38463807846574,36.779653324717806,164.72794124448646,-100.60352275849579,,,,,,,,,
254,8479.2,,,,,,,,,,10,535,534,48.57217837100353,48.48138925255306,-58.84972541466915,33.80042726731122,97.95986831605778,-38.96700819308888,,,,,,,,,
255,8509.6,,,,,,,,,,10,515,545,46.756396001994055,49.48006955550827,-52.964977106500356,31.732309522282016,162.95243002990162,-48.75770598209175,,,,,,,,,
256,8540.9,,,,,,,,,,10,495,556,44.94061363298457,50.47874985846348,-46.06644534949781,29.725442356339546,221.24993545816815,-40.33975333297746,,,,,,,,,
257,8572.9,,,,,,,,,,10,479,567,43.48798773777699,51.477430161418695,-42.23996233249845,28.461780392538117,256.57082714116507,-74.98489948616734,,,,,,,,,
258,8608.7,,,,,,,,,,10,466,577,42.307729197920835,52.38532134592344,-36.28603278517731,27.053822331929883,173.65593165169238,-45.661813500292006,,,,,,,,,
259,8642.6,,,,,,,,,,10,456,587,41.399838013416094,53.29321253042817,-31.684314637820663,25.82417535519629,61.58449348336666,-36.38132830209096,,,,,,,,,
260,8676.3,,,,,,,,,,10,446,595,40.49194682891135,54.019525478031966,-28.44154356847478,23.537936775087182,10.323152820609147,-20.253855203406246,,,,,,,,,
261,8711.6,8,483,215,43.85114421157889,19.519660466851885,,,,,10,435,605,39.493266525956145,54.9274166625367,-28.14488274828774,22.548019743294237,-15.421722965791401,-41.914524471246644,,,,,,,,,
262,8740.8,8,487,211,44.214300685380785,19.15650399304999,,,,,10,425,613,38.5853753414514,55.653729610140495,-27.94197229690557,22.01531853306916,14.634291463988466,-41.192130397036834,,,,,,,,,
263,8777.1,9,490,209,44.486668040732205,18.974925756149045,,,,,10,415,620,37.67748415694666,56.28925343929381,-28.57268137134881,22.079675442183365,-12.925093353824023,-8.67990140182795,,,,,,,,,
264,8809.0,10,491,206,44.57745715918268,18.70255840079762,3.322016181005716,-5.593511620103008,-84.90750721507341,57.405064375242,11,404,627,36.678803853991454,56.92477726844713,-28.116508636663742,21.623000208574503,16.00435359462085,22.920283511909293,,,,,,,,,
265,8840.9,10,491,205,44.57745715918268,18.611769282347147,0.9249763941156554,-5.420417606672442,-54.005202939101736,0.4293225805025695,11,395,635,35.861701787937186,57.65109021605092,-27.550193923973165,22.11539401085389,-6.806551745059354,43.19164044268572,,,,,,,,,
266,8873.5,,,,,,,,,,11,384,643,34.86302148498197,58.37740316365471,-28.24204612905843,23.495603583037905,19.784745683500084,38.056003909183545,,,,,,,,,
267,8908.7,9,490,203,44.486668040732205,18.4301910454462,-1.3524456615295377,-7.187773512793232,-8.863041281119546,-89.38624577324019,11,374,652,33.95513030047724,59.19450522970897,-27.604418514753014,24.86703717193974,-5.731733295508951,42.15568365690126,,,,,,,,,
268,8941.8,10,489,199,44.39587892228173,18.067034571644303,-1.3448456760034049,-9.253491514327198,9.013685196404635,-76.40700162222251,10,364,662,33.047239115972495,60.102396414213715,-27.586257522878952,25.331479044731886,6.091713312833566,20.556328514262017,,,,,,,,,
269,8976.9,10,487,194,44.214300685380785,17.613088979391936,,,,,11,353,672,32.04855881301728,61.010287598718456,-26.40102245677445,23.314005723121618,15.824996527021854,-41.5685350487634,,,,,,,,,
270,9009.6,10,488,190,44.30508980383126,17.24993250559004,1.8860940066515355,-15.050847269128978,73.05609714199339,-66.47250063579403,10,343,682,31.140667628512542,61.91817878322319,-26.31223776950584,24.01506090526298,31.344830327167593,-59.04322115297187,,,,,,,,,
271,9045.0,10,488,184,44.30508980383126,16.705197794887194,4.467759480220337,-17.614498806351612,103.6337015521167,-85.62802341700916,10,333,692,30.232776444007804,62.82606996772793,-24.890887311003855,25.93427547869474,46.14414350645082,-8.874227080873464,,,,,,,,,
272,9079.8,10,490,178,44.486668040732205,16.160463084184354,6.561952787902083,-19.809989980020692,76.09406634682723,-110.6534548126761,11,324,696,29.41567437795354,63.189226441529826,-22.50699514413753,28.995596422667234,59.8606655261742,151.99789752778435,,,,,,,,,
273,9108.6,10,494,170,44.8498245145341,15.434150136580561,7.667295807704156,-21.707102021564577,43.73585843482724,-67.99729234270292,10,316,705,28.68936143034975,64.00632850758409,-20.507560427401106,33.760194626510334,85.92137860424108,255.91460946099926,,,,,,,,,
274,9141.1,10,498,161,45.212980988336,14.617048070526296,10.17956971808089,-23.144439872949274,15.238519839361551,-29.459199613118688,11,309,719,28.05383760119643,65.27737616589073,-16.910993921564014,42.07716757808406,119.9306408731498,344.83452051249185,,,,,,,,,
275,9177.1,10,501,151,45.48534834368742,13.709156886021557,11.035175397842657,-23.08539200449845,15.852955440233908,43.32761669391522,10,303,735,27.509102890493587,66.7300020610983,-11.717999947338278,52.10737950342856,161.90696441830943,323.0644474005007,,,,,,,,,
276,9209.7,10,505,142,45.848504817489314,12.892054819967292,9.968477614342778,-20.30053784644745,1.7870259694974011,95.82249857647399,10,298,757,27.05515729824122,68.72736266700873,-7.548271791049895,58.65500510471846,170.4443708784725,236.5643317498421,,,,,,,,,
277,9240.7,10,510,134,46.30245040974168,12.165741872363501,9.034937211907154,-16.411466679275897,-38.22310831674571,164.65946454631862,10,297,784,26.964368179790746,71.17866886517153,-3.3768431432740655,62.286542059734174,151.8394550764466,60.976212050761674,,,,,,,,,
278,9276.9,11,514,128,46.66560688354358,11.621007161660657,7.736613889619534,-11.87722027959026,-81.95639247877394,181.28504312388577,10,299,810,27.145946416691693,73.53918594488385,2.1631725403995077,63.25310542339851,116.27284495519523,-99.70320651933793,,,,,,,,,
279,9309.0,10,516,125,46.84718512044453,11.348639806309237,5.9579112851275715,-6.925407960159639,-82.56378990132487,173.5658173608454,10,299,834,27.145946416691693,75.71812478769522,8.977887855596672,58.292613970183446,162.4087942100811,-243.86324684621724,,,,,,,,,
280,9343.4,10,518,125,47.028763357345476,11.348639806309237,2.9614769890142947,-2.4332762261241583,-80.05265064903664,107.55456570006668,10,302,858,27.418313772043113,77.8970636305066,12.691440115437919,48.595557270181,161.0774535644912,-327.59714271392244,,,,,,,,,
281,9378.3,10,518,125,47.028763357345476,11.348639806309237,1.2955711714225326,1.01839963624826,-45.085870207557925,73.06643450606622,11,308,875,27.963048482745958,79.44047864416466,13.333678860321264,39.90024097004213,104.05272348507688,-360.9055598190538,,,,,,,,,
282,9409.6,10,518,127,47.028763357345476,11.530218043210184,-0.4537077374921235,2.7096746154286873,-44.903785101054304,17.986520125999345,11,318,885,28.870939667250695,80.34836982866939,13.088379434889308,30.232290928975946,-80.68927971122179,-313.9960581479653,,,,,,,,,
283,9440.7,10,517,128,46.937974238895,11.621007161660657,-1.8161271326055304,3.2097140827554953,-18.150928418173457,8.437013105269193,11,324,893,29.41567437795354,81.07468277627318,11.747588747551813,20.582037192020508,-180.47830388075218,-248.22033062955512,,,,,,,,,
284,9476.7,10,517,130,46.937974238895,11.802585398561606,-2.7101751058500003,3.225406986118757,-36.3317370540777,-28.20856154121938,11,328,899,29.778830851755437,81.61941748697602,8.412293795287603,12.518992994906359,-204.08087521340178,-195.62387056987626,,,,,,,,,
285,9510.1,10,515,131,46.756396001994055,11.893374517012079,-2.7364838537674014,2.254291479303659,-0.5245953223343054,-27.048871093661607,11,328,901,29.778830851755437,81.80099572387698,3.5441982096798874,7.158027705144222,-109.24467501931395,-145.19325973923316,,,,,,,,,
286,9540.7,10,514,132,46.66560688354358,11.984163635462552,-2.671114785541988,1.8522581539822176,1.0511753594442992,-35.58613168073474,11,327,902,29.68804173330496,81.89178484232745,0.961886558801557,4.167580846460041,-35.23573989425291,-80.06879628165416,,,,,,,,,
287,9576.9,10,512,132,46.48402864664263,11.984163635462552,-3.171732800203185,0.9051738525992463,27.119008623874322,-18.103477051984925,11,326,902,29.597252614854487,81.89178484232745,-0.9051738525992641,1.8121598632514573,18.103477051985276,-18.085373574934454,,,,,,,,,
288,9608.7,10,512,132,46.48402864664263,11.984163635462552,-2.743146287474062,0.9143820958246841,0.3894546791971779,-0.1298182263986394,11,326,901,29.597252614854487,81.80099572387698,-0.4765274727344598,1.3522367189149092,27.688373144783878,27.428736691985883,,,,,,,,,
289,9644.8,10,511,132,46.393239528192154,11.984163635462552,-3.213889537781407,0.0,-11.479124489884777,0.0,11,326,902,29.597252614854487,81.89178484232745,0.06966213185418395,1.4669468285759684,18.09406022187279,28.183416495215923,,,,,,,,,
290,9676.9,10,510,132,46.30245040974168,11.984163635462552,-2.269727961261836,-0.4539455922523672,-9.07891184504734,-9.078911845047342,11,326,903,29.597252614854487,81.98257396077793,0.9078911845047521,1.8157823690094688,18.15782369009504,18.15782369009468,,,,,,,,,
291,9708.7,10,509,133,46.21166129129121,12.074952753913028,-1.8162531554856252,-0.8356183272862542,18.148407960571557,-34.870190235820125,11,327,904,29.68804173330496,82.0733630792284,0.8936249276515179,1.8162531554856252,-0.2853251370643282,-18.148407960571557,,,,,,,,,
292,9741.2,10,507,132,46.03008305439026,11.984163635462552,-1.5027088230170906,-2.1656284053873507,46.98079907005678,-44.9300499043012,11,327,905,29.68804173330496,82.16415219767887,0.48395862602363976,1.018750196993451,-9.498697272299147,-37.482101797757636,,,,,,,,,
293,9776.9,10,507,131,46.03008305439026,11.893374517012079,-0.9065282118416486,-2.726855035400895,36.342906833451096,-36.37927701792321,11,328,906,29.778830851755437,82.25494131612935,0.45280970592857794,0.45190090594408533,-27.259453261618525,-45.435452951402354,,,,,,,,,
294,9812.0,11,508,130,46.120872172840734,11.802585398561606,0.05901623190179498,-3.6964343709984613,18.158840585167717,-20.518310126468897,11,328,905,29.778830851755437,82.16415219767887,-1.0273869985777544,-0.5432016152397735,-36.907548555661435,-27.533194570414224,,,,,,,,,
295,9843.1,10,508,127,46.120872172840734,11.530218043210184,0.9105165464293599,-3.6037648127765123,0.38378129199343924,16.703623851520693,11,327,904,29.68804173330496,82.0733630792284,-1.423226879055457,-0.9105165464293599,-27.933795467231835,-0.38378129199343924,,,,,,,,,
296,9876.8,10,508,126,46.120872172840734,11.43942892475971,0.9069914417169282,-3.1799065364449146,-0.03620706250847938,27.30917689692176,11,327,904,29.6880417