frame_no,timestamp,position_px_x-darkorange,position_px_y-darkorange,rx-green,ry-green,vx-green,vy-green,ax-green,ay-green,position_px_x-hotpink,position_px_y-hotpink,position_px_x-yellowneon,position_px_y-yellowneon
15,512.5,374.0,870.0,9.626551807540643,21.84749346392203,0.3415376836173478,0.0,6.82392974260435,0.0,1014.0,859.0,103.0,343.0
18,612.5,374.0,869.0,9.694825224615402,21.84749346392203,0.3439082795577066,0.0,-6.776517823797175,0.0,1014.0,858.0,103.0,343.0
20,679.1,374.0,869.0,9.626551807540643,21.84749346392203,0.3506363490142271,0.0,6.848366191684124,0.0,1014.0,859.0,103.0,343.0
28,953.0,374.0,870.0,9.626551807540643,21.84749346392203,0.0,-0.3988827380361453,0.0,-7.359460111367995,1014.0,859.0,103.0,343.0
29,979.0,374.0,869.0,9.626551807540643,21.779220046847275,0.0,-0.3279801408493206,0.0,6.693472262231033,1015.0,859.0,103.0,343.0
30,1013.5,374.0,869.0,9.626551807540643,21.779220046847275,0.0,0.0114806756588385,0.0,13.506677245693002,1013.0,859.0,103.0,343.0
37,1244.7,374.0,870.0,9.558278390465889,21.779220046847275,0.0,0.0,0.0,0.0,1014.0,859.0,103.0,343.0
38,1276.4,374.0,870.0,9.558278390465889,21.779220046847275,0.0,0.0,0.0,0.0,1014.0,859.0,104.0,343.0
39,1312.6,374.0,870.0,9.558278390465889,21.84749346392203,0.340155689983415,0.007624241266957,6.892719148600113,-13.86225684900836,1013.0,859.0,103.0,343.0
40,1344.6,374.0,870.0,9.558278390465889,21.779220046847275,1.0220550997654496,0.6813700665103056,20.461563558867887,13.64104237257871,1014.0,859.0,104.0,343.0
41,1376.5,374.0,869.0,9.558278390465889,21.779220046847275,2.557135752967154,1.59820984560446,51.09162343590723,31.932264647441787,1014.0,858.0,104.0,343.0
42,1412.4,374.0,869.0,9.626551807540643,21.779220046847275,5.806825399935267,3.073154360775772,102.6597800488316,75.29572617784221,1014.0,859.0,104.0,343.0
43,1444.7,374.0,869.0,9.763098641690156,21.915766880996788,9.02317818552071,5.01645357533781,139.40103555712113,72.97401274884983,1014.0,859.0,104.0,343.0
44,1481.0,374.0,870.0,10.10446572706394,22.12058713222105,13.68591903770294,7.528057761649634,161.89944421453845,81.55764762136539,1014.0,859.0,103.0,344.0
45,1512.3,374.0,870.0,10.718926480736746,22.46195421759484,16.307113532929023,9.5156531547244,107.5561985896823,53.68322865596432,1014.0,859.0,104.0,343.0
46,1546.4,374.0,870.0,11.40166065148431,22.80332130296862,20.3241696759186,11.023708058453378,82.8406850013428,45.16275191418982,1014.0,859.0,104.0,342.0
47,1576.6,374.0,869.0,12.15266823930663,23.21296180541716,22.88995868363156,12.803208295676392,30.653686453424488,28.80115016162133,1014.0,858.0,104.0,343.0
48,1612.9,374.0,869.0,12.903675827128948,23.69087572494045,24.267484060406296,13.672052797552867,50.7016647796469,28.948971002653227,1014.0,859.0,104.0,343.0
49,1644.4,374.0,869.0,13.79123024910078,24.10051622738899,25.73285671885205,14.733579966067976,27.540683221788704,30.548919669781537,1014.0,859.0,104.0,343.0
50,1677.2,374.0,870.0,14.610511253997858,24.64670356398704,27.672348462370035,15.366024125374894,64.4236451318333,22.14946275484982,1014.0,859.0,104.0,343.0
51,1712.3,374.0,870.0,15.566339093044446,25.19289090058509,30.07405224471527,16.74733700974803,66.13069305353169,32.92797491676654,1014.0,859.0,103.0,344.0
52,1745.1,374.0,869.0,16.522166932091036,25.739078237183143,31.812382165833885,18.46430545363073,93.20460867457368,43.54691920931996,1014.0,858.0,103.0,343.0
53,1776.7,374.0,869.0,17.682815022361893,26.285265573781192,34.88656305845956,19.491496939310736,80.58569348303129,60.77461390717704,1014.0,858.0,103.0,343.0
54,1812.5,374.0,869.0,18.911736529707508,27.03627316160351,37.52111785770718,20.807400740312712,82.51333115788381,48.111221302089454,1014.0,858.0,104.0,343.0
55,1844.4,374.0,870.0,20.14065803705312,27.787280749425832,40.7597253513545,22.94941224670201,87.0037132895876,46.78755799251847,1014.0,859.0,103.0,343.0
56,1876.7,374.0,870.0,21.574399795623005,28.53828833724815,43.40599715818075,24.94958068035169,89.80298851139274,48.38706091364219,1014.0,859.0,104.0,344.0
57,1912.5,374.0,869.0,23.07641497126765,29.35756934214523,46.42592361083432,26.2852655737812,95.58278390465873,61.44607536728018,1014.0,859.0,104.0,343.0
58,1944.3,374.0,869.0,24.64670356398704,30.313397181191817,50.14076288126171,27.970053078880625,100.80484586771384,53.72577198102737,1014.0,859.0,104.0,343.0
59,1976.5,374.0,869.0,26.35353899085595,31.269225020238405,53.32781366565239,30.082707599682205,109.03100963433168,54.48121402284112,1014.0,858.0,103.0,343.0
60,2012.5,374.0,870.0,28.19692125187437,32.29332627635975,56.70077953067931,31.76542830895349,109.91433449224104,48.15717933616567,1014.0,859.0,104.0,343.0
61,2044.5,374.0,869.0,30.176850347042304,33.385700949555854,59.38515878160013,33.065573571411456,83.71403437856218,47.98122387787132,1014.0,859.0,103.0,343.0
62,2076.4,374.0,869.0,32.22505285928499,34.54634903982671,63.21612692107061,35.53771459346675,88.93321970337,54.728135202074434,1014.0,859.0,104.0,343.0
63,2112.4,374.0,869.0,34.409802205677195,35.70699713009757,65.99665743214513,37.07446719412454,76.18932719876628,58.12988543202333,1014.0,858.0,103.0,344.0
64,2146.4,374.0,869.0,36.66282496914416,37.00419205451794,69.07905188115629,39.00026998669059,106.54883312990052,68.49956935626282,1014.0,859.0,104.0,343.0
65,2176.3,374.0,869.0,38.98412114968587,38.36966039601307,71.17138270621238,39.99529389566112,70.3311603795479,34.51269166868372,1014.0,858.0,104.0,343.0
66,2213.1,374.0,869.0,41.441964164377104,39.73512873750819,74.65808891982232,42.26753325951762,95.83513134497196,45.009460454632006,1014.0,858.0,103.0,343.0
67,2244.7,374.0,869.0,43.96808059614309,41.16887049607808,78.17466501223721,44.42727357937177,78.50941979137977,41.91759427916327,1015.0,859.0,103.0,344.0
68,2277.7,374.0,870.0,46.56247044498382,42.60261225464796,80.93564735348953,45.77400983195611,122.2578859178324,79.46592640419604,1014.0,858.0,103.0,343.0
69,2312.8,374.0,869.0,49.361680545048834,44.17290084736735,83.97993547269853,47.64687733110056,91.16279348704737,62.901152816840856,1014.0,858.0,103.0,343.0
70,2344.5,374.0,869.0,52.160890645113845,45.81146285716151,86.98061359428493,49.45876217376178,97.96249568051846,58.91384047815133,1014.0,858.0,103.0,343.0
71,2376.6,374.0,870.0,55.164920996403126,47.518298284030415,90.48226902726076,51.75250533653511,70.79816410787535,41.43388157515681,1014.0,859.0,103.0,343.0
72,2412.3,374.0,870.0,58.168951347692406,49.22513371089932,93.01081434481252,47.224481366589565,90.36240997253115,-71.39152396279047,1014.0,859.0,103.0,343.0
73,2444.8,374.0,870.0,61.37780195020596,51.06851597191775,94.38117657010824,41.26745605348339,49.60605817438244,-222.2499545415286,1014.0,859.0,103.0,344.0
168,5612.5,373.0,869.0,8.738997385568812,21.09648587609971,14.652566505949656,9.204315123001065,115.54044572462662,33.884784895557566,1012.0,859.0,102.0,342.0
169,5644.5,372.0,870.0,9.216911305092106,21.369579544398736,16.74697797924869,9.534225031219949,116.46462494575358,54.137666474886586,1012.0,858.0,102.0,343.0
170,5685.0,373.0,869.0,9.967918892914426,21.779220046847275,23.55101179073694,13.013547175323742,167.43337907787347,89.15017538949165,1012.0,859.0,102.0,343.0
171,5712.7,372.0,870.0,10.787199897811504,22.18886054929581,26.894307590656098,14.978626472366107,128.80568371063225,81.37093066063117,1012.0,858.0,102.0,343.0
172,5753.8,372.0,870.0,11.74302773685809,22.735047885893863,33.45697719743684,18.79413969466201,189.29931317296783,115.30267503365954,1012.0,859.0,101.0,342.0
173,5776.8,373.0,870.0,12.835402410054192,23.349508639566668,36.94337101325834,20.723297730829444,124.33915300320224,78.81824629908543,1012.0,859.0,102.0,342.0
174,5813.0,372.0,869.0,14.132597334474564,24.10051622738899,40.72211582359194,23.26978047062398,146.9232940149075,83.95616800851853,1012.0,859.0,102.0,342.0
175,5844.7,372.0,870.0,15.566339093044446,24.919797232286065,47.09277652545142,26.58456755972328,110.71827380205184,56.10387865305766,1012.0,859.0,101.0,344.0
176,5876.5,372.0,869.0,17.13662768576384,25.807351654257896,49.58179089897635,28.18853853138105,129.18983166516358,70.93583194668437,1012.0,859.0,101.0,342.0
177,5912.5,372.0,869.0,18.911736529707508,26.831452910379245,53.28384372478521,29.992681383341388,105.57374922515804,51.17751867926852,1012.0,858.0,101.0,343.0
178,5944.6,372.0,869.0,20.823392207800683,27.85555416650059,58.93645558461229,33.04470570801172,126.39241807303895,73.22821640777133,1011.0,859.0,101.0,342.0
179,5977.5,372.0,869.0,22.80332130296862,29.016202256771447,62.49270290148654,34.94607577302775,126.47179214691944,62.87678669978494,1011.0,859.0,101.0,343.0
180,6017.0,372.0,869.0,25.056344066435575,30.24512376411706,67.99917197094321,37.98451809232494,176.05932725633457,101.77629393285676,1012.0,859.0,101.0,344.0
181,6045.0,372.0,870.0,27.377640246977293,31.54231868853743,71.43658794004382,40.33385509064821,122.61420255308828,71.97396252921105,1011.0,858.0,101.0,343.0
182,6079.5,372.0,870.0,29.83548326166852,32.90778703003256,76.08102441582867,42.35450635473176,139.96588460488718,82.38655803950937,1011.0,858.0,101.0,343.0
183,6112.6,372.0,870.0,32.361599693434506,34.34152878860244,80.53132558816297,45.3141540741018,86.11961871060542,51.56337095787188,1011.0,859.0,101.0,343.0
184,6144.5,372.0,870.0,35.09253637642476,35.91181738132184,82.94478077968589,46.76490403044817,108.70625653519392,57.29335284365244,1012.0,858.0,101.0,342.0
185,6176.7,372.0,870.0,37.89174647648977,37.41383255696648,88.18219318842198,49.784942901902944,109.02935762954316,70.50308284878679,1011.0,858.0,101.0,343.0
186,6212.4,372.0,870.0,40.827503410704296,39.12066798383538,91.11979695554624,51.53182205269232,126.07419626701648,73.03919374334197,1011.0,858.0,101.0,342.0
187,6244.9,372.0,869.0,43.96808059614309,40.89577682777905,95.1322868535154,53.53374690102463,134.0727489195783,77.54415453834912,1011.0,858.0,101.0,343.0
188,6276.6,372.0,870.0,47.24520461573139,42.73915908879747,100.5195904171934,56.75551666562316,137.9655818853993,69.04794345191722,1011.0,858.0,101.0,343.0
189,6312.6,372.0,869.0,50.59060205239445,44.65081476689065,104.13252436484171,59.21218606985863,133.66088176283176,80.26148524201233,1011.0,858.0,101.0,343.0
190,6344.8,372.0,870.0,54.14081974028178,46.63074386205858,108.9434541671371,61.47274403781369,142.42709719897272,81.3947270790488,1012.0,858.0,101.0,343.0
191,6376.4,372.0,869.0,57.96413109646814,48.74721979137603,110.53199089860064,58.35385358513263,62.68372635923564,-37.017143461746855,1011.0,858.0,101.0,342.0
192,6413.0,372.0,869.0,61.71916903557973,51.00024255484299,113.39063184562048,52.4469421512062,50.76357004551031,-215.027300354611,1011.0,858.0,101.0,343.0
237,7912.3,371.0,869.0,1.7751088439436649,67.38586265278451,6.173716801723967,-26.039584858541737,123.59793396844712,-493.9489425799761,1010.0,858.0,100.0,343.0
274,9144.3,370.0,869.0,8.465903717269788,20.9599390419502,18.133826606963613,13.796528812899007,128.60691687295193,11.951212456871035,1010.0,857.0,99.0,342.0
275,9176.5,370.0,869.0,9.216911305092106,21.43785296147349,23.899460755795925,15.708015490723431,163.78090538679118,54.5161423892153,1011.0,857.0,99.0,343.0
276,9212.8,370.0,870.0,10.10446572706394,21.984040298071545,29.12844619052781,15.888243376651545,132.59858423351102,72.32650049100559,1010.0,858.0,99.0,343.0
277,9253.0,370.0,870.0,11.19684040026004,22.530227634669597,35.16761637403609,19.976280606283076,184.80227847336565,101.75167242599954,1010.0,858.0,99.0,342.0
278,9276.5,370.0,870.0,12.425761907605654,23.28123522249191,38.41717254568388,21.54679407442008,126.57333041096808,62.25942928471768,1010.0,858.0,99.0,343.0
279,9317.0,370.0,869.0,13.859503666175538,24.032242810314237,45.27828016395525,25.10544289733837,177.37903521806902,104.58711794827973,1009.0,858.0,99.0,343.0
280,9349.1,370.0,870.0,15.429792258894931,24.919797232286065,50.86365792370552,28.811059297363983,141.8583156924904,82.11468951116761,1009.0,858.0,99.0,343.0
281,9381.1,370.0,869.0,17.13662768576384,25.875625071332653,54.302750495747794,30.105638480224236,177.16620974321646,101.38960333103992,1009.0,858.0,99.0,343.0
282,9412.3,371.0,870.0,18.980009946782264,26.899726327454,58.69306956731033,32.98733165178206,104.14854932243873,60.825028000172495,1009.0,858.0,98.0,343.0
283,9445.0,370.0,870.0,20.9599390419502,28.06037441772486,62.43307270930382,35.19646201499031,99.42249318338746,51.05325037676462,1009.0,859.0,99.0,343.0
284,9476.8,370.0,870.0,23.1446883883424,29.22102250799572,67.24810094516911,37.62409147129983,93.37402953413896,55.73585102790848,1009.0,858.0,99.0,343.0
285,9512.7,370.0,870.0,25.39771115180936,30.518217432416087,69.98757441718969,38.91644924230122,120.84158712933794,57.28488416156208,1009.0,858.0,99.0,343.0
286,9546.2,370.0,869.0,27.787280749425832,31.88368577391121,73.71393252671302,41.49087282593629,123.5194004412986,73.34222019528943,1009.0,858.0,99.0,343.0
287,9576.5,370.0,870.0,30.313397181191817,33.24915411540634,77.03074239541662,43.625474402622125,102.8675241318082,64.65297407384216,1010.0,858.0,98.0,344.0
288,9612.4,370.0,870.0,32.976060447107315,34.68289587397622,80.96511026502817,45.43258363470071,99.36976388046344,73.42994818346409,1010.0,858.0,99.0,342.0
289,9644.6,370.0,870.0,35.63872371302281,36.32145788377038,84.91434626939737,47.78895233704591,104.1312853856197,54.66752596547566,1009.0,858.0,99.0,343.0
290,9677.0,370.0,870.0,38.57448064723734,37.96001989356453,87.53912316250222,49.72951129832065,106.2544811833278,56.82039698483476,1010.0,858.0,99.0,342.0
291,9712.5,370.0,870.0,41.57851099852661,39.59858190335868,90.02019209591253,51.72054173398367,81.5509520213217,52.20358027373754,1009.0,858.0,99.0,343.0
292,9744.6,370.0,870.0,44.65081476689065,41.37369074730235,93.94044567271789,53.137221318208326,76.39070268079035,52.29785365777252,1010.0,858.0,99.0,342.0
293,9777.0,370.0,870.0,47.8596653694042,43.21707300832077,99.96457509716625,56.48631484497727,142.2545575099523,78.31567394829753,1010.0,858.0,99.0,342.0
294,9815.4,370.0,870.0,51.27333622314202,45.1970021034887,103.9200800246463,59.65915691994834,188.6120786634948,102.09409097922035,1010.0,858.0,99.0,343.0
295,9848.5,370.0,870.0,54.82355391102934,47.17693119865663,104.62083765943774,56.363836509289634,129.19913344471323,9.81215964504403,1009.0,858.0,99.0,342.0
305,10178.0,369.0,870.0,64.45010571856999,52.775351398786654,0.6821623993332009,0.3349483671682709,0.1225341158521424,-6.752991273553801,1009.0,858.0,98.0,343.0
306,10209.2,369.0,870.0,64.45010571856999,52.775351398786654,1.0193458896904255,0.6786608523714154,-6.7528174521670845,-13.532619189858828,1009.0,859.0,98.0,343.0
307,10244.6,370.0,870.0,64.45010571856999,52.775351398786654,1.0249557845165362,0.6830760504816017,6.844432275380836,0.0068375946807246,1009.0,858.0,98.0,342.0
308,10277.2,369.0,869.0,64.51837913564475,52.775351398786654,1.031494034425574,0.3436003142306446,6.920442398106948,6.927425690133912,1010.0,858.0,99.0,342.0
309,10309.5,369.0,870.0,64.51837913564475,52.775351398786654,2.9501014804517065,1.3023702555545449,45.25243042846409,25.9694966212274,1009.0,858.0,98.0,342.0
310,10344.5,370.0,870.0,64.5866525527195,52.84362481586141,8.125024421822243,3.386219407554887,135.2990839869962,54.11014653091077,1009.0,858.0,98.0,343.0
311,10376.5,369.0,869.0,64.65492596979426,52.84362481586141,14.934897723882042,7.128300076027973,273.1078292928612,129.72312338937016,1009.0,858.0,98.0,343.0
312,10412.8,369.0,869.0,65.0645664722428,53.04844506708568,25.73520371085554,13.051625413715096,395.89185283202,201.50882202660677,1009.0,858.0,98.0,343.0
313,10445.1,369.0,870.0,66.08866772836414,53.45808556953422,34.368573408899586,21.34653152072122,386.4414525354144,302.95371257776264,1009.0,858.0,98.0,342.0
314,10476.7,369.0,869.0,67.52240948693402,54.20909315735653,43.71836221567443,31.785639203246223,301.4124200443082,362.439334239733,1008.0,857.0,98.0,342.0
315,10508.9,369.0,869.0,69.36579174795244,55.23319441347788,49.89509888525402,33.31358003392554,106.9155389348559,220.17597756153816,1007.0,857.0,98.0,343.0
339,11312.3,371.0,869.0,23.28123522249191,62.12880953802827,4.120976337577112,-20.877533333990986,-177.45661342952988,430.317460317018,1009.0,858.0,97.0,343.0
340,11349.0,370.0,867.0,23.1446883883424,62.12880953802827,12.026743364575635,-19.30682535937471,-355.7078207244138,403.4864233934079,1009.0,857.0,98.0,342.0
341,11376.5,370.0,867.0,22.939868137118133,62.12880953802827,43.81952350964483,-5.074589948009697,43.45478188086896,704.1345225219303,1009.0,857.0,97.0,342.0
344,11477.4,370.0,868.0,27.582460498201563,65.20111330639232,20.74291957956311,15.449344984501822,-500.8701224176738,-297.3171799548026,1008.0,858.0,98.0,343.0
395,13177.0,368.0,869.0,8.056263214821248,20.823392207800683,10.26956610026258,5.478375099357698,96.20424673185984,54.94658649793065,1007.0,858.0,97.0,343.0
396,13212.4,368.0,869.0,8.397630300195031,21.028212459024957,13.278736215342144,7.489728851343248,115.26704745073523,67.8234229328679,1007.0,858.0,97.0,343.0
397,13246.7,368.0,870.0,8.943817636793082,21.30130612732398,17.589394864159377,9.665522067288714,121.97181859104276,71.49091831068795,1007.0,858.0,97.0,343.0
398,13276.7,368.0,870.0,9.558278390465889,21.64267321269776,21.21163901710727,11.974024603491063,123.29571147966692,75.35731529009978,1008.0,858.0,97.0,344.0
399,13312.7,368.0,870.0,10.309285978288209,22.12058713222105,25.64190845072505,14.014736420017588,131.25682563765525,62.28639897489421,1007.0,859.0,97.0,343.0
400,13345.1,368.0,870.0,11.265113817334797,22.59850105174435,29.51887498258761,16.815017438528585,120.49728950709302,73.82402825922867,1007.0,858.0,97.0,343.0
401,13376.5,368.0,870.0,12.28921507345614,23.21296180541716,33.72334789094403,19.07736108644008,127.43993729461856,66.9941172339296,1007.0,858.0,97.0,343.0
402,13412.4,368.0,870.0,13.518136580801755,23.827422559089964,38.14707898205066,21.11158461466257,119.59915292454602,80.07765708619019,1008.0,858.0,97.0,343.0
403,13445.0,368.0,870.0,14.815331505222126,24.64670356398704,42.05775491037442,23.935029303805496,130.53133767582705,68.71875182639586,1007.0,858.0,97.0,343.0
404,13476.9,368.0,870.0,16.317346680866766,25.46598456888412,46.41717158975507,25.93888741012169,125.42507662592088,69.68967407446951,1007.0,858.0,97.0,343.0
405,13512.9,368.0,870.0,17.95590869066092,26.35353899085595,50.364647706494495,28.58512070427407,123.53654308428658,68.64942927423772,1007.0,858.0,97.0,344.0
406,13544.8,368.0,870.0,19.662744117529822,27.377640246977293,55.13863823798674,30.82241463628168,131.6106127773274,69.30500233144436,1007.0,858.0,97.0,343.0
407,13576.7,368.0,870.0,21.574399795623005,28.40174150309864,59.13874778856353,33.158601109108545,129.5163301638252,74.99396718779079,1007.0,858.0,97.0,343.0
408,13613.1,368.0,869.0,23.62260230786569,29.562389593369492,63.33359964282084,35.60188583107614,135.32477301004948,71.40576287749903,1007.0,858.0,97.0,344.0
409,13644.4,368.0,870.0,25.807351654257896,30.791311100715117,66.19532342651803,36.955949556982645,90.41117815703458,53.85834948985954,1007.0,858.0,97.0,343.0
410,13676.6,368.0,869.0,28.12864783479961,32.08850602513548,70.99357200894036,40.27456928828413,107.81748806193802,67.46785822113007,1007.0,858.0,97.0,343.0
411,13712.5,367.0,869.0,30.586490849490843,33.45397436663061,74.9547941078337,42.43705243206321,98.50207739262471,66.12274016047066,1006.0,859.0,97.0,344.0
412,13747.5,367.0,869.0,33.11260728125683,34.88771612520049,77.9819737525076,44.08988392650912,138.23383301638057,84.53029007418426,1006.0,858.0,96.0,343.0
413,13776.7,367.0,869.0,35.775270547172326,36.45800471791989,82.37573908197086,46.82679394527717,119.59843747313596,63.44572133917018,1006.0,858.0,96.0,343.0
414,13812.5,367.0,869.0,38.57448064723734,38.028293310639285,85.97541923555629,48.78805279626469,121.9104251618275,60.89726712355905,1006.0,858.0,96.0,343.0
415,13846.5,366.0,869.0,41.510237581451854,39.66685532043344,91.85721350510806,51.64269402597968,142.07404077352808,68.05173213734221,1006.0,858.0,96.0,343.0
416,13876.4,366.0,870.0,44.58254134981589,41.441964164377104,94.64734240658058,53.11561677554371,126.57214075374142,62.70920003027,1006.0,859.0,96.0,344.0
417,13912.6,366.0,869.0,47.79139195232944,43.21707300832077,99.2385832605096,55.58724766825793,143.08785705502046,74.95078226691486,1006.0,858.0,96.0,344.0
418,13944.6,366.0,869.0,51.20506280606726,45.06045526933919,104.258036197713,58.96398299373942,110.74599373421722,81.21002051830952,1006.0,858.0,96.0,343.0
419,13977.1,367.0,869.0,54.75528049395459,47.10865778158188,106.91549293808065,60.27302794056362,117.08526801487788,79.44395121143532,1007.0,858.0,96.0,343.0
429,14312.8,365.0,869.0,64.85974622101853,53.04844506708568,0.6724857763008104,-0.2981700433872934,-0.1499668922216146,-33.03183808701418,1006.0,859.0,95.0,344.0
431,14376.6,366.0,869.0,64.85974622101853,52.775351398786654,0.6428328747125667,-0.3451759634435768,14.494540579764632,61.6385649006447,1006.0,858.0,95.0,343.0
432,14415.5,366.0,869.0,64.92801963809329,52.84362481586141,1.0477834683438916,0.1193731536543242,7.458587964141351,41.16315643251789,1005.0,858.0,95.0,343.0
433,14444.7,366.0,870.0,64.92801963809329,53.04844506708568,1.3614337926646929,0.3465403138071135,13.57213341431255,-6.9100760479983245,1006.0,859.0,95.0,344.0
435,14512.4,365.0,869.0,65.0645664722428,53.04844506708568,2.056299347450772,-0.265367892203487,13.35701325581498,-49.104148091089854,1006.0,858.0,95.0,344.0
436,14545.0,366.0,870.0,65.13283988931755,53.04844506708568,7.906073932053532,-2.4111934109077118,116.92916547679184,-48.07962933016408,1007.0,858.0,95.0,343.0
437,14576.6,366.0,869.0,65.0645664722428,53.04844506708568,15.72935279635229,-0.6150658654253379,300.6453681862783,-12.289028280226486,1007.0,858.0,95.0,343.0
438,14612.6,365.0,869.0,65.33766014054183,52.775351398786654,31.88927124409885,4.061796408887029,582.1114876752802,135.47469302303566,1006.0,857.0,95.0,343.0
439,14644.5,365.0,869.0,66.49830823081268,52.570531147562384,48.58406996760057,11.148138600941287,700.7189960417415,320.6290165030083,1006.0,858.0,95.0,343.0
514,17144.4,365.0,870.0,6.554248039176609,19.321377032156047,15.710812067089387,16.395941109484607,-0.4717949774958815,-14.160686933444948,1004.0,859.0,95.0,343.0
515,17176.5,365.0,869.0,6.895615124550391,19.867564368754092,16.402022120061346,16.06031332589341,82.09220280310868,6.841016900259071,1005.0,858.0,95.0,343.0
516,17212.6,364.0,869.0,7.305255626998929,20.55029853950166,18.756433262295342,16.02822478777993,156.71527201263424,-20.441122436437663,1005.0,858.0,94.0,343.0
517,17244.5,364.0,869.0,8.124536631896005,20.89166562487544,22.71995351535434,16.645352568558547,140.51458115661774,19.143932868988298,1005.0,858.0,94.0,343.0
518,17276.4,364.0,869.0,8.943817636793082,21.50612637854825,26.840277367909938,17.521262787859893,126.88187623289603,22.407220576546948,1004.0,858.0,94.0,343.0
519,17312.7,364.0,870.0,9.967918892914426,22.052313715146298,32.69365347218069,18.050258699093643,121.75066624680711,60.84140038476274,1005.0,859.0,94.0,344.0
520,17345.3,364.0,870.0,11.128566983185284,22.666774468819103,36.85264877699231,21.150614749181724,139.89603911397893,70.24618976242466,1004.0,858.0,94.0,343.0
521,17378.8,364.0,869.0,12.357488490530898,23.417782056641425,41.667131993985485,23.41942037382442,162.70512818264828,92.79116977432524,1003.0,858.0,94.0,343.0
522,17413.0,365.0,869.0,13.859503666175538,24.168789644463747,45.665576850136986,25.560319602120977,136.9118138719646,88.91056178926297,1005.0,859.0,94.0,344.0
523,17445.0,364.0,869.0,15.49806567596969,25.12461748351033,50.33195742221218,28.41872425880007,130.50132588541473,75.55339919681886,1004.0,859.0,94.0,344.0
524,17476.5,364.0,870.0,17.204901102838598,26.14871873963168,55.09169396074638,30.653236785359496,112.10678515943545,55.29104949967715,1003.0,859.0,94.0,344.0
525,17513.1,364.0,870.0,19.116556780931777,27.172819995753024,58.72754534204776,33.11881812021886,124.06657757480774,62.10838962128634,1004.0,859.0,94.0,343.0
526,17544.7,364.0,869.0,21.164759293174463,28.33346808602388,62.159372893872,34.80404400963062,106.75876381688724,52.53726782084433,1004.0,859.0,94.0,344.0
527,17576.6,364.0,869.0,23.28123522249191,29.494116176294742,66.80164421482588,37.1495571041557,121.85825488211628,74.5055602664826,1004.0,858.0,94.0,343.0
528,17613.0,364.0,869.0,25.60253140303363,30.791311100715117,69.51070843919969,38.94799180619528,91.81256350931172,54.59178427213372,1004.0,859.0,94.0,343.0
529,17646.7,364.0,869.0,28.06037441772486,32.15677944221024,74.43195661298152,41.86905692247762,133.8801326362402,85.99239713693973,1004.0,859.0,94.0,343.0
530,17676.8,364.0,870.0,30.586490849490843,33.590521200780124,78.01702849360825,43.94845709901948,102.00171076224096,61.201026457344426,1003.0,859.0,94.0,343.0
531,17716.0,364.0,869.0,33.24915411540634,35.09253637642476,82.4037115224774,46.35208773139354,158.53701092326514,89.17706864433711,1004.0,859.0,94.0,343.0
532,17744.5,365.0,869.0,35.9800907983966,36.66282496914416,86.36719253725158,48.86763725150663,110.1942216433133,57.12785499044398,1004.0,859.0,94.0,343.0
533,17777.0,364.0,869.0,38.91584773261112,38.30138697893831,89.36127056706533,50.478771235049024,124.4302667518707,69.1445650801702,1004.0,858.0,94.0,344.0
534,17813.0,364.0,869.0,41.98815150097515,40.00822240580722,95.02009525651636,54.08293868427936,101.59461245898196,70.22192007495829,1004.0,859.0,94.0,344.0
535,17844.8,364.0,869.0,45.1970021034887,41.85160466682564,96.8276715996354,54.9855320085516,98.38960811508932,64.86406439230805,1003.0,859.0,94.0,344.0
536,17877.0,364.0,870.0,48.474126123077006,43.69498692784406,102.7023906272314,58.19916496375735,142.39213445145052,85.26330949399635,1004.0,859.0,94.0,344.0
545,18176.6,363.0,869.0,62.81154370877584,51.751250142665306,8.534177134344567,10.241012561213443,197.99290951679396,40.96405024485463,1003.0,858.0,93.0,343.0
546,18212.4,363.0,869.0,63.35773104537389,52.36571089633812,13.074039385258274,9.487026451932946,79.04683257558646,-26.159068208210886,1003.0,859.0,93.0,344.0
547,18244.9,363.0,869.0,64.04046521612145,52.7070779817119,15.31220928965184,7.1411732898328495,-33.62835792047622,-60.93702040882495,1002.0,858.0,93.0,343.0
551,18376.7,363.0,870.0,65.47420697469133,52.91189823293617,7.511816383912189,0.3446147780672827,-13.442738054639634,20.51282510881482,1003.0,858.0,93.0,343.0
552,18413.0,363.0,869.0,65.47420697469133,53.11671848416044,11.98314149919444,1.033317209760475,157.43141062653592,34.13010605678972,1003.0,857.0,93.0,342.0
553,18445.3,363.0,869.0,65.54248039176609,53.04844506708568,18.55522387319697,5.160613860352865,343.16329376074424,116.60649277933332,1003.0,858.0,93.0,342.0
554,18476.5,364.0,870.0,66.15694114543889,53.04844506708568,28.21223821906235,9.852193174753516,428.2808509835036,170.01980809131152,1003.0,858.0,93.0,343.0
555,18512.8,363.0,870.0,67.45413606985927,53.38981215245946,39.33588659116752,12.655893946723465,390.7197936214256,198.7872634214281,1003.0,858.0,93.0,343.0
556,18544.9,363.0,869.0,69.09269807965342,54.14081974028178,47.0173119498764,17.01974281794892,228.36457926493443,121.5286268511044,1003.0,858.0,93.0,342.0
618,20612.8,360.0,869.0,5.0522328635319695,19.25310361508129,10.915646520610071,8.529807792946935,-14.063112734744491,-20.78155042554382,1001.0,857.0,90.0,342.0
620,20676.8,360.0,870.0,5.666693617204777,19.79929095167934,12.635725595208692,8.199659290171729,74.99789005465665,13.51769859093241,1001.0,858.0,89.0,342.0
621,20713.1,360.0,870.0,6.076334119653315,20.00411120290361,14.658355038899224,8.860566255946644,88.69339226194654,27.376933536206053,1000.0,858.0,89.0,343.0
622,20745.0,360.0,870.0,6.6225214562513655,20.34547828827739,17.469694394725412,9.594716931630735,74.89938368196687,27.07256666024685,1000.0,858.0,90.0,343.0
623,20776.8,360.0,870.0,7.305255626998929,20.68684537365117,19.45792386630556,10.582379646587246,61.44607536728071,34.1367085373779,1000.0,858.0,90.0,342.0
624,20813.2,360.0,869.0,7.987989797746493,21.028212459024957,21.93591814904604,12.343075119676053,56.712464084639926,42.20366314170265,1000.0,857.0,89.0,342.0
625,20844.8,361.0,870.0,8.738997385568812,21.43785296147349,24.30090751423094,13.69165720138699,61.99867482515901,55.03044475771476,1000.0,858.0,90.0,342.0
626,20876.8,360.0,870.0,9.558278390465889,21.915766880996788,26.661548587004877,15.040689893028995,82.62641904670552,55.02949639145707,1000.0,858.0,89.0,342.0
627,20912.5,361.0,870.0,10.44583281243772,22.46195421759484,29.74804870941069,16.758627175534322,100.63155525805308,46.72991300851495,1000.0,858.0,89.0,342.0
628,20944.5,361.0,870.0,11.469934068559066,23.07641497126765,32.76070740331529,18.77285715065297,107.70643829588973,46.89934359265519,1000.0,858.0,90.0,342.0
629,20976.6,360.0,869.0,12.630582158829924,23.69087572494045,36.11670558181597,20.784566144943984,106.85568505772665,60.07824412788221,1000.0,858.0,90.0,342.0
630,21012.6,361.0,870.0,13.927777083250296,24.373609895688016,39.90004893979233,22.50771991475464,102.20561218214254,68.13707478809648,1000.0,858.0,89.0,342.0
631,21044.7,361.0,870.0,15.293245424745422,25.19289090058509,44.05991936011684,24.24954622304914,117.8267344945588,62.41580755297616,1000.0,858.0,89.0,343.0
632,21077.0,360.0,870.0,16.795260600390062,26.080445322556923,47.78130033207534,26.616863520073693,125.50676016656026,56.102978484261655,1000.0,858.0,89.0,343.0
633,21112.7,360.0,870.0,18.43382261018421,26.96799974452876,51.15390889717012,28.987215041729712,122.6467346186076,61.32336730930469,1000.0,858.0,89.0,343.0
634,21144.5,360.0,869.0,20.277204871202635,27.923827583575346,55.21450797429667,30.67245539616028,105.71211548900654,66.29980713863071,1000.0,858.0,89.0,343.0
635,21176.8,361.0,870.0,22.18886054929581,29.016202256771447,58.865750756254094,32.99773560642634,96.62651486708393,71.77020961899873,1000.0,858.0,89.0,344.0
636,21212.8,361.0,870.0,24.168789644463747,30.176850347042304,62.03340835039163,34.724932707611565,94.72588182937744,53.31634629472998,1000.0,858.0,89.0,343.0
637,21244.9,360.0,870.0,26.35353899085595,31.33749843731316,66.19295009218787,37.19090540365816,112.98195060444044,63.54979460435326,1000.0,858.0,89.0,343.0
638,21277.5,361.0,870.0,28.606561754322907,32.70296677880829,66.63039005443092,37.299432808160944,57.58677804605939,13.665683166196462,1000.0,858.0,89.0,344.0
639,21314.9,360.0,870.0,30.99613135193938,34.000161703228656,73.81009732491894,41.19059737767531,135.96342227497246,73.3372221688078,1000.0,858.0,89.0,343.0
640,21344.7,361.0,869.0,33.52224778370537,35.36563004472379,77.21539660584764,43.0499215293403,107.90876109214976,53.865358214928726,1000.0,858.0,90.0,343.0
641,21385.2,360.0,870.0,36.11663763254611,36.79937180329367,82.92335029616503,46.14924504204164,244.97515773358765,150.67623389751077,1000.0,858.0,89.0,343.0
642,21412.5,361.0,870.0,38.84757431553636,38.36966039601307,85.13066044224186,47.22211537997232,96.01533012918895,50.25945820613255,1000.0,858.0,89.0,343.0
643,21444.7,360.0,870.0,41.78333124975088,39.93994898873246,87.87893996042826,49.5841090173177,105.3621059994626,76.81839154461949,1000.0,858.0,89.0,343.0
644,21476.6,360.0,869.0,44.71908818396541,41.64678441560137,95.32954444753084,54.036835106682375,26.49517380615249,21.918734694194363,1000.0,858.0,89.0,344.0
646,21544.4,361.0,870.0,51.06851597191775,45.265275520563456,98.28271871540709,56.64747397661674,103.33957414053246,64.87398477030486,999.0,858.0,90.0,343.0
656,21876.7,359.0,870.0,62.12880953802827,51.88779697681482,9.053949105354192,5.2588101807980525,174.4726364640604,-9.507248497430432,998.0,858.0,88.0,343.0
657,21912.7,359.0,870.0,62.67499687462632,52.09261722803909,14.669069092580338,4.437261678550977,47.59708038248461,-34.1469171635408,998.0,858.0,88.0,343.0
658,21945.8,359.0,870.0,63.221184211224376,52.2291640621886,15.7395620218301,6.453288910631263,17.464575086972847,-32.64848213318477,998.0,858.0,88.0,343.0
663,22112.8,358.0,869.0,65.54248039176609,53.04844506708568,12.979811794326894,-0.0068341758832594,27.466617832367056,-136.68351766717825,998.0,858.0,88.0,343.0
664,22144.5,359.0,870.0,65.61075380884084,52.91189823293617,19.011378058606077,-2.0227400624310663,230.0260436076585,-81.41885149347523,998.0,858.0,88.0,343.0
665,22176.8,359.0,870.0,65.95212089421463,52.50225773048763,25.668323723828063,-3.677785196911963,376.33950987844617,21.792710545518304,998.0,858.0,88.0,343.0
666,22212.7,358.0,870.0,66.97622215033597,52.36571089633812,45.44726962433863,-3.07537914751143,622.5325379236141,75.25118590285142,998.0,858.0,88.0,344.0
734,24477.0,357.0,870.0,10.172739144138696,22.59850105174435,10.837729883258994,12.237696083155202,148.3208132495021,-14.13894304967102,996.0,857.0,85.0,342.0
735,24512.7,357.0,870.0,10.65065306366199,22.939868137118133,15.377638373375763,13.638425789551176,157.32852112203165,-13.082915138514918,996.0,858.0,86.0,342.0
736,24545.0,357.0,870.0,11.265113817334797,23.349508639566668,19.67226863267994,13.938022629238972,120.35170435457336,5.666784285754778,996.0,857.0,85.0,342.0
737,24577.7,357.0,870.0,12.016121405157117,23.759149142015207,23.95670674146325,14.021271589776234,112.23483438116652,49.562488364884885,997.0,857.0,85.0,342.0
738,24612.6,357.0,870.0,12.971949244203705,24.237063061538503,26.94031801017809,15.482223724255077,74.15655669183367,49.99578670415932,996.0,857.0,85.0,342.0
739,24645.8,357.0,870.0,13.859503666175538,24.783250398136552,30.51739955715757,17.149138807974136,94.82946478188909,58.04583830819726,996.0,857.0,85.0,343.0
740,24677.1,357.0,870.0,14.95187833937164,25.39771115180936,33.55127084120413,18.829338836543624,80.81474509048505,47.17930734472272,996.0,857.0,85.0,342.0
741,24714.8,357.0,870.0,16.112526429642497,26.080445322556923,36.04945572776965,20.5787305705379,104.10445539410546,49.74015940704979,996.0,857.0,85.0,343.0
742,24744.7,357.0,870.0,17.34144793698811,26.763179493304488,38.46128931724705,21.426609706108287,65.81542419868448,28.455089864382938,996.0,857.0,85.0,343.0
743,24777.0,357.0,870.0,18.70691627848324,27.514187081126806,41.66353857384724,23.2225354636092,81.59301732479,40.77257708101311,995.0,858.0,85.0,342.0
744,24812.7,357.0,870.0,20.14065803705312,28.33346808602388,45.36620930415765,24.758858106140416,86.22758906734225,35.65570444591143,996.0,858.0,85.0,343.0
745,24849.0,357.0,870.0,21.71094662977252,29.15274909092096,48.49514605291369,26.480465200263065,126.58834829732162,68.45489084807764,996.0,858.0,85.0,343.0
746,24877.0,357.0,870.0,23.28123522249191,30.04030351289279,50.92497389994443,28.02565009332333,103.63568919715404,55.28971551326967,996.0,858.0,85.0,343.0
747,24913.0,357.0,870.0,25.12461748351033,30.99613135193938,53.93017984668828,30.385623104441628,84.5395204547055,76.54299940855029,996.0,857.0,85.0,342.0
748,24945.3,357.0,870.0,26.96799974452876,32.020232608060724,58.04960527774915,32.64219859010648,71.8427882517026,59.51464995864003,996.0,857.0,85.0,343.0
749,24976.8,357.0,870.0,28.879655422621934,33.11260728125683,60.16678477368946,34.18458373274656,81.57094153922058,68.1358083228682,996.0,857.0,85.0,343.0
750,25012.8,357.0,870.0,30.927857934864623,34.409802205677195,62.82889647027005,35.85651059792126,93.79147400585232,33.09402450887766,996.0,858.0,85.0,343.0
751,25045.0,357.0,870.0,33.11260728125683,35.570450295948056,65.43393313000148,37.68434891655523,76.2881616430273,41.631795907934,996.0,858.0,85.0,343.0
752,25076.7,357.0,870.0,35.29735662764903,36.86764522036842,68.5675021748207,39.23265701200593,86.6115890139551,32.926719790431044,996.0,857.0,85.0,343.0
753,25112.9,357.0,870.0,37.6869262252655,38.1648401447888,71.12903163629078,40.012434265451525,72.04539244810455,49.94141340381316,995.0,858.0,85.0,343.0
754,25144.6,357.0,870.0,40.00822240580722,39.53030848628392,74.20513964494718,42.06303735820018,99.84048323540333,46.29367480782964,995.0,858.0,85.0,343.0
755,25176.9,357.0,870.0,42.60261225464796,40.96405024485381,77.20902353885016,43.38781011318343,85.87386735389646,50.01046785782162,995.0,858.0,85.0,342.0
756,25212.5,357.0,870.0,45.12872868641394,42.39779200342369,79.72279755281286,45.50655404163864,100.52018820495226,60.382276881070304,996.0,858.0,85.0,343.0
757,25244.6,357.0,870.0,47.92793878647896,43.96808059614309,82.90703649994842,47.08241053453341,74.19745386462071,54.09378871883454,995.0,858.0,85.0,343.0
758,25276.6,357.0,870.0,50.727148886543965,45.53836918886248,85.79889015197995,48.87980246458692,86.44040773396804,60.159890244558405,995.0,858.0,85.0,343.0
759,25312.4,357.0,870.0,53.59463240368373,47.24520461573139,87.94646751505053,50.067133725928805,64.11784907708093,30.92061970131436,995.0,858.0,85.0,342.0
760,25344.7,357.0,870.0,56.598662754973006,48.9520400426003,88.64112886191893,43.85667541043012,40.36982609482747,-118.54404094866896,995.0,858.0,85.0,343.0
770,25677.2,356.0,870.0,69.77543225040098,54.00427290613227,9.371051915163028,-1.466198046078467,18.74804070988516,57.141019138921,996.0,857.0,85.0,343.0
771,25712.7,356.0,870.0,69.84370566747575,54.00427290613227,18.10356919956285,2.707450275587397,254.12901198141708,110.25607676143048,995.0,858.0,85.0,343.0
844,28144.9,355.0,869.0,9.35345813924162,22.18886054929581,17.715657125186667,18.056342839132157,108.8018248130674,-115.60193886387076,995.0,858.0,84.0,343.0
845,28176.6,356.0,870.0,9.967918892914426,22.39368080052008,21.835247931589706,16.042236896545372,122.45532332059692,20.16116022332885,995.0,857.0,85.0,341.0
846,28213.3,356.0,870.0,10.718926480736746,22.939868137118133,25.75506079015421,16.11186018622689,160.65934863580668,49.81093313944948,995.0,857.0,85.0,343.0
847,28245.1,355.0,870.0,11.674754319783334,23.417782056641425,30.3881085522056,17.07422417228991,144.14131744280695,95.9987718610311,995.0,857.0,84.0,342.0
848,28276.7,356.0,870.0,12.767128992979435,24.10051622738899,35.027417965397625,20.068360612281072,141.1244975347005,60.280872059100965,995.0,857.0,84.0,342.0
849,28312.5,356.0,870.0,14.064323917399808,24.783250398136552,39.94473528757158,21.851728682734414,125.42279848954117,65.91222203207236,995.0,858.0,84.0,344.0
850,28345.0,356.0,870.0,15.429792258894931,25.60253140303363,43.76681290022083,24.618104670013867,123.70061144638296,55.02986673203892,995.0,858.0,84.0,343.0
851,28377.2,356.0,870.0,17.000080851614328,26.421812407930705,47.84840168083007,26.66210158604849,114.01945700126842,70.93785378701669,995.0,858.0,84.0,343.0
852,28412.9,356.0,870.0,18.70691627848324,27.309366829902537,50.18954875670674,28.41245430259879,78.65715109482156,64.77952338355067,994.0,858.0,84.0,343.0
853,28444.8,356.0,870.0,20.413751705352148,28.33346808602388,55.28006266321062,30.70962873089101,107.0258367097266,67.04476374646174,994.0,858.0,84.0,343.0
854,28476.7,356.0,870.0,22.325407383445324,29.425842759219982,58.39303064909191,32.783204483966415,97.93288406932156,52.0993903922381,994.0,858.0,84.0,343.0
855,28516.1,356.0,870.0,24.30533647861326,30.586490849490843,62.41015335602364,35.08814107542685,158.17627137256704,64.59425128366341,995.0,858.0,84.0,344.0
856,28545.0,356.0,870.0,26.490085825005465,31.7471389397617,65.2567576192665,36.9002182387728,92.10979115565864,56.51989708950111,994.0,858.0,84.0,343.0
857,28577.0,356.0,870.0,28.674835171397664,32.976060447107315,68.22483487421533,38.54851709809172,98.1150566111069,62.86197778573494,995.0,858.0,84.0,343.0
858,28612.6,356.0,870.0,31.064404769014136,34.27325537152768,73.45317240524054,40.85547672285683,70.69458975109889,54.936021201931965,994.0,858.0,85.0,342.0
859,28644.7,356.0,870.0,33.45397436663061,35.70699713009757,74.81430266518136,42.70162778582985,99.61628800010448,59.85742582036869,995.0,858.0,85.0,343.0
860,28676.9,355.0,870.0,35.9800907983966,37.14073888866745,78.98011840525622,44.447149117778615,117.2059350013204,55.22875333912632,994.0,858.0,84.0,343.0
861,28712.8,356.0,870.0,38.77930089846161,38.64275406431209,81.49356034109044,46.517195904458426,89.79219539560498,58.07234569630269,994.0,858.0,84.0,343.0
862,28744.8,356.0,870.0,41.441964164377104,40.28131607410624,85.69502468083127,48.29209834669075,117.7807552696276,51.84028768334715,994.0,858.0,84.0,343.0
863,28776.7,355.0,870.0,44.44599451566638,41.85160466682564,89.66080284848385,50.45232215980205,96.83583740805231,65.11539579962044,994.0,858.0,84.0,343.0
864,28813.6,356.0,870.0,47.45002486695566,43.62671351076931,93.0913940387716,53.19158498095598,140.32355257426084,74.35600899610967,995.0,858.0,84.0,343.0
865,28845.4,356.0,870.0,50.65887546946921,45.40182235471297,98.28173107063544,54.94541172164191,132.45197613800457,80.4323440254203,995.0,859.0,85.0,343.0
866,28877.1,356.0,870.0,53.93599948905752,47.24520461573139,100.52214829824467,56.75386652003809,119.52562573459844,60.41337631663791,994.0,858.0,84.0,343.0
875,29176.8,355.0,869.0,70.3898930040738,54.75528049395459,18.04768582729072,3.06702135464174,-6.9729086983497774,-47.58383370244426,994.0,858.0,84.0,343.0
876,29213.2,355.0,870.0,71.0043537577466,54.68700707687983,23.30795864732423,1.7264263037385763,83.828037327848,48.18320948972283,994.0,858.0,83.0,342.0
945,31512.7,354.0,870.0,5.530146783055264,19.867564368754092,15.407742068024136,14.722953531667498,48.07943585252135,-89.29038086896784,994.0,857.0,83.0,342.0
946,31545.0,354.0,870.0,6.008060702578558,20.20893145412788,18.500428917608517,10.959452170677586,55.69217989755794,14.1779448576425,994.0,858.0,83.0,342.0
947,31576.8,354.0,870.0,6.554248039176609,20.55029853950166,19.80380834015872,11.94499997509284,96.08057737604068,20.819503569350157,994.0,858.0,83.0,342.0
948,31612.4,354.0,870.0,7.305255626998929,20.89166562487544,22.89064929540337,13.32413183925746,102.02903410493458,61.229765173681415,993.0,858.0,83.0,342.0
949,31644.5,354.0,870.0,8.124536631896005,21.369579544398736,26.64757179862836,14.689958938478703,108.0694860525896,60.80711580167648,994.0,858.0,83.0,343.0
950,31676.7,354.0,870.0,9.012091053867838,21.84749346392203,30.41208268094785,16.74373091422973,116.29728730441909,75.2511859028583,994.0,858.0,83.0,342.0
951,31712.4,354.0,870.0,10.10446572706394,22.530227634669597,34.06735440690888,19.07984222720369,121.50506812517554,53.88444258524318,994.0,858.0,83.0,342.0
952,31744.6,354.0,870.0,11.333387234409551,23.1446883883424,36.76454009841272,20.527432577250096,94.06774271433368,55.82572413381752,994.0,857.0,83.0,342.0
953,31776.6,354.0,870.0,12.630582158829924,23.89569597616472,41.976628984852674,23.88891641906949,115.22516122220918,67.79557095079376,994.0,857.0,83.0,342.0
954,31812.7,354.0,870.0,14.132597334474564,24.714976981061795,45.66285680180746,25.55895957795621,109.71133057669223,75.3103201416276,994.0,857.0,83.0,343.0
955,31849.4,354.0,870.0,15.70288592719396,25.60253140303363,49.873812941462525,28.42922850833706,156.10921993928167,94.9719081388304,994.0,857.0,83.0,342.0
956,31876.7,354.0,870.0,17.409721354062867,26.62663265915497,53.07268850227777,29.600840352518382,106.47432963543037,46.32878336386697,994.0,858.0,83.0,343.0
957,31912.8,354.0,870.0,19.25310361508129,27.65073391527632,58.32551058859336,32.44747451401998,143.28874508336932,62.32234591359438,994.0,858.0,83.0,344.0
958,31944.7,354.0,870.0,21.164759293174463,28.74310858847242,61.82074784276506,34.43925948742029,94.61344325699564,31.156758788415488,994.0,858.0,83.0,343.0
959,31977.2,354.0,870.0,23.28123522249191,29.83548326166852,63.96973327691923,35.72987542192195,110.3822827952453,75.64206378844304,994.0,858.0,83.0,344.0
960,32009.1,354.0,870.0,25.534257985958877,31.064404769014136,67.6711266288137,37.67792975361202,50.80504599078267,46.30600797201488,995.0,857.0,82.0,343.0
961,32045.2,354.0,870.0,27.85555416650059,32.361599693434506,71.37071297382987,39.08441295392745,95.43561407762756,61.28410621670199,993.0,858.0,83.0,343.0
962,32077.4,354.0,870.0,30.24512376411706,33.79534145200439,75.34145037964389,42.116712837815626,116.59809849666205,51.83972095993264,994.0,857.0,83.0,343.0
963,32113.0,354.0,870.0,32.8395136129578,35.229083210574274,78.81123515729738,44.35718701774018,163.63400171823602,82.26487295441565,994.0,858.0,83.0,343.0
964,32145.6,354.0,870.0,35.5021768788733,36.5945515520694,81.81783854633105,46.22549141784837,112.674457087739,80.9684528255509,994.0,858.0,83.0,343.0
965,32176.7,354.0,870.0,38.30138697893831,38.233113561863554,85.26977175281401,47.936368464576525,83.36809230233511,65.37388682981455,993.0,858.0,83.0,343.0
966,32209.1,354.0,870.0,41.16887049607808,39.8716755716577,90.1792807579895,50.814843324274925,72.95383596526639,52.12963914828646,994.0,858.0,83.0,342.0
967,32244.8,354.0,870.0,44.17290084736735,41.57851099852661,91.90671974356414,52.955815000227936,90.73040575970091,54.723554883713504,994.0,857.0,83.0,343.0
968,32276.7,354.0,870.0,47.24520461573139,43.35361984247028,96.21063691017962,54.58805494869247,135.44921084497685,67.6598428525039,994.0,857.0,83.0,343.0
969,32308.8,354.0,870.0,50.522328635319695,45.1970021034887,100.09548329576174,57.05077576774411,125.9669772297622,72.96429151308055,993.0,858.0,83.0,343.0
970,32345.3,354.0,870.0,53.86772607198276,47.17693119865663,103.95384677824336,59.30077753345195,149.01341582595504,71.54435622522212,994.0,858.0,83.0,342.0
979,32649.3,353.0,870.0,68.13687024060683,54.68700707687983,5.663259993794649,1.006774111189531,45.648050369913335,-6.130893928165429,993.0,859.0,82.0,343.0
980,32676.8,353.0,869.0,68.3416904918311,55.02837416225361,7.181148319445237,1.040567178125306,6.422077631824606,-48.0453829247372,993.0,858.0,82.0,343.0
982,32745.0,353.0,869.0,68.88787782842915,54.75528049395459,8.364089471441213,2.040933342212526,10.795616874528546,27.74341704254343,994.0,858.0,82.0,343.0
983,32776.9,353.0,870.0,69.09269807965342,54.8918273281041,18.0352984332822,1.3573054737437935,210.4440585087692,54.37382039963192,993.0,858.0,82.0,342.0
