frame_no,timestamp,size_px-darkorange,position_px_x-darkorange,position_px_y-darkorange,rx-darkorange,ry-darkorange,vx-darkorange,vy-darkorange,ax-darkorange,ay-darkorange,size_px-green,position_px_x-green,position_px_y-green,rx-green,ry-green,vx-green,vy-green,ax-green,ay-green,size_px-hotpink,position_px_x-hotpink,position_px_y-hotpink,rx-hotpink,ry-hotpink,vx-hotpink,vy-hotpink,ax-hotpink,ay-hotpink,size_px-yellowneon,position_px_x-yellowneon,position_px_y-yellowneon,rx-yellowneon,ry-yellowneon,vx-yellowneon,vy-yellowneon,ax-yellowneon,ay-yellowneon
5,309.1,12,457,492,28.628532720987923,30.821089931566867,,,,,,,,,,,,,,,,,,,,,,,15,507,691,31.76075730752927,43.287343786001436,,,,
6,317.9,13,457,492,28.628532720987923,30.821089931566867,,,,,,,,,,,,,,,,,,,,,,,15,505,692,31.63546832406762,43.34998827773226,,,,
7,329.0,13,457,493,28.628532720987923,30.883734423297696,,,,,,,,,,,,,,,,,,,,,,,15,503,692,31.510179340605966,43.34998827773226,,,,
8,340.1,13,457,492,28.628532720987923,30.821089931566867,0.0,0.0,0.0,0.0,,,,,,,,,,,,,,,,,,,15,502,692,31.447534848875137,43.34998827773226,-9.656303724213307,1.8021719708563453,28.880422900150354,-14.104392579136888
9,350.7,13,457,492,28.628532720987923,30.821089931566867,0.0,0.0,0.0,0.0,,,,,,,,,,,,,,,,,,,15,500,692,31.322245865413485,43.34998827773226,-8.26671461690809,0.3135187721278029,78.21649914401644,19.11699830047578
10,360.2,12,457,492,28.628532720987923,30.821089931566867,0.0,-1.4875331859586518,0.0,33.352762017010136,,,,,,,,,,,,,,,,,,,15,498,692,31.19695688195183,43.34998827773226,-8.347613033431942,0.3639788414555866,108.43386754408758,23.331977016383767
11,381.6,12,457,492,28.628532720987923,30.821089931566867,0.0,0.1821698834580202,0.0,8.779271491952782,,,,,,,,,,,,,,,,,,,15,496,693,31.071667898490176,43.41263276946309,-7.320934011501593,1.2505173158266478,83.66751506185992,-12.48137392831841
12,416.9,13,457,492,28.628532720987923,30.821089931566867,0.0,0.2641350368350717,0.0,7.979910478400959,,,,,,,,,,12,909,502,56.943842983321716,31.447534848875137,,,,,15,494,693,30.94637891502852,43.41263276946309,-4.424104559084391,1.0895308089608484,37.87443915881437,4.327474111398708
13,449.4,13,457,492,28.628532720987923,30.821089931566867,0.0,0.2957949309642776,0.0,6.632173340006227,,,,,,,,,,,,,,,,,,,15,493,694,30.883734423297696,43.475277261193916,-3.3340519041204764,1.0378258306839583,3.9778169696224293,-8.223300127855254
14,482.1,13,457,493,28.628532720987923,30.883734423297696,0.0,0.30994912770038807,0.0,-6.236400959766362,,,,,,,,,,10,914,499,57.25706544197585,31.259601373682656,,,,,15,491,694,30.75844543983604,43.475277261193916,-3.450828398880512,0.6267962544301678,-6.650487945022482,0.06901449754268739
15,513.4,12,457,493,28.628532720987923,30.883734423297696,0.0,0.022720800109627192,0.0,-12.983314348358359,,,,,,,,,,,,,,,,,,,15,490,695,30.695800948105212,43.537921752924746,-3.1673175271686844,0.6607284655653111,-11.827039533618366,-13.214569311306217
16,549.3,13,457,493,28.628532720987923,30.883734423297696,0.0,-0.0018887710521009193,0.0,-12.591807014007799,,,,,,,,,,,,,,,,,,,15,488,695,30.57051196464356,43.537921752924746,-3.455042257763316,-0.0018887710521009193,-6.400046271781384,-12.591807014007799
17,581.5,13,457,493,28.628532720987923,30.883734423297696,0.0,-0.31369157588508406,0.0,-6.311701728070104,,,,,,,,,,,,,,,,,,,15,485,695,30.382578489451078,43.537921752924746,-3.4619855423077808,0.3155879438137446,6.42599813763276,-6.330751129663881
18,613.4,13,457,492,28.628532720987923,30.821089931566867,0.0,-0.31369158864713725,0.0,6.25506657322307,,,,,,,,,,,,,,,,,,,15,484,695,30.319933997720252,43.537921752924746,-3.7530567820989527,0.31181787503600983,0.11225443501299216,6.236357500720197
19,648.9,12,457,492,28.628532720987923,30.821089931566867,-0.3116585336029752,-0.0037662320979024414,-6.258203486003517,12.55410699300777,,,,,,,,,,,,,,,,,,,15,482,694,30.194645014258597,43.475277261193916,-4.697475396632148,0.619550835108048,-18.548410332010413,25.070513965014804
20,681.2,13,457,492,28.628532720987923,30.821089931566867,-0.3118153800235104,-0.0031353787775910465,-6.255072818926986,12.541515110366849,,,,,,,,,,,,,,,,,,,15,480,695,30.069356030796943,43.537921752924746,-7.8110613944758915,1.2472615200940416,-93.6692449213461,25.020291275707944
21,713.7,13,457,492,28.628532720987923,30.821089931566867,-0.31463439225286194,0.0,-6.2738662463182795,0.0,,,,,,,,,,,,,,,,,,,15,478,696,29.94406704733529,43.60056624465557,-13.195869789138621,0.6261396702587436,-188.4036404178577,0.03127550471815592
22,749.1,12,456,493,28.565888229257098,30.883734423297696,-0.3124411995906158,-0.0006245699582936024,6.242581410401912,-12.49139916586987,,,,,,,,,,,,,,,,,,,15,473,697,29.630844588681157,43.6632107363864,-18.465259273761433,-0.0018737098748806452,-256.25765507975166,-37.47419749760819
23,781.4,12,456,493,28.565888229257098,30.883734423297696,-0.31228497914672954,-0.001250389056503084,6.24569958293459,-12.503890565035752,,,,,,,,,,12,910,503,57.00648747505254,31.510179340605966,,,,,15,460,699,28.816466196180404,43.78849971984805,-23.803680202316144,-1.5726783972422278,-225.5447033389386,-81.3065171706435
24,813.5,12,456,492,28.565888229257098,30.821089931566867,-0.3158810460137032,-0.3078097263962212,6.248883205018855,-6.168531591106641,,,,,,,,,,10,911,504,57.06913196678337,31.57282383233679,,,,,15,442,697,27.68886534502552,43.6632107363864,-28.60906233468236,-3.685645397137242,-120.47797372129546,-86.43979388940728
25,849.2,12,456,492,28.565888229257098,30.821089931566867,0.0,-0.3124399499818211,0.0,6.26132164292227,,,,,,,,,,,,,,,,,,,15,423,694,26.498620002139806,43.475277261193916,-32.90966183346555,-6.280779735115888,-32.341796662588266,-87.97847033937495
26,881.4,12,456,492,28.565888229257098,30.821089931566867,0.0,-0.3143149136668904,0.0,6.24260007282801,,,,,,,,,,10,913,500,57.19442095024502,31.322245865413485,-1.5367375123569584,-1.872825586009755,-68.32144528563518,0.13018331830092797,15,404,690,25.308374659254095,43.22469929427061,-34.02953009383946,-9.647960419735332,21.02770550847225,-80.19912327921857
27,914.6,12,456,491,28.565888229257098,30.75844543983604,0.0,0.32838219632340043,0.0,18.753930655787578,,,,,,,,,,8,904,508,56.63062052466758,31.8234017992601,-1.8325285817328871,-2.2668835443697066,49.55241160343918,-93.87536177401431,15,386,684,24.18077380809921,42.84883234388565,-33.409538915693986,-12.573632191474472,25.51305619386441,-89.38585980668036
28,949.0,13,456,492,28.565888229257098,30.821089931566867,0.0,0.0,0.0,0.0,,,,,,,,,,15,904,497,56.63062052466758,31.134312390221,,,,,15,368,677,23.053172956944323,42.41032090176986,-32.28478193350192,-15.34153828458843,44.864439948432455,-93.59985730536545
29,982.1,13,456,492,28.565888229257098,30.821089931566867,0.0,0.0,0.0,0.0,,,,,,,,,,15,905,497,56.693265016398406,31.134312390221,-1.8378741784249568,-0.2927523803259608,62.34057803502947,31.251608254366282,15,351,668,21.988216597520264,41.84652047619242,-30.650506776852346,-18.53346883450461,46.08298599077546,-96.27572110547406
30,1014.0,12,456,493,28.565888229257098,30.883734423297696,0.0,0.32606986856073117,0.0,-18.800456365298025,,,,,,,,,,15,905,497,56.693265016398406,31.134312390221,0.3173167258529988,-3.7990475675281092,-6.295966782797597,63.04711181106859,15,335,657,20.985904729827034,41.15743106715332,-28.834259927457154,-21.52722209013069,66.54487113484453,-90.76685445199601
31,1049.1,13,456,492,28.565888229257098,30.821089931566867,0.0,0.0,0.0,0.0,,,,,,,,,,11,912,493,57.131776458514196,30.883734423297696,0.30382640194339006,0.0050115643500260425,-93.9605671076348,50.11564350030463,15,320,645,20.04623735386463,40.40569716638339,-26.617071332491385,-24.75402040603089,68.37653110072907,-94.46172354263597
32,1081.5,13,456,492,28.565888229257098,30.821089931566867,0.0,-0.3132199377693168,0.0,-6.302212027551647,,,,,,,,,,15,907,499,56.81855399986006,31.259601373682656,-0.30816802374161534,-0.30816802374159735,-31.56178216614935,-31.561782166149708,15,306,631,19.16921446963305,39.52867428215182,-24.544823211630945,-27.343594995443986,76.76778996941356,-80.99039883294422
33,1114.8,13,456,492,28.565888229257098,30.821089931566867,0.0,-0.3073081787355995,0.0,6.2334316173549515,,,,,,,,,,15,905,496,56.693265016398406,31.071667898490176,0.3211747192117712,-0.3073081787355821,6.372514270074828,6.233431617354598,15,294,615,18.417480568863127,38.52636241445858,-21.592527466088445,-29.60802890590628,77.14029674945549,-69.56661411498
34,1149.0,13,456,492,28.565888229257098,30.821089931566867,0.0,0.3121286025604875,0.0,6.2488208720818275,,,,,,,,,,15,905,497,56.693265016398406,31.134312390221,-2.1980424452439475,0.9438956518646303,43.87310269947997,-31.31916527178406,14,283,598,17.72839115982403,37.46140605503453,-18.797182212323243,-31.61322952776078,88.17780563937393,-42.859780395899996
35,1181.3,12,456,491,28.565888229257098,30.75844543983604,0.0,0.0,0.0,12.579164688259402,,,,,,,,,,16,904,496,56.63062052466758,31.071667898490176,-0.9415504769162336,-0.9415504769162336,18.86874703238946,18.86874703238946,15,273,581,17.101946242515762,36.39644969561047,-15.37865778963186,-33.26811685104041,106.92289985020741,-37.73749406477965
36,1213.4,13,456,492,28.565888229257098,30.821089931566867,0.0,0.31101444535044065,0.0,6.308609439157003,,,,,,,,,,15,906,496,56.755909508129236,31.071667898490176,0.008894755418169715,0.6220288907008636,-12.70679345452921,12.617218878313649,14,266,563,16.663434800399973,35.26884884445558,-12.378616520375505,-34.36310182494168,109.75444859969107,-26.885169232593935
37,1249.2,13,456,493,28.565888229257098,30.883734423297696,0.0,0.001245407426795341,0.0,-12.454074267963904,,,,,,,,,,16,905,496,56.693265016398406,31.071667898490176,-0.311663518976392,-0.0012454074267952335,-6.22082872208367,12.454074267963197,15,260,544,16.287567850015012,34.07860350156987,-8.443559383178592,-34.973566126401685,118.48133266690645,-24.21280640331958
38,1281.1,13,456,492,28.565888229257098,30.821089931566867,0.0,0.31711781060242095,0.0,-6.224098343521505,,,,,,,,,,16,904,496,56.63062052466758,31.071667898490176,0.0,0.30418188648384603,0.0,6.095829388453831,15,257,525,16.099634374822532,32.888358158684156,-4.7697030831549965,-35.40114680979947,105.68140288480002,-5.008597293117391
39,1313.4,12,456,493,28.565888229257098,30.883734423297696,0.0,0.018245968465289895,0.0,-12.163978976860017,,,,,,,,,,15,905,498,56.693265016398406,31.19695688195183,-0.6174567555027293,0.03649193693057875,0.17976323611123096,-24.327957953719345,14,255,506,15.974345391360877,31.698112815798446,-1.3991272271930095,-35.7942458506918,109.83533726395879,-1.737711282408626
40,1349.6,13,456,492,28.565888229257098,30.821089931566867,0.0,-0.6133402011806599,0.0,0.21133306064406215,,,,,,,,,,16,904,497,56.63062052466758,31.134312390221,-0.31746921998923283,0.02159823879778776,6.1051773074852465,-11.999021554326085,14,256,486,16.036989883091703,30.445222981181907,1.9847039131488866,-35.57373166847807,89.252995945195,12.257317517335812
41,1383.0,13,456,492,28.565888229257098,30.821089931566867,0.0,-0.32535543870393135,0.0,-6.385778973580591,,,,,,,,,,15,904,497,56.63062052466758,31.134312390221,-0.32535543870394984,0.3015419351714413,-6.385778973580953,-6.14764393825569,14,258,467,16.162278866553358,29.254977638296193,5.832584393138404,-35.70933680736456,102.4105986126169,-1.0402741016829964
42,1416.4,12,456,492,28.565888229257098,30.821089931566867,0.0,-0.2949764901888554,0.0,6.081989488430009,,,,,,,,,,16,904,496,56.63062052466758,31.071667898490176,-0.6275735339143913,-0.25735593665217715,-0.37620553536680384,18.62217400065612,14,262,447,16.412856833476667,28.002087803679654,9.381970393283446,-35.03125623859468,99.50636410451607,16.5530435561391
43,1453.6,13,456,491,28.565888229257098,30.75844543983604,0.0,0.03949841849358396,0.0,12.343255779245242,,,,,,,,,,16,904,496,56.63062052466758,31.071667898490176,0.0,0.03949841849358396,0.0,12.343255779245242,14,267,428,16.7260792921308,26.81184246079394,12.478914038000285,-33.469267042100526,112.55873722502422,28.213156066847617
44,1481.1,13,456,491,28.565888229257098,30.75844543983604,0.0,0.27667954422176483,0.0,18.659682804889396,,,,,,,,,,16,903,497,56.56797603293675,31.134312390221,-0.024416213722515935,-0.3010957579442623,12.521135242315596,-6.1385475625741615,14,275,411,17.227235225977417,25.746886101369885,15.168767772551956,-32.38017103672057,87.92953144678285,68.91317462449632
45,1513.4,13,456,492,28.565888229257098,30.821089931566867,0.0,0.0,0.0,0.0,,,,,,,,,,16,903,497,56.56797603293675,31.134312390221,0.2687545757148216,0.031055108554074326,18.857197486484594,-12.67555451186743,14,284,394,17.791035651554857,24.681929741945826,18.07217407578512,-31.027269811716945,79.67309326665244,66.0033776165978
46,1551.2,13,456,492,28.565888229257098,30.821089931566867,0.0,0.32530310683290264,0.0,-6.486602329669048,,,,,,,,,,16,904,497,56.63062052466758,31.134312390221,0.0,0.017278096823588458,0.0,-12.79859023969597,14,295,378,18.480125060593956,23.679617874252592,21.121462381685006,-29.20220576203699,64.54266326031825,59.226624262323
47,1583.1,12,456,493,28.565888229257098,30.883734423297696,0.0,-0.04623394159616402,0.0,-24.99131978171153,,,,,,,,,,16,904,496,56.63062052466758,31.071667898490176,0.3014083549744259,-0.3014083549744088,-6.132418209042226,6.1324182090418775,14,307,364,19.23185896136388,22.802594990021017,23.599656367398698,-27.147205714697442,77.38200962864346,33.693988552427754
48,1615.3,13,456,492,28.565888229257098,30.821089931566867,0.0,-0.3253554387039299,0.0,-6.3857789735805754,,,,,,,,,,16,905,496,56.693265016398406,31.071667898490176,0.27772843163897115,-0.3015419351714426,-18.68106685009304,6.147643938255703,14,320,349,20.04623735386463,21.862927614058613,26.147215285257246,-24.6314719986491,78.81642998108339,59.52749211976828
49,1651.5,13,456,492,28.565888229257098,30.821089931566867,0.0,0.0,0.0,0.0,,,,,,,,,,16,904,496,56.63062052466758,31.071667898490176,-0.324806019281978,0.016621137457651657,-6.476690314695476,12.7854903520402,14,334,336,20.92326023809621,21.04854922155786,28.259511355246634,-22.363139595798263,77.7913142782985,77.14558244233775
50,1681.4,13,456,491,28.565888229257098,30.75844543983604,0.0,-0.3298410799650692,0.0,19.22108298885487,,,,,,,,,,16,904,496,56.63062052466758,31.071667898490176,0.0,0.31194358515648823,0.0,6.346766737670146,14,350,324,21.92557210578944,20.29681532078794,30.01943672825116,-20.010395761030484,53.23407095838526,111.5106900572761
51,1713.4,13,456,491,28.565888229257098,30.75844543983604,0.0,-0.012758799148011781,0.0,12.758799148013148,,,,,,,,,,16,904,496,56.63062052466758,31.071667898490176,-0.6322628711400311,0.0,0.12874671188710826,0.0,14,367,315,22.990528465213497,19.733014895210495,31.884619195552453,-16.850657078820355,38.15408806774835,99.10278147510905
52,1749.2,12,456,492,28.565888229257098,30.821089931566867,0.0,0.0,0.0,0.0,,,,,,,,,,16,903,497,56.56797603293675,31.134312390221,-0.3243259186418068,0.3243259186417884,6.4865183728361355,-6.486518372835767,14,384,307,24.055484824637556,19.23185896136388,33.243113145827714,-13.429972072950134,24.22714612254231,105.72376295885202
53,1781.1,13,456,492,28.565888229257098,30.821089931566867,0.0,0.31588855176338176,0.0,-6.267629995305183,,,,,,,,,,15,904,497,56.63062052466758,31.134312390221,0.0,0.31588855176338176,0.0,-6.267629995305183,14,402,301,25.18308567579244,18.855992010978916,34.04101597980113,-9.737690906432327,27.439534890159802,94.56162397678959
54,1813.5,13,456,492,28.565888229257098,30.821089931566867,0.0,0.31212610005869085,0.0,-6.267592370656449,,,,,,,,,,16,903,496,56.56797603293675,31.071667898490176,0.00314166213960885,0.0,12.56664855843538,0.0,14,421,296,26.373331018678154,18.54276955232478,34.82507184847317,-6.5609314255118845,20.596214687910607,106.48614266691858
55,1849.2,13,456,492,28.565888229257098,30.821089931566867,0.0,0.0,0.0,0.0,,,,,,,,,,16,903,497,56.56797603293675,31.134312390221,0.3122849791467468,-0.31228497914672904,6.245699582934934,-6.24569958293458,14,439,294,27.50093186983304,18.417480568863127,35.356974041688886,-3.451389828348656,18.05007179468118,93.84788193317752
56,1881.9,13,456,492,28.565888229257098,30.821089931566867,0.0,-0.3163634962237788,0.0,-6.277053496503536,,,,,,,,,,16,904,497,56.63062052466758,31.134312390221,0.0,-0.3163634962237788,0.0,-6.277053496503536,14,459,293,28.753821704449578,18.3548360771323,35.63864376784566,0.05990102479522014,4.259429158342729,99.83504132534394
57,1913.1,13,456,492,28.565888229257098,30.821089931566867,0.0,0.0,0.0,0.0,,,,,,,,,,16,904,496,56.63062052466758,31.071667898490176,0.0056324844210426505,0.31026235023733006,-12.516632046760002,6.230167675448401,14,478,294,29.94406704733529,18.417480568863127,35.38069718881852,3.401620883768634,-9.439079339610489,93.56510852345347
58,1949.4,13,456,492,28.565888229257098,30.821089931566867,0.0,0.0,0.0,0.0,,,,,,,,,,16,904,496,56.63062052466758,31.071667898490176,0.014028755268088595,-0.31614424837594735,-12.198917624425114,6.168668260994095,14,497,296,31.134312390221,18.54276955232478,34.65060303363016,6.37248286580138,-32.14929351241996,102.23740138319043
59,1981.5,13,456,491,28.565888229257098,30.75844543983604,0.0,-0.0006308533203100398,0.0,12.61706640621175,,,,,,,,,,16,904,496,56.63062052466758,31.071667898490176,0.0,-0.0006308533203100398,0.0,12.61706640621175,14,516,301,32.324557733106715,18.855992010978916,34.26275644494524,10.053281044745994,-31.88768865433522,100.83524019977216
60,2013.6,13,456,492,28.565888229257098,30.821089931566867,0.0,0.0,0.0,0.0,,,,,,,,,,16,903,497,56.56797603293675,31.134312390221,0.0031166413796432264,0.3108869206626495,12.466565518572951,-6.217738413252989,14,534,307,33.4521585842616,19.23185896136388,32.79584209718145,12.833629705798936,-42.000822981525346,94.13655957665203
61,2051.9,13,456,492,28.565888229257098,30.821089931566867,0.0,0.0,0.0,0.0,,,,,,,,,,16,903,496,56.56797603293675,31.071667898490176,0.032001493246579,0.0,12.549605194737124,0.0,14,551,315,34.51711494368566,19.733014895210495,31.250731164885494,16.540953764419378,-34.189669780159115,96.17178688252662
62,2081.2,13,456,492,28.565888229257098,30.821089931566867,0.0,0.3149507588011029,0.0,-6.286442291439162,,,,,,,,,,16,904,497,56.63062052466758,31.134312390221,-0.31181538002352616,0.3149507588011029,-6.255072818927316,-6.286442291439162,14,568,325,35.582071303109714,20.359459812518764,29.473685418645378,18.7841718920732,-64.18194075990476,74.30800648683214
63,2113.6,13,456,492,28.565888229257098,30.821089931566867,0.0,0.0,0.0,0.0,,,,,,,,,,16,904,497,56.63062052466758,31.134312390221,0.3129089226594969,0.0,-6.270719892975878,0.0,14,583,335,36.52173867907212,20.985904729827034,27.58494581883437,21.328022766280547,-62.21710258541633,75.75130163298022
64,2149.3,13,456,492,28.565888229257098,30.821089931566867,0.0,0.0,0.0,0.0,,,,,,,,,,16,904,496,56.63062052466758,31.071667898490176,0.01609527693268676,0.30956316146772433,-12.876221546151747,6.356533089686325,14,597,348,37.3987615633037,21.800283122327784,25.81499881778978,23.748381248858497,-77.42701085835643,51.82467070349219
65,2181.4,13,456,492,28.565888229257098,30.821089931566867,0.0,0.0,0.0,0.0,,,,,,,,,,16,903,497,56.56797603293675,31.134312390221,-0.31259726412589217,0.0,6.239466349818218,0.0,14,610,361,38.21313995580445,22.614661514828533,23.132197545315332,25.632975658322415,-62.394663498179824,62.39466349818173
66,2213.4,13,456,492,28.565888229257098,30.821089931566867,0.0,0.0,0.0,0.0,,,,,,,,,,16,904,497,56.63062052466758,31.134312390221,-0.31337899114621587,0.0,-6.280140103130567,0.0,14,622,375,38.96487385657437,23.491684399060112,20.394139241720367,27.915863357875875,-81.8872376373089,56.269551906004004
67,2249.2,13,456,492,28.565888229257098,30.821089931566867,0.0,0.0,0.0,0.0,,,,,,,,,,16,903,497,56.56797603293675,31.134312390221,-0.31416244019255,0.3141624401925322,6.264455437538374,-6.264455437538019,14,632,390,39.59131877388264,24.431351775022517,17.852241807766113,29.401228526878295,-81.98754389687278,61.3454449725803
68,2281.6,13,456,492,28.565888229257098,30.821089931566867,0.0,0.0,0.0,0.0,,,,,,,,,,16,903,497,56.56797603293675,31.134312390221,0.31447785929003264,0.0,6.277003179441779,0.0,14,642,407,40.21776369119091,25.496308134446576,15.014751975764598,31.01804174386226,-99.63019816949954,45.09168551458987
69,2313.3,13,456,492,28.565888229257098,30.821089931566867,0.0,0.0,0.0,0.0,,,,,,,,,,15,903,497,56.56797603293675,31.134312390221,-0.3136928410693286,-0.31306576908001366,6.273856821386571,-6.267582964564833,14,648,424,40.59363064157588,26.561264493870635,11.912803096762529,32.58956651179773,-87.90928178126643,37.298078803142026
70,2349.5,13,456,492,28.565888229257098,30.821089931566867,-0.3146343922528788,0.3146343922528788,-6.27386624631861,6.27386624631861,,,,,,,,,,16,903,497,56.56797603293675,31.134312390221,0.0,0.0,0.0,0.0,14,654,442,40.96949759196084,27.68886534502552,8.740922469646765,33.817800422466824,-99.69379883731123,26.721791230580585
71,2381.4,12,456,492,28.565888229257098,30.821089931566867,0.0,0.0,0.0,0.0,,,,,,,,,,16,904,497,56.63062052466758,31.134312390221,-2.8904437574296303e-15,-0.31385015897207347,-12.57916468826012,-6.289582344129718,14,658,460,41.22007555888415,28.816466196180404,5.335452702525327,34.20966732795664,-94.3437351619485,18.868747032391397
72,2413.3,13,456,492,28.565888229257098,30.821089931566867,0.0,0.0,0.0,0.0,,,,,,,,,,16,903,496,56.56797603293675,31.071667898490176,0.0,-0.0012503890565023297,0.0,12.503890565035059,14,660,479,41.3453645423458,30.006711539066117,2.5132845018519037,34.732404083395444,-100.08109011694602,5.5586726288124275
73,2449.3,13,455,493,28.50324373752627,30.883734423297696,-0.01713022310178878,0.01713022310178878,12.23587364413604,-12.23587364413604,,,,,,,,,,16,903,497,56.56797603293675,31.134312390221,0.3010617364884909,-0.30106173648847373,6.033301332434675,-6.033301332434333,14,660,498,41.3453645423458,31.19695688195183,-0.8004038708547093,34.377145243921504,-91.5151458621168,-15.512476171368885
74,2481.2,13,456,492,28.565888229257098,30.821089931566867,0.0,0.0,0.0,0.0,,,,,,,,,,16,903,496,56.56797603293675,31.071667898490176,-0.31557031430278015,-0.006843115458263528,6.255110293414864,12.44202810592953,14,659,516,41.28272005061497,32.324557733106715,-4.006610469520343,34.651933537402925,-92.87195966862657,-10.00569674288638
75,2513.5,13,456,492,28.565888229257098,30.821089931566867,0.0,0.0,0.0,0.0,,,,,,,,,,16,903,497,56.56797603293675,31.134312390221,0.0,0.3185646127802619,0.0,-6.120357594241349,14,656,535,41.09478657542249,33.514803075992425,-6.881962899484544,33.48216230323526,-87.44879813328282,-30.513598380512548
76,2551.9,13,456,492,28.565888229257098,30.821089931566867,0.30014149359943004,-0.30014149359943004,-6.051239790311101,6.051239790311101,,,,,,,,,,16,904,496,56.63062052466758,31.071667898490176,0.30014149359943004,0.020926797605484597,-6.051239790311101,12.309880944402336,14,651,553,40.78156411676836,34.64240392714731,-10.406912431312492,33.20333329062313,-95.74622958540354,-7.368848454330145
77,2582.1,13,456,492,28.565888229257098,30.821089931566867,0.0,0.3169956175909817,0.0,6.2833620929827845,,,,,,,,,,16,903,497,56.56797603293675,31.134312390221,0.6339912351819634,-0.008735679230957638,12.566724185965569,-12.479541758510187,14,645,571,40.40569716638339,35.7700047783022,-13.508512047178339,32.4870818717583,-95.47098537910355,-32.90513904788916
78,2617.6,13,456,492,28.565888229257098,30.821089931566867,0.0,0.3389582108411524,0.0,6.512165434027909,,,,,,,,,,16,903,497,56.56797603293675,31.134312390221,0.0,0.0,0.0,0.0,14,637,588,39.90454123253678,36.83496113772625,-16.674012367083996,31.240759314496625,-100.6789534056117,-12.54889900159397
79,2651.1,13,456,492,28.565888229257098,30.821089931566867,0.0,0.0,0.0,0.0,,,,,,,,,,16,904,497,56.63062052466758,31.134312390221,-0.32106906952824643,-0.007081004910219849,-6.473166724359819,-12.874554382218959,14,627,605,39.27809631522851,37.89991749715031,-19.415269123377097,29.812280280322703,-85.8738650126735,-60.99915578559793
80,2681.6,13,456,493,28.565888229257098,30.883734423297696,0.0,0.0012629746874979638,0.0,-12.629746874962358,,,,,,,,,,16,905,496,56.693265016398406,31.071667898490176,0.31637547622952883,-0.315112501542013,-18.95096054681853,6.321213671855809,15,616,620,38.58900690618941,38.83958487311272,-22.006093145753994,27.680644122885333,-75.33466484352275,-63.706674999808726
81,2713.7,13,456,493,28.565888229257098,30.883734423297696,0.0,0.023537852916815736,0.0,-13.076584953785177,,,,,,,,,,16,903,497,56.56797603293675,31.134312390221,0.3083886826635497,-0.3083886826635322,6.4180787234869925,-6.418078723486629,14,604,635,37.83727300541949,39.77925224907512,-24.831066394010964,26.085762382836986,-69.0828369570727,-94.73511622545364
82,2749.2,13,456,492,28.565888229257098,30.821089931566867,0.0,0.0,0.0,0.0,,,,,,,,,,16,903,496,56.56797603293675,31.071667898490176,-0.3225108351440236,-0.3225108351440053,6.443772929950498,6.443772929950133,14,590,647,36.96025012118791,40.53098614984505,-27.11075066413228,23.14776819192445,-71.0166862769328,-74.87265029795488
83,2781.3,13,456,492,28.565888229257098,30.821089931566867,0.0,-0.3149507588011179,0.0,6.2864422914394895,,,,,,,,,,16,904,496,56.63062052466758,31.071667898490176,-0.3149507588011179,0.0,6.2864422914394895,0.0,15,575,659,36.020582745225504,41.28272005061497,-28.81556549204482,20.390279473854672,-61.264579816272786,-82.53935607402553
84,2813.4,13,456,492,28.565888229257098,30.821089931566867,0.0,-0.31526398133807804,0.0,6.280158990798362,,,,,,,,,,16,904,496,56.63062052466758,31.071667898490176,0.0043807862043868965,-0.00438078620438668,-12.516532012537384,12.516532012536674,14,559,669,35.018270877532274,41.90916496792324,-30.974571697431788,17.55840565843529,-54.15698858797851,-76.32519920888294
85,2849.3,13,456,492,28.565888229257098,30.821089931566867,0.0,0.29931921564645647,0.0,5.980403909020088,,,,,,,,,,16,903,496,56.56797603293675,31.071667898490176,0.0,0.0,0.0,0.0,15,541,678,33.89067002637739,42.47296539350069,-32.021491418858595,14.931834243692158,-27.100012119196936,-89.28187414225019
86,2881.5,13,456,492,28.565888229257098,30.821089931566867,0.0,0.0,0.0,0.0,,,,,,,,,,16,904,496,56.63062052466758,31.071667898490176,-0.31495075880112006,0.31495075880110224,-6.286442291439533,6.286442291439177,15,524,685,32.825713666953334,42.911476835616476,-33.85477763286263,11.886608986224788,-39.318496846757654,-87.19458579483485
87,2913.8,13,456,492,28.565888229257098,30.821089931566867,0.0,0.0,0.0,0.0,,,,,,,,,,16,903,497,56.56797603293675,31.134312390221,-0.31166351897639066,-0.0012454074267979735,6.220828722083656,-12.454074267963197,14,505,691,31.63546832406762,43.287343786001436,-34.97854775610885,8.734050975899443,-25.60349066853652,-99.45875861055613
88,2952.4,13,456,493,28.565888229257098,30.883734423297696,0.0,-0.03821046522323961,0.0,-12.528021384668898,,,,,,,,,,16,903,496,56.56797603293675,31.071667898490176,0.33275357668838135,0.3327535766883625,6.454967540026802,6.454967540026436,15,486,695,30.445222981181907,43.537921752924746,-35.49957857850774,5.0072328949072435,-40.37015586623768,-103.24191535891222
89,2981.2,13,456,492,28.565888229257098,30.821089931566867,0.0,0.0,0.0,0.0,,,,,,,,,,16,903,497,56.56797603293675,31.134312390221,-0.31463690887800744,0.3146369088779896,6.292738177560148,-6.292738177559791,15,467,697,29.254977638296193,43.6632107363864,-36.07391511714646,1.899131391594509,-5.197801734663322,-113.15601790888223
90,3014.0,13,456,492,28.565888229257098,30.821089931566867,0.0,0.0,0.0,0.0,,,,,,,,,,16,903,496,56.56797603293675,31.071667898490176,0.0,-0.31181538002351067,0.0,6.255072818927005,14,447,697,28.002087803679654,43.6632107363864,-35.722534534226156,-1.5935660666711142,10.753455177173032,-106.68130211939547
91,3049.4,13,456,492,28.565888229257098,30.821089931566867,0.0,-0.3297524401656089,0.0,6.516846643589121,,,,,,,,,,15,904,497,56.63062052466758,31.134312390221,0.02680278567188286,0.026802785671881355,-12.76323127232574,-12.763231272325015,15,428,695,26.81184246079394,43.537921752924746,-35.787872526759045,-4.8471944718994795,34.42595074765407,-99.94215405978308
92,3081.2,13,456,492,28.565888229257098,30.821089931566867,0.0,0.0,0.0,0.0,,,,,,,,,,16,903,497,56.56797603293675,31.134312390221,0.30181025826355484,-0.3018102582635377,6.036205165271095,-6.0362051652707525,15,409,691,25.62159711790823,43.287343786001436,-34.688939296343314,-7.938741580799702,32.89731815072609,-83.60144153900198
93,3113.7,13,456,492,28.565888229257098,30.821089931566867,0.0,0.0,0.0,0.0,,,,,,,,,,16,903,496,56.56797603293675,31.071667898490176,0.0,0.3136928405966461,0.0,6.292735016983884,15,391,686,24.493996266753346,42.9741213273473,-33.91408377320985,-11.29986774141673,25.52439358945283,-88.02886186747784
94,3150.6,13,456,492,28.565888229257098,30.821089931566867,-0.32180367807766724,0.32180367807766724,-6.359756483748376,6.359756483748376,,,,,,,,,,16,903,496,56.56797603293675,31.071667898490176,-0.3054807220590038,-0.30548072205898646,6.196363530608601,6.19636353060825,14,373,679,23.366395415598458,42.53560988523151,-32.569819939049786,-14.541801895273613,29.171926479801837,-91.65087802270999
95,3183.7,13,456,492,28.565888229257098,30.821089931566867,0.0,0.0,0.0,0.0,,,,,,,,,,16,904,496,56.63062052466758,31.071667898490176,-0.019060501974340085,0.01906050197433903,-12.29709804796173,12.297098047961033,15,355,671,22.238794564443573,42.0344539513849,-30.645924201639644,-17.536069892454876,45.990781258126155,-103.6635011274405
96,3213.5,13,456,492,28.565888229257098,30.821089931566867,0.0,0.0,0.0,0.0,,,,,,,,,,16,903,497,56.56797603293675,31.134312390221,0.29973972722650155,0.0189103108418541,6.006808160851723,-12.20020054313201,15,339,661,21.236482696750343,41.40800903407663,-28.859130795840144,-19.95584004076828,75.77726928368756,-85.4375168770419
97,3249.2,13,455,493,28.50324373752627,30.883734423297696,-0.010145144474676368,0.010145144474676368,12.681430593342517,-12.681430593342517,,,,,,,,,,16,903,496,56.56797603293675,31.071667898490176,0.0,0.0,0.0,0.0,15,324,649,20.29681532078794,40.6562751333067,-27.16411168571611,-23.25037725142421,80.47732815171285,-84.99365252801235
98,3283.1,13,456,492,28.565888229257098,30.821089931566867,0.3213905974551449,0.0,6.4666116188157865,0.0,,,,,,,,,,16,903,497,56.56797603293675,31.134312390221,-0.31303897505510647,0.31303897505508865,6.382038227423175,-6.382038227422813,15,310,635,19.41979243655636,39.77925224907512,-24.371252996044184,-26.053370584920472,80.2601484319231,-67.71075827830575
99,3316.4,13,456,492,28.565888229257098,30.821089931566867,0.0,0.0,0.0,0.0,,,,,,,,,,16,904,496,56.63062052466758,31.071667898490176,0.29805344097717856,-0.2980534409771617,-6.03958340379289,6.039583403792547,15,298,621,18.668058535786436,38.90222936484355,-20.967094845671436,-27.472188777944556,77.61507182746313,-60.652837587025545
100,3349.4,13,456,492,28.565888229257098,30.821089931566867,0.3122849791467457,-0.3122849791467457,-6.245699582934913,6.245699582934913,,,,,,,,,,16,903,496,56.56797603293675,31.071667898490176,0.0,0.0,0.0,0.0,15,287,605,17.97896912674734,37.89991749715031,-18.45232232890049,-28.79023675621186,93.41068296237098,-25.582385491700826
101,3381.2,13,457,492,28.628532720987923,30.821089931566867,0.015869232041704186,0.3074369404506177,-12.695385633360969,6.267827532122691,,,,,,,,,,15,903,497,56.56797603293675,31.134312390221,0.3074369404506177,-0.3074369404506002,6.267827532122691,-6.267827532122335,15,278,589,17.415168701169897,36.89760562945708,-15.572225507414304,-29.62905707627546,99.12879119355878,-5.188048884894852
102,3415.1,13,456,492,28.565888229257098,30.821089931566867,0.0,0.0,0.0,0.0,,,,,,,,,,16,904,496,56.63062052466758,31.071667898490176,0.0,0.0,0.0,0.0,15,271,573,16.976657259054107,35.89529376176385,-12.671508033540904,-30.28353649119484,90.48192537882963,3.6853054036357786
103,3449.4,13,456,492,28.565888229257098,30.821089931566867,0.0,0.0,0.0,0.0,,,,,,,,,,16,903,496,56.56797603293675,31.071667898490176,0.0,0.3136928410693108,0.0,6.2738568213862145,15,265,557,16.600790308669147,34.89298189407062,-9.710682489384329,-30.398106128237558,81.42211382795219,-6.575001948813219
104,3481.8,13,456,493,28.565888229257098,30.883734423297696,-0.3096427396250734,-0.006884216400485004,6.223974665830621,-12.516757091786735,15,463,583,29.004399671372887,36.52173867907212,,,,,15,904,496,56.63062052466758,31.071667898490176,-0.006884216400485004,0.006884216400484625,-12.516757091786735,12.516757091786024,15,261,541,16.350212341745838,33.89067002637739,-6.846561353754197,-31.005726259307693,74.34365718934528,-22.181119763857314
105,3515.0,13,456,492,28.565888229257098,30.821089931566867,0.0,0.0,0.0,0.0,17,458,584,28.691177212718753,36.58438317080295,,,,,16,904,496,56.63062052466758,31.071667898490176,-0.32170100290385173,0.0,-6.440460518595625,0.0,15,258,525,16.162278866553358,32.888358158684156,-4.362690914752758,-31.97073128996115,75.86075968199398,-37.46297905261097
106,3549.3,13,456,492,28.565888229257098,30.821089931566867,0.0,0.0,0.0,0.0,17,451,585,28.252665770602963,36.64702766253377,,,,,16,903,497,56.56797603293675,31.134312390221,0.0,0.001877461045799415,0.0,-12.516406972007058,15,256,508,16.036989883091703,31.8234017992601,-1.8896687647750732,-31.929113052412937,75.15473751557634,-24.07578732396716
107,3581.3,13,456,492,28.565888229257098,30.821089931566867,0.31243743996075896,-0.3155854043693611,6.280149546949929,6.3117080873872204,18,443,584,27.751509836756348,36.58438317080295,-13.497769206484639,-2.183914115316781,-18.209277832111795,-56.552904462988074,15,903,497,56.56797603293675,31.134312390221,-0.3155854043693611,0.0031479644085842316,6.3117080873872204,-12.591857634336792,14,256,490,16.036989883091703,30.695800948105212,0.6091350578786142,-32.34160250079672,75.51958726558561,-4.670663984665554
108,3613.2,13,456,492,28.565888229257098,30.821089931566867,0.0,0.0,0.0,0.0,17,435,582,27.25035390290973,36.45909418734129,-14.548566756982606,-3.7518557841530327,2.520740803575126,-50.42770988633899,16,903,496,56.56797603293675,31.071667898490176,-0.32170100290385173,0.0,6.440460518595625,0.0,15,257,472,16.099634374822532,29.568200096950328,3.408443531110547,-32.5924220456302,82.41081762683126,24.801252867905188
109,3649.5,13,456,492,28.565888229257098,30.821089931566867,0.0,0.0,0.0,0.0,17,426,579,26.68655347733229,36.27116071214881,-14.105535923819959,-5.343907899822843,30.4256942609625,-31.791232141961213,16,903,496,56.56797603293675,31.071667898490176,0.0,0.00439835346508656,0.0,12.566724185964881,14,259,455,16.224923358284183,28.50324373752627,6.304802610914574,-31.98867539003056,88.40756539240094,22.886918309643203
110,3681.3,13,457,492,28.628532720987923,30.821089931566867,-0.0006270719892998584,0.3136928410693307,-12.541439785951106,6.273856821386612,18,420,576,26.310686526947325,36.08322723695633,-13.474369510226877,-6.268840245472001,18.67727175726705,-25.145618140116305,16,903,496,56.56797603293675,31.071667898490176,0.0,0.0006270719892998584,0.0,12.541439785951106,14,263,438,16.475501325207492,27.438287378102213,8.779010046015857,-31.02298352241907,87.87791249715924,31.04304355221835
111,3713.1,13,456,492,28.565888229257098,30.821089931566867,0.0,0.31259663955593586,0.0,6.258190982100813,17,412,572,25.80953059310071,35.83264927003302,-12.845278716805579,-7.202251620661341,31.57911986062951,-18.649283837551067,15,903,496,56.56797603293675,31.071667898490176,0.31259663955593586,0.31259663955591815,6.258190982100813,6.258190982100458,14,269,422,16.851368275592453,26.43597551040898,11.893706996175233,-29.75932531218822,87.46432681890812,31.917400454256235
112,3749.0,13,456,492,28.565888229257098,30.821089931566867,0.0,0.0,0.0,0.0,17,406,568,25.43366364271575,35.582071303109714,-11.618326421941175,-8.15270403876223,19.568466580822147,-24.666981706066675,16,903,497,56.56797603293675,31.134312390221,0.0,0.3157427227447676,0.0,-6.308545908986371,14,276,406,17.289879717708242,25.43366364271575,14.726694463800603,-28.88605780172715,80.87669295706698,39.47725431957119
113,3781.2,13,456,493,28.565888229257098,30.883734423297696,-0.3136928410693129,0.0006270719892999126,6.273856821386256,-12.541439785951816,17,400,564,25.057796692330786,35.33149333618641,-11.282909126666715,-9.086432167192172,25.195808994688296,-31.262628540968393,16,903,497,56.56797603293675,31.134312390221,0.0,0.3136928410693129,0.0,-6.273856821386256,14,284,391,17.791035651554857,24.493996266753346,17.2317858111764,-27.266194293458867,81.34682754609555,44.167952022560904
114,3813.2,13,456,493,28.565888229257098,30.883734423297696,0.0,0.0012478945128831956,0.0,-12.478945128815159,17,394,559,24.681929741945826,35.018270877532274,-10.317602107084596,-9.999388694948877,18.923909304624946,-37.23757079356852,16,904,497,56.63062052466758,31.134312390221,0.0012478945128831956,0.3132218340841701,-12.478945128815159,-6.245699582934587,14,295,377,18.480125060593956,23.616973382521767,19.374829510755198,-25.949992237497145,62.00865049537695,44.193150488622614
115,3849.1,12,456,492,28.565888229257098,30.821089931566867,0.0,0.0,0.0,0.0,17,389,553,24.36870728329169,34.64240392714731,-9.684666875265536,-10.92385592702279,19.066089796313513,-30.7006883890495,16,903,497,56.56797603293675,31.134312390221,0.3110426740800478,-0.31104267408003017,6.2146388427582036,-6.214638842757851,14,306,363,19.16921446963305,22.739950498290188,21.225626505885554,-24.057391262264517,48.97209909258255,56.99959961574612
116,3881.2,13,456,492,28.565888229257098,30.821089931566867,0.0,-0.3164771205204186,0.0,6.199355935757444,17,384,547,24.055484824637556,34.26653697676235,-8.706742215745061,-11.755550551829387,26.32752922374476,-22.119739151775985,16,903,497,56.56797603293675,31.134312390221,0.3035923572848885,-0.3035923572848713,6.0718471456977685,-6.071847145697424,14,318,351,19.920948370402975,21.988216597520264,23.20750874637389,-22.070447896647547,38.167631157854224,59.74697591366537
117,3913.5,13,456,492,28.565888229257098,30.821089931566867,0.0,-0.31166165459215817,0.0,6.239472564407566,17,379,540,23.74226236598342,33.828025534646564,-7.816549220807586,-12.204820241101539,30.94753409072911,-6.739130027022882,15,903,497,56.56797603293675,31.134312390221,-0.31166165459215817,-0.3141624401925301,6.239472564407566,-6.264455437537977,14,331,339,20.735326762903725,21.236482696750343,24.72880449359642,-20.325528759700113,44.75057149547487,67.95966063395008
118,3949.6,13,456,492,28.565888229257098,30.821089931566867,0.0,0.0,0.0,0.0,17,375,533,23.491684399060112,33.389514092530774,-6.869225038924977,-12.832202052882813,36.96260346419519,-7.276348941498171,16,904,496,56.63062052466758,31.071667898490176,-0.005001631100729713,0.005001631100729443,-12.504077751828406,12.504077751827696,14,344,329,21.549705155404478,20.610037779442074,25.989827725891406,-17.808904944261823,45.83787543489688,67.34838681216837
119,3983.3,13,456,492,28.565888229257098,30.821089931566867,0.0,0.32715757703584347,0.0,6.408571538410232,17,372,526,23.303750923867632,32.951002650414985,-5.892275109384727,-13.501267817522637,28.80404974511564,-12.076485445545096,16,904,496,56.63062052466758,31.071667898490176,-0.026976571191342183,0.35413414822718414,-12.547242414575917,18.95581395298544,14,359,320,22.489372531366882,20.04623735386463,27.356669783272427,-15.521605144860038,43.10878484407568,68.53593793133929
120,4013.4,13,456,492,28.565888229257098,30.821089931566867,0.0,0.0,0.0,0.0,17,369,520,23.115817448675152,32.575135700030025,-4.375529907947076,-13.064459257822108,37.94174144201374,-10.470860297713257,16,903,496,56.56797603293675,31.071667898490176,0.28755996279520674,-0.034969042881430455,5.756956212116247,11.85391284116359,14,374,312,23.429039907329287,19.545081420018015,27.38406549546929,-13.02168259519692,8.407806920398409,78.26348580255012
121,4049.3,13,456,492,28.565888229257098,30.821089931566867,0.0,0.0,0.0,0.0,17,367,512,22.990528465213497,32.073979766183406,-3.142917506167133,-13.793183541901433,37.787798396543664,-12.001113225374837,16,903,497,56.56797603293675,31.134312390221,-0.3147939123805826,0.002510808819292938,6.2895886589527334,-12.55404409649041,14,389,306,24.36870728329169,19.16921446963305,29.467598131628407,-10.987657227488517,23.926826786507362,69.48707390545006
122,4081.1,13,456,493,28.565888229257098,30.883734423297696,0.0,0.017828059947709845,0.0,-12.734328534077605,17,365,504,22.865239481751843,31.57282383233679,-2.2735179532810843,-14.205427178009636,45.19916408113492,-2.3235014764793855,16,903,498,56.56797603293675,31.19695688195183,-0.32478827904016544,0.03565611989541869,6.45702344016234,-25.468657068154485,14,405,301,25.37101915098492,18.855992010978916,30.288271790469352,-8.31969883541006,16.842176448295167,78.74230970567501
123,4119.2,13,456,492,28.565888229257098,30.821089931566867,0.0,0.0,0.0,0.0,17,365,497,22.865239481751843,31.134312390221,-0.7660762344212,-14.838184653912688,30.289896998929287,-23.0589203467211,16,904,497,56.63062052466758,31.134312390221,-0.07150395751211497,-0.0715039575121109,-12.544553949494748,-12.544553949494038,14,421,297,26.373331018678154,18.60541404405561,31.007654769606127,-5.239993024136262,60.09104514267985,68.83839644812436
124,4149.4,13,456,492,28.565888229257098,30.821089931566867,0.0,0.0,0.0,0.0,17,365,489,22.865239481751843,30.633156456374387,0.3129095491050086,-14.393839258831376,31.25969521528771,1.300606331819502e-12,16,903,496,56.56797603293675,31.071667898490176,0.0,-0.3129095491050258,0.0,6.251939043057435,14,438,294,27.438287378102213,18.417480568863127,31.290954910502997,-3.4420050401553604,12.50387808611197,81.27520755974874
125,4181.7,13,456,492,28.565888229257098,30.821089931566867,0.0,-0.3104230634677933,0.0,6.2084612693558645,17,365,481,22.865239481751843,30.132000522527772,1.884955892758093,-14.365394715331643,37.4742722218309,-0.8567676551709533,16,903,496,56.56797603293675,31.071667898490176,0.0,-0.3066868114758957,0.0,18.66263457568302,14,455,294,28.50324373752627,18.417480568863127,31.22911894637317,-0.6021648669760629,1.8625383808067528,74.6877890703489
126,4213.6,13,456,492,28.565888229257098,30.821089931566867,0.0,0.0,0.0,0.0,17,366,473,22.927883973482672,29.630844588681157,2.789105226017162,-14.603802858078716,45.03174411205253,28.02463636015257,16,903,496,56.56797603293675,31.071667898490176,-0.34069715273842976,-0.0346461435785754,6.841308287920314,13.325439837916393,14,472,294,29.568200096950328,18.417480568863127,32.678105247651416,1.7323676242233146,-24.700145184093213,78.88110881373022
127,4249.5,13,456,492,28.565888229257098,30.821089931566867,0.0,0.0,0.0,0.0,17,368,466,23.053172956944323,29.192333146565367,4.072049433726112,-13.774281791888285,43.84799478713164,12.378770568292074,16,903,496,56.56797603293675,31.071667898490176,0.0,0.3133789916169738,0.0,6.2613185138256275,14,489,295,30.633156456374387,18.480125060593956,30.99260339607229,4.700059055156519,-18.464947305506545,81.40339574318533
128,4281.7,13,456,492,28.565888229257098,30.821089931566867,0.0,0.0,0.0,0.0,17,371,458,23.241106432136807,28.691177212718753,5.303777499543023,-13.12893341956337,30.902159913867706,25.585993570536424,15,903,497,56.56797603293675,31.134312390221,0.31088692066266715,0.003116641379643065,6.2177384132533415,-12.466565518572242,14,505,299,31.63546832406762,18.730703027517265,30.622750293922508,6.855095461476664,-13.98991142981994,74.4574174987056
129,4313.2,12,456,492,28.565888229257098,30.821089931566867,0.0,0.0,0.0,0.0,17,374,452,23.429039907329287,28.31531026233379,6.865597316915866,-12.833057760364266,36.8255267895283,7.532494116041429,16,903,497,56.56797603293675,31.134312390221,0.30979911621134953,0.00625209503330251,6.220865787376531,-12.50419006659354,14,522,303,32.700424683491676,18.98128099444057,30.053319907953668,9.660041457851243,-28.006387741564716,80.30912880932141
130,4349.5,13,456,492,28.565888229257098,30.821089931566867,0.0,0.0,0.0,0.0,17,378,445,23.679617874252592,27.876798820218,7.836050306840002,-12.5345451309975,31.432022675146086,12.415962649523618,15,903,497,56.56797603293675,31.134312390221,0.0,-0.0006270719892998584,0.0,-12.541439785951106,14,537,309,33.64009205945408,19.357147944825535,29.14333476396036,12.22524179385329,-18.520425336732206,69.10025903074997
131,4382.2,13,456,492,28.565888229257098,30.821089931566867,0.0,0.0,0.0,0.0,17,382,439,23.9301958411759,27.50093186983304,8.815086699274739,-11.60919560038317,38.97464008079328,4.657545119616801,16,904,496,56.63062052466758,31.071667898490176,0.3094781169565586,-0.309478116956541,-6.245774307902268,6.245774307901914,14,553,316,34.64240392714731,19.79565938694132,28.222876163068047,14.17307902103049,-33.7687777414131,71.17409612425615
132,4413.8,13,456,492,28.565888229257098,30.821089931566867,0.0,0.0,0.0,0.0,17,388,432,24.306062791560862,27.06242042771725,9.710058218117647,-10.936750492896405,19.72439172342939,30.167451559263814,16,904,496,56.63062052466758,31.071667898490176,-0.006252095033302834,-0.309799116211332,-12.50419006659425,6.220865787376178,14,568,325,35.582071303109714,20.359459812518764,26.576756584262636,16.613168105233346,-41.11017932982734,57.92400533346339
133,4449.4,13,456,492,28.565888229257098,30.821089931566867,0.0,0.0,0.0,0.0,17,393,426,24.619285250214997,26.68655347733229,10.33544666057448,-9.881722649950243,18.60594236458341,40.69359653060187,16,903,496,56.56797603293675,31.071667898490176,0.0,-0.03159202987906556,0.0,11.921520709078916,14,582,334,36.45909418734129,20.92326023809621,24.62532655017793,18.19256465119162,-71.93018955380727,50.36566403908692
134,4481.3,13,456,492,28.565888229257098,30.821089931566867,0.0,0.0,0.0,0.0,17,399,421,24.99515220059996,26.373331018678154,11.600389751883679,-9.442848781687331,17.237328690325363,39.06287503569767,16,904,496,56.63062052466758,31.071667898490176,-0.3094781169565586,0.0,-6.245774307902268,0.0,14,595,344,37.27347257984204,21.549705155404478,23.271226291763305,20.67211947711801,-66.16361118501928,59.98716434168723
135,4513.4,13,456,492,28.565888229257098,30.821089931566867,0.0,0.2875267739985233,0.0,5.773629999970379,17,405,417,25.37101915098492,26.122753051754845,11.255550532441447,-8.020160736752324,11.309590491908107,28.398607801059423,16,903,496,56.56797603293675,31.071667898490176,-0.32382441485125646,0.28752677399850696,6.127235853382294,5.773629999970051,14,607,356,38.02520648061197,22.3014390561744,20.96742862515548,21.827154594327666,-71.52692828276678,46.77451854393313
136,4554.6,13,456,492,28.565888229257098,30.821089931566867,0.0,0.0,0.0,0.0,17,412,413,25.80953059310071,25.872175084831536,12.645467015775338,-6.445464560673008,25.310794426307158,24.634504025999068,16,903,497,56.56797603293675,31.134312390221,0.0,0.2825704103134681,0.0,-5.948850743441433,14,617,369,38.65165139792024,23.115817448675152,18.899124347414563,24.789728953934947,-36.93297019454495,75.05571053778148
137,4581.8,13,456,492,28.565888229257098,30.821089931566867,0.0,0.0,0.0,0.0,18,419,409,26.2480420352165,25.62159711790823,12.852772215332712,-5.9373194195129235,7.685705408162864,30.698903316031835,16,903,496,56.56797603293675,31.071667898490176,-0.3099491277003875,0.31684712672976334,6.236400959766371,6.305415457308722,14,627,382,39.27809631522851,23.9301958411759,16.889008874467017,26.353034682183754,-60.84569065172273,53.06587456509372
138,4619.1,13,456,493,28.565888229257098,30.883734423297696,0.0,-0.07305942812078142,0.0,-12.596453124271271,17,425,406,26.62390898560146,25.43366364271575,13.682833215248655,-4.831331138174391,34.61818023292054,31.93875451829557,16,903,497,56.56797603293675,31.134312390221,0.3521865529689473,-0.07305942812077727,6.66388936554295,-12.596453124270555,14,636,397,39.84189674080595,24.869863217138306,14.434044574037378,27.996980108314382,-52.094340423345955,69.96768607265493
139,4649.6,13,456,492,28.565888229257098,30.821089931566867,0.0,0.0,0.0,0.0,17,433,405,27.12506491944808,25.37101915098492,14.10651928935865,-4.229277807311896,5.448200807025717,22.022059202655925,16,903,497,56.56797603293675,31.134312390221,0.0,-0.30426987799137595,0.0,-6.405681641923705,14,643,412,40.28040818292174,25.80953059310071,13.364815526274453,29.160069386869413,-79.5787944610363,16.951456471365354
140,4681.2,13,456,492,28.565888229257098,30.821089931566867,0.0,0.0,0.0,0.0,17,440,402,27.563576361563864,25.18308567579244,14.10041091472236,-2.8376582145170293,17.417688945753728,31.668525355917957,16,903,497,56.56797603293675,31.134312390221,0.31041312617619354,0.006277154133053496,6.245736945195064,-12.55430826609566,14,649,428,40.6562751333067,26.81184246079394,10.381730554741214,29.467582950681674,-70.0854626626802,9.601092607902947
141,4713.2,13,456,492,28.565888229257098,30.821089931566867,0.0,-0.34380840717154787,0.0,6.841958351672592,17,448,401,28.064732295410483,25.120441184061615,14.840118481041552,-1.7190420358576806,-10.021256411604947,34.2097917583618,16,904,496,56.63062052466758,31.071667898490176,0.34380840717154787,-0.34380840717152833,-6.841958351672592,6.841958351672205,14,654,444,40.96949759196084,27.814154328487174,8.298450277464775,30.928287775701953,-78.31148947192804,-7.665716521377995
142,4749.8,13,456,492,28.565888229257098,30.821089931566867,0.0,0.0,0.0,0.0,17,456,400,28.565888229257098,25.057796692330786,14.43757116110943,-0.2912173824546692,1.1596209844069563,56.581941293496456,16,903,496,56.56797603293675,31.071667898490176,0.0,-0.3113443692796804,0.0,6.2644742309795065,14,658,460,41.22007555888415,28.816466196180404,5.302917771167196,30.763335524722024,-81.33732839539634,15.049863645453115
143,4781.6,13,456,492,28.565888229257098,30.821089931566867,0.0,0.0,0.0,0.0,17,464,400,29.067044163103713,25.057796692330786,14.628110496622831,1.2324463298312511,-6.905745083194645,49.40925441197564,16,904,496,56.63062052466758,31.071667898490176,0.003091918339067733,-0.3127494599664053,-12.367673356293157,6.199196431445122,14,660,476,41.3453645423458,29.818778063873637,3.130586518003192,30.494851159755047,-74.35963767074578,10.862417533000729
144,4813.7,13,456,492,28.565888229257098,30.821089931566867,0.0,0.0,0.0,0.0,17,471,401,29.505555605219502,25.120441184061615,14.3365503463584,2.4933131037145024,0.0,49.618171218199045,16,904,496,56.63062052466758,31.071667898490176,-0.31166413796432385,0.31166413796430614,-6.2022714022751,6.202271402274748,14,661,493,41.40800903407663,30.883734423297696,0.3116641379642884,30.854749658467014,-80.62952822957419,6.202271402274774
145,4849.2,13,456,492,28.565888229257098,30.821089931566867,0.0,0.0,0.0,0.0,17,479,404,30.006711539066117,25.308374659254095,14.139569596655818,3.4502050323285047,-7.155628317477594,18.698187776587798,16,903,496,56.56797603293675,31.071667898490176,0.0,0.31227996379358314,0.0,6.283299070293445,14,660,510,41.3453645423458,31.948690782721755,-2.4906769950492356,31.10478429805296,-75.4754435606692,-8.179666998955351
146,4882.5,13,456,492,28.565888229257098,30.821089931566867,0.0,0.0,0.0,0.0,17,487,406,30.507867472912732,25.43366364271575,13.478078118403,4.7296545139962385,-15.889743087664355,19.91102674094803,16,903,496,56.56797603293675,31.071667898490176,-0.3070070435138294,0.0,6.221014052965145,0.0,14,659,526,41.28272005061497,32.951002650414985,-5.119694131702686,31.071796663774595,-89.17417104493126,0.5735686715492392
147,4914.2,13,456,492,28.565888229257098,30.821089931566867,0.0,0.0,0.0,0.0,17,494,409,30.94637891502852,25.62159711790823,13.143471835504974,5.6445507688231205,-23.742855937381634,13.093026097395338,16,903,497,56.56797603293675,31.134312390221,-0.31010581727450215,0.3101058172744846,6.233282759286476,-6.233282759286122,14,655,543,41.03214208369166,34.015959009839044,-7.555302518775899,30.37470074767238,-75.9270221533151,-15.755483557391857
148,4949.2,13,456,492,28.565888229257098,30.821089931566867,0.0,0.0,0.0,0.0,17,501,411,31.38489035714431,25.746886101369885,12.518907725112538,5.942167327183512,-25.25760911338797,31.14105812051236,16,903,497,56.56797603293675,31.134312390221,0.0,0.0012503890565023297,0.0,-12.503890565035059,14,650,559,40.71891962503753,35.018270877532274,-10.0056232232606,29.416057103561915,-74.82348100355804,-25.59487689086545
149,4981.2,13,456,492,28.565888229257098,30.821089931566867,0.0,0.0,0.0,0.0,17,507,415,31.76075730752927,25.99746406829319,11.887889464093982,7.131537170807881,-16.332924679488976,28.759341178234315,16,903,496,56.56797603293675,31.071667898490176,0.0,0.3020316799941614,0.0,6.120196149831042,14,644,575,40.34305267465257,36.020582745225504,-12.691313097997567,28.7930943390367,-64.25275836327329,-46.74788122956132
150,5013.7,13,456,492,28.565888229257098,30.821089931566867,0.0,0.0,0.0,0.0,17,513,419,32.136624257914235,26.2480420352165,10.929013694245924,8.06765500047305,-20.768865494961073,35.61258659908567,15,903,497,56.56797603293675,31.134312390221,0.0,0.0,0.0,0.0,15,637,590,39.90454123253678,36.96025012118791,-14.888406568072556,27.469092836422778,-71.47205421445688,-42.648695563203155
151,5049.4,13,456,492,28.565888229257098,30.821089931566867,0.0,0.0,0.0,0.0,17,519,423,32.512491208299195,26.498620002139806,10.328405800182757,9.08364631203241,-18.464984198583775,31.563113233757196,16,903,496,56.56797603293675,31.071667898490176,0.3140060636062859,-0.31212860256047154,6.267586099925877,6.248820872081478,14,628,604,39.34074080695934,37.83727300541949,-17.229029355337627,26.29202359586628,-69.35628211175218,-36.76108134657257
152,5083.2,13,456,492,28.565888229257098,30.821089931566867,0.0,0.3084402736467092,0.0,6.04784850287665,17,525,429,32.888358158684156,26.87448695252477,9.529038128164327,9.844725147340665,-29.91906229952388,24.440423067506515,16,903,497,56.56797603293675,31.134312390221,0.0,-0.0018116863824068235,0.0,-12.077909216038263,15,618,618,38.71429588965107,38.71429588965107,-19.07619312015276,24.288879103645723,-60.94096756133831,-41.570064562418686
153,5115.2,13,456,492,28.565888229257098,30.821089931566867,0.0,0.0,0.0,0.0,17,529,435,33.138936125607465,27.25035390290973,8.637584304621216,10.794550510262129,-24.382452527200634,18.11934462828534,16,903,497,56.56797603293675,31.134312390221,0.3081380293772858,-0.30813802937726836,6.071685307926813,-6.071685307926469,14,607,631,38.02520648061197,39.52867428215182,-20.971610026512533,22.827120346690705,-48.39402378436046,-48.81874265811845
154,5149.3,13,456,492,28.565888229257098,30.821089931566867,0.0,0.0,0.0,0.0,17,534,440,33.4521585842616,27.563576361563864,8.149116075919963,11.907159448858831,-25.164439710580996,24.963676292296984,16,904,496,56.63062052466758,31.071667898490176,0.3136928410693264,0.0,-6.273856821386526,0.0,14,595,643,37.27347257984204,40.28040818292174,-23.187560287568306,21.31292810502391,-49.93362644141395,-62.92051006168233
155,5184.9,13,456,493,28.565888229257098,30.883734423297696,0.0,-0.03184970889440893,0.0,-12.739883557765905,17,538,447,33.702736551184906,28.002087803679654,6.559521070830113,12.37761591475013,-28.478519948936682,25.3706048068194,16,903,496,56.56797603293675,31.071667898490176,0.3320746326884591,-0.3002249237940331,6.530474585810417,6.209408971955137,15,582,654,36.45909418734129,40.96949759196084,-25.087306462188714,19.442037706485063,-57.27168419944774,-53.746383759324935
156,5216.8,12,456,492,28.565888229257098,30.821089931566867,0.0,0.0,0.0,0.0,17,541,454,33.89067002637739,28.440599245795443,5.926513265698037,12.660003889038297,-28.98508760908221,18.602178575969784,16,904,496,56.63062052466758,31.071667898490176,-0.02923985935971226,0.029239859359710543,-12.71298233030864,12.71298233030792,15,569,664,35.64471579484054,41.59594250926911,-26.64156389976388,17.206481314329626,-63.21924143712231,-61.82375797891032
157,5249.3,13,456,492,28.565888229257098,30.821089931566867,0.30903793055544343,0.0,6.1807586111088675,0.0,17,545,461,34.141247993300695,28.879110687911233,4.6970338213778176,13.40597302515417,-43.87720538026197,5.012595233609727,16,904,496,56.63062052466758,31.071667898490176,0.0,0.0,0.0,0.0,15,554,672,34.70504841887814,42.09709844311572,-27.424434196596835,14.995864396510388,-34.80385173915661,-63.420764108588166
158,5281.6,13,456,492,28.565888229257098,30.821089931566867,0.0,-0.3373944776694367,0.0,6.420446768210056,17,546,468,34.203892485031524,29.317622130027022,3.8416275907252975,13.368878762592237,-27.734375192837778,-4.868787891781184,16,904,496,56.63062052466758,31.071667898490176,0.3373944776694367,0.0,-6.420446768210056,0.0,15,539,680,33.765381042915735,42.59825437696234,-28.217623772223764,13.056525554542093,-7.471176401069867,-78.32211990030126
159,5313.8,13,456,492,28.565888229257098,30.821089931566867,0.0,0.0,0.0,0.0,17,548,475,34.329181468493175,29.756133572142808,2.911895638610736,14.279472534679394,-33.17197686694459,14.788927519722977,16,903,497,56.56797603293675,31.134312390221,-0.3279884941055602,0.32798849410554165,6.553216665445794,-6.553216665445423,15,523,686,32.763069175222505,42.9741213273473,-30.178887135716938,10.603615859617555,-9.715258273249951,-74.31779778834888
160,5350.2,13,457,492,28.628532720987923,30.821089931566867,0.003670091837357227,0.0,-12.23363945784994,0.0,17,549,483,34.391825960224004,30.257289505989426,1.245395376528047,13.926285873681232,-24.539810374936888,5.30084081251649,16,904,496,56.63062052466758,31.071667898490176,-0.3076787522946632,0.3076787522946457,-6.09868686411624,6.098686864115893,14,507,691,31.76075730752927,43.287343786001436,-30.017333288937124,8.069379304570788,-16.591571300294376,-73.87329123213775
161,5386.7,13,456,492,28.565888229257098,30.821089931566867,0.0,0.0,0.0,0.0,17,550,490,34.45447045195483,30.695800948105212,0.11284033468310035,14.112364130141087,-43.22256593070582,19.01693951021799,16,904,496,56.63062052466758,31.071667898490176,-0.34156309593378603,0.34156309593376666,-6.499773471622984,6.499773471622615,15,491,695,30.75844543983604,43.537921752924746,-31.070073362435465,4.9488622761841,-46.80950086271147,-75.96262374114565
162,5413.9,13,456,492,28.565888229257098,30.821089931566867,0.0,0.0,0.0,0.0,17,550,499,34.45447045195483,31.259601373682656,-1.2705184579926494,14.117851719351867,-50.39274034790872,-18.018114639154103,16,903,497,56.56797603293675,31.134312390221,0.0,0.0,0.0,0.0,15,474,697,29.693489080411982,43.6632107363864,-31.389356882644666,2.8001728861282915,-14.469951455575902,-81.59514873491396
163,5451.7,13,456,492,28.565888229257098,30.821089931566867,-0.3027067304737001,0.0,6.196657737435019,0.0,17,549,506,34.391825960224004,31.698112815798446,-2.2869837268599853,13.496494020495206,-45.06371875586179,-13.769645801403682,16,903,497,56.56797603293675,31.134312390221,0.02400523050629126,-0.024005230506289943,12.634331845415835,-12.634331845415119,15,457,698,28.628532720987923,43.725855228117226,-31.470934572685216,-0.1680366135440334,-12.050818527254252,-88.44032291790799
164,5482.6,13,456,492,28.565888229257098,30.821089931566867,0.0,0.0,0.0,0.0,17,547,513,34.26653697676235,32.136624257914235,-3.6781225619432028,13.976848724811866,-35.83818269549401,-21.84312106035808,15,903,497,56.56797603293675,31.134312390221,-0.3371601716840374,0.0408666109183466,6.591596709365393,-12.770815911985872,15,440,697,27.563576361563864,43.6632107363864,-32.00984679416925,-2.584908825054436,27.210472046574093,-81.15460464756117
165,5513.4,13,456,492,28.565888229257098,30.821089931566867,0.0,0.0,0.0,0.0,17,544,520,34.07860350156987,32.575135700030025,-4.682726621525497,12.833964708969516,-18.194358416570637,-7.788659438883112,16,903,497,56.56797603293675,31.134312390221,0.30918073620606923,-0.30918073620605174,6.214688164946116,-6.2146881649457635,15,423,695,26.498620002139806,43.537921752924746,-30.991525301093912,-5.271077708314534,22.46656616011359,-80.64104411820814
166,5549.4,13,456,492,28.565888229257098,30.821089931566867,0.0,0.0,0.0,0.0,17,542,526,33.953314518108215,32.951002650414985,-5.545489169918464,12.480403457097298,-21.64058918801711,-7.030570440109352,16,904,496,56.63062052466758,31.071667898490176,0.035346192887651055,-0.03534619288764902,-12.402172943033857,12.402172943033152,15,407,691,25.496308134446576,43.287343786001436,-30.317997672792426,-7.605848099803754,35.65239273181528,-63.81784466161575
167,5584.9,13,456,492,28.565888229257098,30.821089931566867,0.0,0.0,0.0,0.0,17,538,534,33.702736551184906,33.4521585842616,-6.228195280844063,12.40469378547679,-14.016611417915145,-8.893045886564558,15,903,496,56.56797603293675,31.071667898490176,0.0,-0.30193202173678385,0.0,6.068985361543394,15,390,686,24.431351775022517,42.9741213273473,-29.139829427691335,-10.342866409530592,28.89934938994483,-70.51612036663647
168,5614.1,13,456,492,28.565888229257098,30.821089931566867,0.0,0.0,0.0,0.0,17,535,540,33.514803075992425,33.828025534646564,-7.23736243287157,11.905852149274233,-32.54319493687629,-10.64455922437958,16,904,496,56.63062052466758,31.071667898490176,-0.010043839117039101,-0.30855429066229717,-12.554798896288839,6.227129983093821,15,375,680,23.491684399060112,42.59825437696234,-28.510325532302335,-12.911865734197487,26.81247592114883,-71.1124419966458
169,5652.8,13,456,492,28.565888229257098,30.821089931566867,0.0,0.0,0.0,0.0,17,531,546,33.26422510906912,34.203892485031524,-7.931599401490654,11.258963162024465,-24.512413356899263,-16.59496718218903,16,903,497,56.56797603293675,31.134312390221,0.006514474712552733,-0.006514474712552334,11.844499477364645,-11.844499477363973,15,360,673,22.552017023097708,42.15974293484655,-26.781771952084217,-14.657986144396352,32.74655737859456,-72.58714652972975
170,5684.4,13,456,492,28.565888229257098,30.821089931566867,0.0,0.0,0.0,0.0,17,527,553,33.013647142145814,34.64240392714731,-9.283281058840279,10.796961736086345,-47.39214793879272,-23.42317621173579,16,903,496,56.56797603293675,31.071667898490176,0.0,0.0,0.0,0.0,15,346,664,21.67499413886613,41.59594250926911,-26.39120268907015,-17.590023795290467,26.349429275807687,-75.15538487476815
171,5713.2,13,456,492,28.565888229257098,30.821089931566867,0.0,0.0,0.0,0.0,17,521,558,32.63778019176085,34.955626385801445,-10.032722641723032,10.06546265613567,-23.87174368777514,-26.49750925470362,16,903,496,56.56797603293675,31.071667898490176,-0.3181266470806334,0.0,6.337184204793459,0.0,15,332,654,20.797971254634554,40.96949759196084,-24.83734498965544,-19.119250345807394,47.31427569634696,-54.162726754311656
172,5755.1,13,456,492,28.565888229257098,30.821089931566867,0.0,0.0,0.0,0.0,17,516,563,32.324557733106715,35.26884884445558,-11.336127045630102,9.148850753748416,-42.047266880431046,-24.658452334449148,16,904,496,56.63062052466758,31.071667898490176,0.2933968157963073,-0.2933968157962906,-6.235851557838662,6.235851557838307,15,319,643,19.983592862133804,40.28040818292174,-23.12554914154519,-21.978736610391625,38.7338494745632,-70.53602973606229
173,5781.7,13,456,492,28.565888229257098,30.821089931566867,0.0,0.0,0.0,0.0,17,509,568,31.886046290990926,35.582071303109714,-12.001760465472605,7.966490249312251,-8.486154355807942,-34.75712156368225,16,903,496,56.56797603293675,31.071667898490176,0.0,0.30524652078722636,0.0,6.27433752902828,15,307,631,19.23185896136388,39.52867428215182,-21.323367689786373,-23.02071592265719,77.81984100751745,-36.4724080824099
174,5813.6,13,456,492,28.565888229257098,30.821089931566867,0.0,0.0,0.0,0.0,17,503,572,31.510179340605966,35.83264927003302,-12.195134137413639,7.183554872428696,-19.204182521200863,-30.911012333084415,16,903,496,56.56797603293675,31.071667898490176,0.31384765318239805,0.0,6.251945282517855,0.0,15,296,619,18.54276955232478,38.77694038138189,-19.054858170726725,-24.706611724493015,67.8747047603997,-57.13929274141718
175,5849.2,13,456,492,28.565888229257098,30.821089931566867,0.0,0.0,0.0,0.0,17,496,575,31.071667898490176,36.020582745225504,-13.237315282474553,6.545362137511223,1.6394403800174406,-30.67605598090075,16,904,496,56.63062052466758,31.071667898490176,-0.303701528689902,0.0,-6.454867772367776,0.0,15,287,605,17.97896912674734,37.89991749715031,-17.656766719156533,-26.699776833020074,77.4995707674919,-29.804888917040316
176,5882.5,13,456,492,28.565888229257098,30.821089931566867,0.0,0.0,0.0,0.0,17,489,578,30.633156456374387,36.208516220417984,-12.821150783187134,4.986939658586572,-7.771590043289837,-24.360945712620797,16,903,497,56.56797603293675,31.134312390221,0.0,0.3088758681243772,0.0,-6.202326669164177,15,279,591,17.477813192900722,37.02289461291874,-14.343067239510875,-26.907755551269446,60.678183799535816,-40.651394072595046
177,5913.6,13,456,492,28.565888229257098,30.821089931566867,0.0,0.0,0.0,0.0,17,482,581,30.194645014258597,36.39644969561047,-13.461528619369592,4.071423614627905,-6.1237071179181495,-31.331612822931433,16,904,496,56.63062052466758,31.071667898490176,0.0006258190982065613,0.0,-12.516381964201686,0.0,15,271,575,16.976657259054107,36.020582745225504,-12.213019205687301,-28.488074739529445,68.96207454038878,-18.48996755931129
178,5949.2,13,456,492,28.565888229257098,30.821089931566867,0.0,0.0,0.0,0.0,17,475,583,29.756133572142808,36.52173867907212,-14.087034964407046,2.819785105454641,-18.63383401866733,-43.835484660230854,16,903,496,56.56797603293675,31.071667898490176,-0.0006258190982122902,0.0,12.516381964201567,0.0,14,265,560,16.600790308669147,35.0809153692631,-10.02186954076127,-29.426960076183807,75.19837280041328,-24.73877594623446
179,5982.1,13,456,492,28.565888229257098,30.821089931566867,0.0,0.0,0.0,0.0,17,468,584,29.317622130027022,36.58438317080295,-14.159680227054718,1.885934575232323,-19.10651123919169,-37.90823266798639,16,903,497,56.56797603293675,31.134312390221,0.0,0.0,0.0,0.0,15,261,545,16.350212341745838,34.141247993300695,-7.547531029132296,-30.206559272076134,75.77836660967208,-25.58964449782011
180,6013.7,13,456,492,28.565888229257098,30.821089931566867,0.0,0.0,0.0,0.0,17,460,585,28.816466196180404,36.64702766253377,-14.117932731852404,0.3027011136398671,-6.991260164455853,-43.967538045960836,15,903,496,56.56797603293675,31.071667898490176,-0.31212610005871144,0.31526776219829666,6.267592370656833,6.299056187778189,15,257,528,16.099634374822532,33.076291633876636,-4.685033163020115,-30.74858257487243,81.44723700141392,-26.67502415583356
181,6049.3,13,456,492,28.565888229257098,30.821089931566867,0.0,0.0,0.0,0.0,17,451,584,28.252665770602963,36.58438317080295,-14.348380757746666,-1.2342694753194936,13.412139846047616,-37.164606863727585,16,904,496,56.63062052466758,31.071667898490176,0.0043459659597910715,0.0,-12.417045599406299,0.0,15,255,511,15.974345391360877,32.01133527445258,-2.2110366818366485,-30.868684503691888,80.8622237814967,-4.066906921059495
182,6081.6,13,456,492,28.565888229257098,30.821089931566867,0.0,0.0,0.0,0.0,17,444,584,27.814154328487174,36.58438317080295,-14.39598495229785,-2.1610386251238975,14.356667515711667,-43.437962314048185,16,903,497,56.56797603293675,31.134312390221,0.0,-0.3087198035891207,0.0,-6.205423187721019,15,255,495,15.974345391360877,31.009023406759347,-0.04871849679949126,-31.277967832241867,74.95153353772095,4.053794042227623
183,6113.3,13,456,492,28.565888229257098,30.821089931566867,0.0,0.0,0.0,0.0,17,437,582,27.375642886371384,36.45909418734129,-13.781090552126761,-3.4297833058738094,13.755159355733802,-30.981948289654895,16,903,497,56.56797603293675,31.134312390221,0.0,0.3158948346583702,0.0,-6.286464371310848,14,256,477,16.036989883091703,29.881422555604463,3.0969910179523383,-31.3134917292068,74.81830880124522,15.331466839882468
184,6150.1,13,456,492,28.565888229257098,30.821089931566867,0.0,0.0,0.0,0.0,18,429,579,26.87448695252477,36.27116071214881,-13.116470128922304,-4.70404440255539,11.03053136078494,-31.680133756032138,16,903,496,56.56797603293675,31.071667898490176,0.006856774779092746,0.0,12.466863234709903,0.0,15,258,461,16.162278866553358,28.879110687911233,5.66542360740372,-30.93012788562087,75.41675021136749,2.847792200246231
185,6182.4,13,456,492,28.565888229257098,30.821089931566867,0.0,0.0,0.0,0.0,17,422,577,26.43597551040898,36.14587172868716,-13.14085890878537,-5.654595646381158,10.54662699842507,-25.87864525058049,16,903,496,56.56797603293675,31.071667898490176,0.0,-0.3084072065589749,0.0,6.211625509747722,14,261,445,16.350212341745838,27.876798820218,8.206343603841649,-30.674521202719728,88.83938115754096,7.919353368926063
186,6213.8,13,456,492,28.565888229257098,30.821089931566867,0.0,0.31494698928302467,0.0,6.267601776776609,17,416,574,26.06010856002402,35.95793825349468,-12.506066688994421,-6.578910438819025,11.618449860830212,-31.68724838587178,16,903,497,56.56797603293675,31.134312390221,0.0,0.0,0.0,0.0,14,267,428,16.7260792921308,26.81184246079394,10.660105173451647,-29.075839944559306,75.69142563655195,29.198916934196973
187,6249.8,13,456,492,28.565888229257098,30.821089931566867,0.0,0.0,0.0,0.0,17,409,569,25.62159711790823,35.64471579484054,-11.922272722384266,-7.21214403781976,12.9252842167084,-18.63279774375473,16,904,496,56.63062052466758,31.071667898490176,0.0018849897210893851,0.0,-12.566598140587605,0.0,14,273,412,17.101946242515762,25.80953059310071,13.163855450406457,-28.240037220455047,75.0031463383366,51.11591221632011
188,6281.7,13,456,492,28.565888229257098,30.821089931566867,0.0,0.0,0.0,0.0,17,402,566,25.18308567579244,35.45678231964806,-11.028215449074201,-8.185059339843352,32.00409726564671,-25.087390871518004,15,903,496,56.56797603293675,31.071667898490176,0.0,0.314006050792963,0.0,6.3243917581664135,14,281,397,17.603102176362377,24.869863217138306,15.738306210968751,-27.409735230156997,62.86177910685164,57.83665816305225
189,6313.6,13,456,493,28.565888229257098,30.883734423297696,0.0,0.31353536442948804,0.0,-6.295890851997786,17,397,561,24.869863217138306,35.14355986099393,-10.67910902668496,-9.427488453778075,24.99392814136331,-25.3984833768345,16,903,497,56.56797603293675,31.134312390221,0.0,0.0,0.0,0.0,14,290,384,18.16690260193982,24.055484824637556,17.284779200597733,-25.757796694626716,57.06757290344949,37.29493576986289
190,6349.8,12,456,492,28.565888229257098,30.821089931566867,0.0,0.0,0.0,0.0,17,391,556,24.493996266753346,34.830337402339794,-9.655604594188768,-9.603246857737247,32.408078347201496,-29.189258654595026,16,903,496,56.56797603293675,31.071667898490176,-0.010471547290304545,0.305390862676228,12.319467400359724,6.107817253524559,14,300,371,18.79334751924809,23.241106432136807,19.216965262764784,-23.63903900229634,46.05904990883,40.90405214685398
191,6381.3,13,456,492,28.565888229257098,30.821089931566867,0.0,0.0,0.0,0.0,17,387,551,24.243418299830036,34.51711494368566,-8.782932422352026,-10.964542157572899,13.081907287007216,-30.725517115018896,16,903,497,56.56797603293675,31.134312390221,0.0,0.003766232097898682,0.0,-12.554106993007041,14,311,358,19.482436928287186,22.426728039636053,20.994108714336882,-22.274638937629916,42.67642377202613,45.27772522102526
192,6413.2,13,456,493,28.565888229257098,30.883734423297696,0.0,-0.3121261000587057,0.0,-6.267592370656775,17,382,544,23.9301958411759,34.07860350156987,-8.162403533620283,-11.289947858486498,25.54232673945381,-12.000299850242483,16,903,497,56.56797603293675,31.134312390221,0.3121261000587057,-0.312126100058688,6.267592370656775,-6.26759237065642,14,322,346,20.171526337326284,21.67499413886613,22.8857384927524,-20.719705765179235,55.40148918801036,63.87154875719542
193,6451.5,13,456,492,28.565888229257098,30.821089931566867,0.0,0.0,0.0,0.0,17,378,538,23.679617874252592,33.702736551184906,-6.857063004182954,-12.269752713540294,22.627154494604213,-23.249401243203472,16,904,497,56.63062052466758,31.134312390221,0.3024373753691923,-0.022604527340104714,-6.165899599779636,-12.558070744504567,14,335,336,20.985904729827034,21.04854922155786,23.912026149002156,-18.711355705653567,46.2725309414627,56.00220737414465
194,6481.5,13,456,492,28.565888229257098,30.821089931566867,0.0,0.0,0.0,0.0,17,374,531,23.429039907329287,33.26422510906912,-6.567987674533492,-12.829942315202782,31.128566721346843,-6.508018965417949,16,903,496,56.56797603293675,31.071667898490176,0.0,0.0012503890565023297,0.0,12.503890565035059,14,348,326,21.800283122327784,20.42210430424959,25.35010042937182,-16.577362064963616,44.26951864384101,68.44037602979938
195,6513.3,13,456,492,28.565888229257098,30.821089931566867,0.0,-0.3135334963614794,0.0,6.23947256440755,17,371,525,23.241106432136807,32.888358158684156,-5.315124504456387,-12.800075260628752,31.346365151932496,-18.17207581693531,16,904,496,56.63062052466758,31.071667898490176,0.3135334963614794,-0.31353349636146166,-6.23947256440755,6.239472564407197,14,363,318,22.739950498290188,19.920948370402975,26.54075101034189,-14.377706031561802,17.625733940650434,62.84173263376186
196,6549.6,13,456,492,28.565888229257098,30.821089931566867,0.0,0.0,0.0,0.0,17,369,517,23.115817448675152,32.387202224837544,-4.453152516490383,-13.29042210110816,26.382233633684503,2.4406471643480088,16,904,496,56.63062052466758,31.071667898490176,-0.31068566742471654,-0.011505908060500891,-6.334060497955462,12.784342289450617,14,376,311,23.55432889079094,19.482436928287186,27.81208096385467,-12.40438873107605,33.23928995257389,72.58019781601831
197,6581.5,13,456,492,28.565888229257098,30.821089931566867,0.0,0.0,0.0,0.0,17,366,510,22.927883973482672,31.948690782721755,-3.131289171011253,-13.17516538873301,37.605403349097934,-0.39644250518650925,16,903,497,56.56797603293675,31.134312390221,0.0,0.31275191915690037,0.0,-6.2738599630271,14,392,305,24.55664075848417,19.106569977902225,28.86365606904777,-9.714159391075018,26.001594149677942,68.8236774479726
198,6613.8,13,456,492,28.565888229257098,30.821089931566867,0.0,0.0,0.0,0.0,17,365,503,22.865239481751843,31.510179340605966,-1.8643860708164677,-13.754526213437423,37.32504646279228,-0.8219729951774623,16,904,496,56.63062052466758,31.071667898490176,-0.3144747251716966,0.3144747251716788,-6.258203486003911,6.2582034860035565,14,407,300,25.496308134446576,18.79334751924809,29.08142605273331,-7.4800065634794946,32.934963420372675,74.42591847235374
199,6649.5,13,456,492,28.565888229257098,30.821089931566867,0.0,0.0,0.0,0.0,17,364,496,22.802594990021017,31.071667898490176,-0.9474888917783995,-13.453967645070572,43.801222316505616,-5.7148322286605655,16,903,497,56.56797603293675,31.134312390221,-0.31416244019255,0.3141624401925322,6.264455437538374,-6.264455437538019,14,423,297,26.498620002139806,18.60541404405561,30.348717418656694,-5.333259126471994,17.54422265607543,68.98395843231165
200,6681.2,13,456,492,28.565888229257098,30.821089931566867,0.0,0.0,0.0,0.0,17,364,489,22.802594990021017,30.633156456374387,0.6130048178585563,-13.770857096174069,37.50581006855134,-11.55324069322996,16,903,497,56.56797603293675,31.134312390221,0.0,-0.3108831951336707,0.0,-6.236373021738641,14,440,295,27.563576361563864,18.480125060593956,30.365947665777583,-3.152639813380702,4.134646506888037,62.80158990798177
201,6713.7,13,456,492,28.565888229257098,30.821089931566867,0.0,0.0,0.0,0.0,17,365,481,22.865239481751843,30.132000522527772,1.7204316229465584,-13.410395369819403,34.443075534465756,7.711479373916538,16,903,497,56.56797603293675,31.134312390221,-0.03608621825203325,0.03608621825203121,11.831546967879069,-11.831546967878397,14,456,294,28.565888229257098,18.417480568863127,29.868607869143215,-0.7899945171610462,-17.175567696450443,59.50825662911715
202,6749.8,13,456,492,28.565888229257098,30.821089931566867,0.0,0.0,0.0,0.0,17,366,474,22.927883973482672,29.693489080411982,2.899294213736325,-13.301911423219117,32.904323157367116,8.746860580633665,15,903,497,56.56797603293675,31.134312390221,0.0,0.0,0.0,0.0,14,473,294,29.630844588681157,18.417480568863127,29.668273691319783,1.2844904757229225,-31.112392692703764,62.97515626748705
203,6781.6,13,456,492,28.565888229257098,30.821089931566867,0.0,0.0,0.0,0.0,17,368,466,23.053172956944323,29.192333146565367,4.174202656974626,-13.143934618007098,33.43438592977635,24.041736274245313,16,903,496,56.56797603293675,31.071667898490176,0.28953948425593146,-0.3197019536038479,5.7677188098790815,6.060700542253041,14,489,295,30.633156456374387,18.480125060593956,29.273751486617225,3.764013295326978,-25.89154250609819,74.98034452842545
204,6819.7,13,456,492,28.565888229257098,30.821089931566867,0.0,0.0,0.0,0.0,17,371,459,23.241106432136807,28.753821704449578,4.9972626382030745,-12.081414184041382,27.383924753393035,17.363637338876334,16,904,496,56.63062052466758,31.071667898490176,0.003877132518573433,0.28871109354565033,-11.077521481641208,16.59805404889008,14,505,298,31.63546832406762,18.668058535786436,27.9858609695104,6.15986127742279,-18.347958711715844,71.62109798567221
205,6857.2,13,456,492,28.565888229257098,30.821089931566867,0.0,0.0,0.0,0.0,17,374,452,23.429039907329287,28.31531026233379,6.9081404746514785,-12.508142806848815,41.748307399712346,6.034677899260318,15,903,497,56.56797603293675,31.134312390221,0.0,0.0,0.0,0.0,14,521,302,32.63778019176085,18.918636502709745,29.018742625539655,9.832869938738373,19.01684211951688,96.21254323000785
206,6887.1,13,456,492,28.565888229257098,30.821089931566867,0.0,0.0,0.0,0.0,17,378,446,23.679617874252592,27.93944331194883,7.373705977442851,-11.932432845720575,27.219705453507533,-1.0748780318468025,16,904,496,56.63062052466758,31.071667898490176,-0.07193589614068835,0.35187238864563086,-12.6203326562605,6.670566609395846,14,536,308,33.577447567723254,19.294503453094705,27.935655470849607,11.732239341414074,0.5247933920200958,76.07607340687497
207,6926.4,13,456,492,28.565888229257098,30.821089931566867,0.0,0.0,0.0,0.0,17,382,440,23.9301958411759,27.563576361563864,8.431532392178879,-12.12379338558178,36.98851674568493,-18.157999129699196,16,903,498,56.56797603293675,31.19695688195183,-0.26419888733714336,-0.2609371726786467,6.052666376566846,-26.900739451407382,14,551,315,34.51711494368566,19.733014895210495,27.93984776456647,15.14740287399563,17.4854806434134,96.84266202506548
208,6949.4,13,456,492,28.565888229257098,30.821089931566867,0.0,0.0,0.0,0.0,17,387,434,24.243418299830036,27.187709411178904,9.408886358381089,-11.175575324130612,12.497807214813001,22.871341248639958,15,903,497,56.56797603293675,31.134312390221,0.3009684404645347,-0.30096844046451765,6.528599576237207,-6.528599576236838,14,565,323,35.394137827917234,20.23417082905711,26.68269519578305,16.148178429619126,-69.69032215762104,40.77896416436886
209,6981.2,12,456,492,28.565888229257098,30.821089931566867,0.0,0.0,0.0,0.0,17,391,428,24.493996266753346,26.81184246079394,9.847213421998013,-10.381607413760841,25.352184972744915,34.036098689864744,16,903,497,56.56797603293675,31.134312390221,-0.3451263770403145,0.04731690368063127,6.813946239690304,-13.143584355729564,14,578,331,36.208516220417984,20.735326762903725,24.918639403281176,18.06342876615576,-64.64840800558962,58.486932432481474
210,7013.7,13,456,492,28.565888229257098,30.821089931566867,0.0,0.0,0.0,0.0,17,396,422,24.80721872540748,26.43597551040898,10.90533010207383,-10.1062151748943,19.684970308036615,64.37972216950394,15,903,496,56.56797603293675,31.071667898490176,0.29153685845111954,-0.47505311176357945,6.678965829349804,21.995448750721646,14,591,342,37.02289461291874,21.424416171942823,24.66097887472906,20.552754643686995,-92.60275188825653,26.99128458871126
211,7049.3,13,456,492,28.565888229257098,30.821089931566867,0.0,0.0,0.0,0.0,17,403,418,25.245730167523266,26.18539754348567,10.960928641857496,-8.147558885854153,18.574110372302037,37.7496084666041,16,904,496,56.63062052466758,31.071667898490176,0.0012528910875008186,-0.0012528910875007643,-12.528910875076692,12.528910875075981,14,602,352,37.71198402195783,22.050861089251093,20.990331820484712,21.29290533134065,-44.270906577079764,62.218571405631046
212,7082.5,13,456,492,28.565888229257098,30.821089931566867,0.0,0.3209876343373341,0.0,6.337366916827908,17,409,414,25.62159711790823,25.934819576562365,11.91586761517082,-7.163644764477075,15.489951121486115,29.4972211380476,16,903,496,56.56797603293675,31.071667898490176,0.0,0.01564791609152508,0.0,12.518332873220062,14,613,365,38.40107343099693,22.865239481751843,19.032568631373334,23.22105579385006,-51.56226863622345,43.341834155757255
213,7113.8,13,456,492,28.565888229257098,30.821089931566867,0.0,0.0,0.0,0.0,17,415,411,25.99746406829319,25.746886101369885,12.530176295074654,-5.635509749619185,12.779489092579142,24.945061552276222,16,904,497,56.63062052466758,31.134312390221,-0.0012528910875122027,0.3125966395559154,-12.528910875076692,-6.25819098210043,14,623,377,39.0275183483052,23.616973382521767,17.221631670588494,24.43641220212497,-56.035553888777144,50.60427102443476
214,7149.4,13,456,492,28.565888229257098,30.821089931566867,0.0,0.0,0.0,0.0,17,422,408,26.43597551040898,25.5589526261774,12.836648093430247,-5.0078056748896005,18.902801747033823,24.982723420799942,16,903,497,56.56797603293675,31.134312390221,0.0006258190982065613,-0.0006258190982065613,12.516381964201686,-12.516381964200976,14,632,391,39.59131877388264,24.493996266753346,15.650175007902781,25.986049359379244,-62.425533234747775,31.550540043691942
215,7181.3,13,456,493,28.565888229257098,30.883734423297696,0.0,0.015036843320834879,0.0,-12.530702767364318,17,429,405,26.87448695252477,25.37101915098492,13.144095704669677,-4.416451202638512,9.372965669988739,26.11398456718633,16,903,497,56.56797603293675,31.134312390221,0.0,0.015036843320834065,0.0,-12.530702767363605,14,639,405,40.02983021599843,25.37101915098492,13.54011102264832,26.59398566739299,-59.621083767116694,24.936098507055135
216,7213.7,13,456,492,28.565888229257098,30.821089931566867,0.0,0.0,0.0,0.0,17,436,404,27.31299839464056,25.308374659254095,13.758195093132906,-3.4450137931102907,11.805471829508123,18.90871135080491,16,903,497,56.56797603293675,31.134312390221,-0.31431866063643726,-0.3111957921638165,6.261327901124215,-6.230145989265617,14,646,420,40.46834165811422,26.310686526947325,11.27487449276751,27.830708846902233,-63.01864386539719,17.349615757893098
217,7249.4,13,456,492,28.565888229257098,30.821089931566867,0.0,0.0,0.0,0.0,17,444,402,27.814154328487174,25.18308567579244,14.080332620846157,-2.1934971883661647,5.9708888012843655,31.30344630966877,16,904,496,56.63062052466758,31.071667898490176,0.0012503890565080957,-0.0012503890565080417,-12.503890565035654,12.503890565034945,14,652,435,40.84420860849918,27.25035390290973,9.08127217638544,28.47295022083904,-68.95252339559903,18.187477185504022
218,7282.5,13,456,492,28.565888229257098,30.821089931566867,0.0,-0.3075075584242119,0.0,6.1563074759602205,17,451,400,28.252665770602963,25.057796692330786,14.023111398654281,-0.9064121300930168,7.998885989785995,43.25437655031372,16,903,496,56.56797603293675,31.071667898490176,0.0,-0.30750755842419447,0.0,6.1563074759598715,14,656,450,41.09478657542249,28.190021278872134,6.805442648281413,28.984856017760762,-73.4751291650359,22.314303674126165
219,7314.1,13,456,492,28.565888229257098,30.821089931566867,0.0,0.0,0.0,0.0,17,459,400,28.753821704449578,25.057796692330786,14.038855218561801,2.2282938913559767e-14,-6.214632677538133,49.71706142031649,16,903,496,56.56797603293675,31.071667898490176,0.0,5.624299485393691e-15,0.0,12.429265355078769,14,659,466,41.28272005061497,29.192333146565367,4.367643845774757,29.637583239186036,-74.57559213047365,18.643898032620847
220,7349.6,13,456,492,28.565888229257098,30.821089931566867,,,,,18,467,401,29.254977638296193,25.120441184061615,,,,,16,903,497,56.56797603293675,31.134312390221,,,,,14,661,482,41.40800903407663,30.194645014258597,,,,
221,7382.4,13,456,492,28.565888229257098,30.821089931566867,,,,,17,474,402,29.693489080411982,25.18308567579244,,,,,16,903,496,56.56797603293675,31.071667898490176,,,,,14,661,498,41.40800903407663,31.19695688195183,,,,
222,7414.5,13,456,492,28.565888229257098,30.821089931566867,,,,,17,481,404,30.132000522527772,25.308374659254095,,,,,16,903,497,56.56797603293675,31.134312390221,,,,,14,660,515,41.3453645423458,32.261913241375886,,,,
