frame_no,timestamp,size_px-darkorange,position_px_x-darkorange,position_px_y-darkorange,rx-darkorange,ry-darkorange,vx-darkorange,vy-darkorange,ax-darkorange,ay-darkorange,size_px-green,position_px_x-green,position_px_y-green,rx-green,ry-green,vx-green,vy-green,ax-green,ay-green,size_px-lightorange,position_px_x-lightorange,position_px_y-lightorange,rx-lightorange,ry-lightorange,vx-lightorange,vy-lightorange,ax-lightorange,ay-lightorange
0,141.2,,,,,,,,,,,,,,,,,,,33,246,520,22.334123138816576,47.21034159424642,,,,
1,141.2,,,,,,,,,,,,,,,,,,,43,469,104,42.580096553272256,9.442068318849284,,,,
2,225.6,6,310,600,28.144626719646904,54.47347107028433,,,,,,,,,,,,,,40,469,109,,,,,,
3,248.1,,,,,,,,,,,,,,,,,,,50,668,31,60.647131124916555,2.8144626719646904,,,,
4,265.3,13,226,627,20.5183407698071,56.92477726844713,,,,,,,,,,,,,,42,464,113,42.12615096101988,10.25917038490355,,,,
5,286.7,10,519,142,47.11955247579595,12.892054819967292,110.07245492065225,-239.05675469125674,-6562.448274003977,14451.396272206091,11,196,777,17.794667216292883,70.54314503601822,,,,,,,,,,,,,
6,299.5,11,520,142,47.21034159424642,12.892054819967292,,,,,11,198,777,17.97624545319383,70.54314503601822,,,,,,,,,,,,,
7,319.4,11,520,142,47.21034159424642,12.892054819967292,162.62674379449845,-270.56691674057356,-12227.57472139085,20086.75127720272,11,199,776,18.067034571644303,70.45235591756774,,,,,,,,,,,,,
8,319.4,11,520,141,47.21034159424642,12.801265701516819,1.8433411756258702,-1.3710213303084167,-57.06938624228699,85.9574501760762,11,198,775,17.97624545319383,70.36156679911727,3.6866823512517404,-3.214362505934287,-114.13877248457398,143.0268364183632,,,,,,,,,
9,328.7,10,520,141,47.21034159424642,12.801265701516819,0.0,-2.0436164034771185,0.0,72.98630012418282,11,199,775,18.067034571644303,70.36156679911727,2.315605210023811,-4.359221613500929,-54.35692981276553,127.34322993694836,,,,,,,,,
10,346.0,10,520,141,47.21034159424642,12.801265701516819,0.0,-2.513331706696188,0.0,67.65361256248156,11,199,776,18.067034571644303,70.45235591756774,0.0,0.0,0.0,0.0,,,,,,,,,
11,384.0,11,520,142,47.21034159424642,12.892054819967292,-0.36866360033947276,0.8467020429913165,-11.41373375664002,-17.297283820047326,11,198,776,17.97624545319383,70.45235591756774,0.36866360033947276,0.8467020429913165,11.41373375664002,-17.297283820047326,,,,,,,,,
12,413.9,11,520,142,47.21034159424642,12.892054819967292,0.0,0.5764344729204315,0.0,-11.482758424709795,11,199,776,18.067034571644303,70.45235591756774,0.0,0.5764344729204315,0.0,-11.482758424709795,,,,,,,,,
13,446.9,11,520,142,47.21034159424642,12.892054819967292,-0.4601057192708308,0.4465273533692059,-9.120034078708244,-8.98445379012487,11,199,776,18.067034571644303,70.45235591756774,0.0,0.0,0.0,0.0,,,,,,,,,
14,481.9,10,519,142,47.11955247579595,12.892054819967292,-0.4686032681793845,0.0,9.372065363587689,0.0,11,199,776,18.067034571644303,70.45235591756774,0.4686032681793845,0.0,-9.372065363587689,0.0,,,,,,,,,
15,514.3,11,520,142,47.21034159424642,12.892054819967292,-0.45828077317188903,0.0,-9.129099067169108,0.0,11,199,776,18.067034571644303,70.45235591756774,0.0,0.0,0.0,0.0,,,,,,,,,
16,546.3,10,519,142,47.11955247579595,12.892054819967292,-0.45783143079259825,-0.4532600022991906,9.165794410262219,-9.119919563363998,11,199,776,18.067034571644303,70.45235591756774,0.0,0.0,0.0,0.0,,,,,,,,,
17,581.9,10,519,142,47.11955247579595,12.892054819967292,0.0,-0.4546273058975608,0.0,-9.092546117951215,11,199,776,18.067034571644303,70.45235591756774,0.0,-0.4546273058975608,0.0,-9.092546117951215,,,,,,,,,
18,613.8,10,519,142,47.11955247579595,12.892054819967292,-0.4575981489054688,0.0,9.142820157951423,0.0,11,199,776,18.067034571644303,70.45235591756774,0.0,0.0,0.0,0.0,,,,,,,,,
19,646.2,10,519,141,47.11955247579595,12.801265701516819,0.0,-0.45417245093652664,0.0,9.10165232337729,11,199,776,18.067034571644303,70.45235591756774,0.0,0.0,0.0,0.0,,,,,,,,,
20,681.8,10,519,141,47.11955247579595,12.801265701516819,-0.4510083944403257,-0.004525896337098679,-9.02919708589241,18.103585348390897,11,199,775,18.067034571644303,70.36156679911727,-0.4510083944403257,0.44648249810322704,-9.02919708589241,27.132782434283307,,,,,,,,,
21,713.9,10,519,142,47.11955247579595,12.892054819967292,0.0,0.0,0.0,0.0,11,199,776,18.067034571644303,70.45235591756774,-0.45417245161881015,0.45417245161881015,-9.074374657718483,9.074374657718483,,,,,,,,,
22,746.0,10,519,141,47.11955247579595,12.801265701516819,0.0,0.0,0.0,0.0,11,199,776,18.067034571644303,70.45235591756774,0.0,0.40889742814799973,0.0,8.194337237434867,,,,,,,,,
23,782.2,10,518,142,47.028763357345476,12.892054819967292,-0.47378988497301944,0.47378988497301944,8.575382533448314,-8.575382533448314,11,198,777,17.97624545319383,70.54314503601822,-0.08265310669987688,0.9475797699460389,16.366951821757922,-17.15076506689663,,,,,,,,,
24,813.9,10,519,142,47.11955247579595,12.892054819967292,0.0,-0.45326546741850565,0.0,-9.065309348370112,11,198,777,17.97624545319383,70.54314503601822,-0.45417245161881015,0.45417245161881015,9.074374657718483,-9.074374657718483,,,,,,,,,
25,853.1,10,519,141,47.11955247579595,12.801265701516819,0.0,0.0,0.0,0.0,11,199,777,18.067034571644303,70.54314503601822,-0.49490083095196846,0.40178513784881853,-9.24184558266981,-8.327153116037689,,,,,,,,,
26,892.7,10,518,142,47.028763357345476,12.892054819967292,0.5622754663273196,-0.5622754663273196,10.176931517236554,-10.176931517236554,11,199,777,18.067034571644303,70.54314503601822,0.3672209892076363,0.0,-8.224434248771255,0.0,,,,,,,,,
27,914.0,10,519,141,47.11955247579595,12.801265701516819,0.0,-0.4530386080520625,0.0,9.069842003044297,11,198,777,17.97624545319383,70.54314503601822,0.45485439223685653,0.0,9.087999844892238,0.0,,,,,,,,,
28,949.6,10,519,141,47.11955247579595,12.801265701516819,0.0,0.0,0.0,0.0,11,198,777,17.97624545319383,70.54314503601822,-0.4701660780841983,-0.47114203231689133,9.754482947804947,-9.764601706049561,,,,,,,,,
29,982.0,10,519,141,47.11955247579595,12.801265701516819,0.5378298971242867,-0.5378298971242867,-10.724424668480298,10.724424668480298,11,199,777,18.067034571644303,70.54314503601822,0.0,0.0,0.0,0.0,,,,,,,,,
30,1013.9,10,519,141,47.11955247579595,12.801265701516819,0.0,0.0,0.0,0.0,11,199,777,18.067034571644303,70.54314503601822,0.454627305897561,0.0,-9.092546117951212,0.0,,,,,,,,,
31,1046.0,10,519,141,47.11955247579595,12.801265701516819,-0.44629810751279175,0.44629810751279175,-9.259296836364978,9.259296836364978,11,198,776,17.97624545319383,70.45235591756774,0.44629810751279175,-0.032995850059257106,9.259296836364978,18.854771462432016,,,,,,,,,
32,1082.3,10,519,141,47.11955247579595,12.801265701516819,-0.456677461413364,0.456677461413364,-9.106230536657312,9.106230536657312,11,199,777,18.067034571644303,70.54314503601822,0.0,0.0,0.0,0.0,,,,,,,,,
33,1113.9,10,519,141,47.11955247579595,12.801265701516819,-0.42854953267148954,0.42854953267148954,-8.570990653429782,8.570990653429782,11,199,777,18.067034571644303,70.54314503601822,0.0,0.0,0.0,0.0,,,,,,,,,
34,1145.9,10,518,142,47.028763357345476,12.892054819967292,-0.04496441407558339,0.46592623595032806,17.294005413686463,-8.866341312089979,11,199,777,18.067034571644303,70.54314503601822,0.46592623595032806,0.46592623595032806,-8.866341312089979,-8.866341312089979,,,,,,,,,
35,1182.0,10,518,142,47.028763357345476,12.892054819967292,-0.002731869160996945,0.4559955201130351,18.21246107331462,-9.1199104022607,11,199,777,18.067034571644303,70.54314503601822,0.0,0.0,0.0,0.0,,,,,,,,,
36,1217.8,10,518,142,47.028763357345476,12.892054819967292,0.06994133292933483,-0.06994133292933483,18.166579981645853,-18.166579981645853,11,199,777,18.067034571644303,70.54314503601822,0.0,0.0,0.0,0.0,,,,,,,,,
37,1251.0,10,519,142,47.11955247579595,12.892054819967292,0.4098899781612723,-0.5027363724523046,-8.638355704136394,-9.566819647046717,11,199,777,18.067034571644303,70.54314503601822,0.0,0.0,0.0,0.0,,,,,,,,,
38,1282.0,10,519,142,47.11955247579595,12.892054819967292,0.45485167127881915,0.0,-9.060790264518303,0.0,11,199,777,18.067034571644303,70.54314503601822,-0.45123457492621,-0.45123457492621,-9.024691498524199,-9.024691498524199,,,,,,,,,
39,1314.0,10,519,141,47.11955247579595,12.801265701516819,0.05973125506623414,-0.05973125506623414,-18.378847712687453,18.378847712687453,11,199,777,18.067034571644303,70.54314503601822,0.0,0.0,0.0,0.0,,,,,,,,,
40,1345.9,10,519,141,47.11955247579595,12.801265701516819,-0.4165161919862094,-0.08370967191165797,-8.778001938592393,18.397730090474457,11,199,777,18.067034571644303,70.54314503601822,0.0,0.0,0.0,0.0,,,,,,,,,
41,1382.4,10,519,142,47.11955247579595,12.892054819967292,-0.42755714030407915,0.0,-8.51707450804938,0.0,11,198,776,17.97624545319383,70.45235591756774,-0.03297736597867414,-0.03297736597867414,17.356508409829686,17.356508409829686,,,,,,,,,
42,1416.7,10,518,142,47.028763357345476,12.892054819967292,-0.9067095528529332,0.9067095528529332,-0.44181066938006613,0.44181066938006613,11,199,777,18.067034571644303,70.54314503601822,0.0,0.0,0.0,0.0,,,,,,,,,
43,1449.9,10,518,142,47.028763357345476,12.892054819967292,-1.4000036524293742,0.9097419225350862,-10.13521845454539,0.707108264270624,11,199,777,18.067034571644303,70.54314503601822,0.0,0.0,0.0,0.0,,,,,,,,,
44,1486.6,10,518,142,47.028763357345476,12.892054819967292,-1.4087569162896738,0.4960438638344598,-10.315934627950552,9.520995467072181,11,199,777,18.067034571644303,70.54314503601822,0.41666918862075436,0.41666918862075436,-8.726056306193808,-8.726056306193808,,,,,,,,,
45,1514.5,10,517,143,46.937974238895,12.982843938417766,-0.47527458135970274,0.47527458135970274,9.264611722411368,-9.264611722411368,11,199,777,18.067034571644303,70.54314503601822,0.0,0.0,0.0,0.0,,,,,,,,,
46,1546.1,10,516,143,46.84718512044453,12.982843938417766,-0.5157340985998394,0.48078025304255895,28.519200862643867,-9.625230291142312,11,199,777,18.067034571644303,70.54314503601822,0.0,0.0,0.0,0.0,,,,,,,,,
47,1582.1,10,516,143,46.84718512044453,12.982843938417766,-0.5302015471770755,0.0436871970827277,28.714999949680365,-18.994433514228877,11,199,777,18.067034571644303,70.54314503601822,0.0,0.0,0.0,0.0,,,,,,,,,
48,1617.1,10,517,143,46.937974238895,12.982843938417766,0.0,-0.4833340452192064,0.0,-9.421716281076158,11,199,777,18.067034571644303,70.54314503601822,0.0,0.0,0.0,0.0,,,,,,,,,
49,1646.0,10,517,143,46.937974238895,12.982843938417766,0.45485439223685553,-0.4530386080520635,-9.087999844892227,-9.069842003044306,11,199,777,18.067034571644303,70.54314503601822,0.0,0.0,0.0,0.0,,,,,,,,,
50,1682.2,10,517,142,46.937974238895,12.892054819967292,0.45281152171276595,-0.45281152171276595,-9.074379192640604,9.074379192640604,11,199,777,18.067034571644303,70.54314503601822,0.0,0.0,0.0,0.0,,,,,,,,,
51,1713.8,10,517,142,46.937974238895,12.892054819967292,-0.4436494384795052,-0.4782493777366189,-9.175789834115927,9.526880034593995,11,199,777,18.067034571644303,70.54314503601822,0.0,0.0,0.0,0.0,,,,,,,,,
52,1746.1,10,517,142,46.937974238895,12.892054819967292,0.0,-0.9065318393326617,0.0,0.009038181254122458,11,199,777,18.067034571644303,70.54314503601822,0.0,0.0,0.0,0.0,,,,,,,,,
53,1782.0,10,517,142,46.937974238895,12.892054819967292,-0.45281152171276745,-0.45281152171276745,-9.074379192640635,-9.074379192640635,11,199,777,18.067034571644303,70.54314503601822,0.0,0.0,0.0,0.0,,,,,,,,,
54,1814.2,10,516,142,46.84718512044453,12.892054819967292,-0.4510083944403255,-0.9110685815548504,9.029197085892415,-18.148776524997007,11,199,777,18.067034571644303,70.54314503601822,0.0,0.0,0.0,0.0,,,,,,,,,
55,1846.3,10,517,141,46.937974238895,12.801265701516819,0.0,-1.3625227967725133,0.0,-9.11065409821722,11,199,777,18.067034571644303,70.54314503601822,0.0,0.0,0.0,0.0,,,,,,,,,
56,1882.1,10,516,141,46.84718512044453,12.801265701516819,0.0009069842003034827,-1.361610370656135,18.139684006088615,-9.083439967067026,11,199,777,18.067034571644303,70.54314503601822,0.0,0.0,0.0,0.0,,,,,,,,,
57,1914.1,10,516,140,46.84718512044453,12.710476583066345,0.4550830721634689,-1.3634279740365352,9.110772215484875,9.09253243126957,11,199,777,18.067034571644303,70.54314503601822,0.0,-0.4550830721634689,0.0,-9.110772215484875,,,,,,,,,
58,1946.2,10,517,139,46.937974238895,12.61968746461587,0.0,-1.361635620454489,0.0,9.128415385865347,11,199,777,18.067034571644303,70.54314503601822,0.0,0.0,0.0,0.0,,,,,,,,,
59,1982.1,10,517,139,46.937974238895,12.61968746461587,0.4532636509520388,-0.9065273019040865,-9.092550671053912,18.185101342108002,11,199,777,18.067034571644303,70.54314503601822,0.0,-0.4559955201130336,0.0,-9.119910402260672,,,,,,,,,
60,2013.9,10,517,139,46.937974238895,12.61968746461587,0.45553792712450225,-0.45553792712451124,-9.101656885604449,9.101656885604628,11,199,776,18.067034571644303,70.45235591756774,0.0,-0.0027264054117342863,0.0,18.176036078245073,,,,,,,,,
61,2046.8,10,517,138,46.937974238895,12.528898346165397,-0.46011854447453493,0.01181489652073583,-9.147485973648815,18.17676387805565,11,199,777,18.067034571644303,70.54314503601822,0.0,0.0,0.0,0.0,,,,,,,,,
62,2081.8,10,517,139,46.937974238895,12.61968746461587,-0.4505553552662047,0.0,-9.038221770635976,0.0,11,199,776,18.067034571644303,70.45235591756774,0.0,-0.006348965513599987,0.0,18.139901467444865,,,,,,,,,
63,2114.0,10,517,139,46.937974238895,12.61968746461587,-0.45553792712450225,0.0,-9.101656885604449,0.0,11,199,777,18.067034571644303,70.54314503601822,0.0,0.452811521712768,0.0,-9.074379192640626,,,,,,,,,
64,2146.1,10,516,139,46.84718512044453,12.61968746461587,-0.45875124087616587,0.9111024431908767,9.175024817523315,-0.06422517372248933,11,199,777,18.067034571644303,70.54314503601822,0.0,0.0,0.0,0.0,,,,,,,,,
65,2182.2,10,516,139,46.84718512044453,12.61968746461587,-0.4503284958997619,0.45759174158773314,9.04274088152129,9.115373338401092,11,199,777,18.067034571644303,70.54314503601822,0.0,0.4503284958997619,0.0,-9.04274088152129,,,,,,,,,
66,2213.8,10,516,139,46.84718512044453,12.61968746461587,-0.4553106134715537,0.0,9.106212269431072,0.0,11,199,777,18.067034571644303,70.54314503601822,0.0,0.0,0.0,0.0,,,,,,,,,
67,2246.1,10,516,140,46.84718512044453,12.710476583066345,0.0,0.4537185059130804,0.0,-9.083453571833434,11,199,777,18.067034571644303,70.54314503601822,0.0,0.0,0.0,0.0,,,,,,,,,
68,2281.8,10,516,140,46.84718512044453,12.710476583066345,0.0,0.46074727202047083,0.0,-9.05200927348668,11,199,777,18.067034571644303,70.54314503601822,0.0,0.0,0.0,0.0,,,,,,,,,
69,2313.8,10,516,139,46.84718512044453,12.61968746461587,0.0,0.0,0.0,0.0,11,199,777,18.067034571644303,70.54314503601822,0.0,0.0,0.0,0.0,,,,,,,,,
70,2346.0,10,516,140,46.84718512044453,12.710476583066345,0.0,-0.4530386080520723,0.0,-9.069842003044485,11,199,777,18.067034571644303,70.54314503601822,0.0,-0.4530386080520635,0.0,-9.069842003044306,,,,,,,,,
71,2383.6,10,516,140,46.84718512044453,12.710476583066345,0.0,0.0,0.0,0.0,11,199,777,18.067034571644303,70.54314503601822,0.0,0.0,0.0,0.0,,,,,,,,,
72,2414.6,10,516,139,46.84718512044453,12.61968746461587,0.0,0.4584978206141883,0.0,9.097178980440269,11,199,777,18.067034571644303,70.54314503601822,0.0,0.0,0.0,0.0,,,,,,,,,
73,2446.1,10,516,139,46.84718512044453,12.61968746461587,0.0,-0.4577555093075398,0.0,8.975598221716469,11,199,776,18.067034571644303,70.45235591756774,0.0,-0.016894803731161725,0.0,17.78400392753786,,,,,,,,,
74,2481.9,10,516,140,46.84718512044453,12.710476583066345,0.0,-0.44870311486255426,0.0,-9.129259712361211,11,199,777,18.067034571644303,70.54314503601822,0.0,0.0,0.0,0.0,,,,,,,,,
75,2514.2,10,516,140,46.84718512044453,12.710476583066345,0.0,0.0018267281239305762,0.0,-18.2672812392808,11,199,777,18.067034571644303,70.54314503601822,0.0,0.0,0.0,0.0,,,,,,,,,
76,2548.1,10,516,139,46.84718512044453,12.61968746461587,0.0,0.0,0.0,0.0,11,199,777,18.067034571644303,70.54314503601822,0.0,0.4435123259855988,0.0,-8.756413148777849,,,,,,,,,
77,2582.1,10,516,139,46.84718512044453,12.61968746461587,0.0,-0.4550650252075613,0.0,9.002275473937916,11,199,777,18.067034571644303,70.54314503601822,0.0,0.0,0.0,0.0,,,,,,,,,
78,2614.0,10,516,139,46.84718512044453,12.61968746461587,0.0,-0.8953884949982793,0.0,0.28701624685177873,11,199,777,18.067034571644303,70.54314503601822,0.0,0.0,0.0,0.0,,,,,,,,,
79,2649.4,10,516,139,46.84718512044453,12.61968746461587,-0.4737602767595227,-0.4737602767595227,-9.353608623090263,-9.353608623090263,11,199,777,18.067034571644303,70.54314503601822,0.0,0.0,0.0,0.0,,,,,,,,,
80,2683.2,10,516,139,46.84718512044453,12.61968746461587,-0.46544923217760936,-0.9308984643552187,-9.207699944166366,-18.415399888332733,11,199,777,18.067034571644303,70.54314503601822,0.0,0.0,0.0,0.0,,,,,,,,,
81,2717.1,10,516,138,46.84718512044453,12.528898346165397,0.0,-0.8982365556770314,0.0,-0.3422647566238903,11,199,777,18.067034571644303,70.54314503601822,0.0,0.0,0.0,0.0,,,,,,,,,
82,2747.0,10,515,138,46.756396001994055,12.528898346165397,-0.015003489960746368,-0.9227756223825423,18.75436245093405,0.15247449147099915,11,199,777,18.067034571644303,70.54314503601822,0.0,0.0,0.0,0.0,,,,,,,,,
83,2781.9,10,515,137,46.756396001994055,12.438109227714923,-0.014673566890080321,-0.9272449970808895,18.341958612606646,18.489431646677804,11,199,777,18.067034571644303,70.54314503601822,0.0,0.0,0.0,0.0,,,,,,,,,
84,2816.3,10,516,137,46.84718512044453,12.438109227714923,0.0,-0.9227756223825493,0.0,-0.1524744914712275,11,199,777,18.067034571644303,70.54314503601822,0.0,0.0,0.0,0.0,,,,,,,,,
85,2846.2,10,516,137,46.84718512044453,12.438109227714923,0.4816449866959655,-1.2622245832519374,-8.741288324790643,-6.996203541257207,11,199,777,18.067034571644303,70.54314503601822,0.0,0.0,0.0,0.0,,,,,,,,,
86,2882.2,10,516,137,46.84718512044453,12.438109227714923,0.907907526693135,-1.3700323842400943,0.054473961335886244,-27.318691609972042,11,199,777,18.067034571644303,70.54314503601822,0.0,0.0,0.0,0.0,,,,,,,,,
87,2913.9,10,516,136,46.84718512044453,12.347320109264448,0.4470844943463037,-1.8124753284997188,9.161567507096397,-18.07907686338882,11,199,777,18.067034571644303,70.54314503601822,0.0,0.0,0.0,0.0,,,,,,,,,
88,2956.4,10,516,135,46.84718512044453,12.256530990813975,0.5606829348429616,-1.2986877275019983,10.175733844699824,6.334440487717089,11,199,777,18.067034571644303,70.54314503601822,0.0,0.0,0.0,0.0,,,,,,,,,
89,2981.9,10,517,134,46.937974238895,12.165741872363501,0.45622306142111757,-1.3686691842633618,-9.11534588253982,27.346037647619642,11,199,777,18.067034571644303,70.54314503601822,0.0,-0.4525842080598193,0.0,-9.078920923968266,,,,,,,,,
90,3014.1,10,517,133,46.937974238895,12.074952753913028,0.4605975816506864,-0.08920855279738374,-8.891845205611713,52.47561929257721,11,199,777,18.067034571644303,70.54314503601822,0.0,0.0,0.0,0.0,,,,,,,,,
91,3045.8,10,517,134,46.937974238895,12.165741872363501,0.5374491463346754,1.5889769615336604,-10.695505399695033,58.266559266995564,11,199,777,18.067034571644303,70.54314503601822,0.0,-0.42528522157366555,0.0,-9.51421077346007,,,,,,,,,
92,3082.0,10,517,134,46.937974238895,12.165741872363501,0.0,3.5320944653144393,0.0,70.57131798830055,11,199,776,18.067034571644303,70.45235591756774,0.0,-0.016021310702140683,0.0,17.801456335710107,,,,,,,,,
93,3117.7,10,517,136,46.937974238895,12.347320109264448,-0.48935383780188735,7.6274284412488536,-9.446985285750728,96.49420684731166,11,199,777,18.067034571644303,70.54314503601822,0.0,0.0,0.0,0.0,,,,,,,,,
94,3146.3,10,517,139,46.937974238895,12.61968746461587,-0.9156372019083423,11.862468520308205,-18.22163585887248,146.1810339424481,11,199,776,18.067034571644303,70.45235591756774,-0.45781860095417115,0.008163020900061442,-9.11081792943624,18.140046444579013,,,,,,,,,
95,3183.9,10,517,142,46.937974238895,12.892054819967292,-1.4167406923007289,21.911950687994604,-27.806490526020173,290.17168932632455,11,199,777,18.067034571644303,70.54314503601822,0.0,0.4367902110106273,0.0,-8.914085938992395,,,,,,,,,
96,3213.9,10,516,149,46.84718512044453,13.52757864912061,-1.8182594754983943,35.22885977609657,-18.180990549935405,477.340124438502,11,199,777,18.067034571644303,70.54314503601822,0.0,0.0,0.0,0.0,,,,,,,,,
97,3245.9,10,515,160,46.756396001994055,14.526258952075823,-3.172669854227102,50.2509972521552,-27.100304950741197,624.6729566568899,11,198,777,17.97624545319383,70.54314503601822,0.8978997610261766,0.45713734159548325,36.334078210166155,-9.124497836237207,,,,,,,,,
98,3281.9,10,514,181,46.66560688354358,16.432830439535774,-4.710503692341879,68.38030768205272,-39.41316253604411,658.1621268789432,11,199,777,18.067034571644303,70.54314503601822,2.3812532272028357,-1.4287519363216905,48.59700463679256,-29.15820278207531,,,,,,,,,
99,3313.8,10,513,214,46.57481776509311,19.42887134840141,-5.436486396903102,78.88755335289876,-54.25598485356219,396.70779501699633,11,199,777,18.067034571644303,70.54314503601822,4.523602935659115,-3.6188823485273343,90.56262133451675,-72.45009706761425,,,,,,,,,
100,3346.1,10,510,250,46.30245040974168,22.697279612618473,-6.3031803123247325,90.17871764247633,-35.38493373384235,172.28753017586874,11,201,777,18.24861280854525,70.54314503601822,10.765466581205468,-6.714959994048721,160.62334335029908,-134.03113760576315,,,,,,,,,
101,3378.1,10,507,287,46.03008305439026,26.056476995286005,-7.813586904770528,99.90576259150795,-25.10000196351211,-2.7472638965048604,11,204,774,18.520980163896674,70.2707776806668,21.963481991782416,-11.22236697242626,358.5179384937609,-174.45125742799934,,,,,,,,,
102,3414.0,10,504,323,45.75771569903884,29.324885259503066,-8.612505060586667,99.71940750044604,-9.137601247906312,19.09767698993643,11,209,769,18.974925756149045,69.81683208841442,37.64958430866256,-15.872906339921359,570.6346116595652,-172.14120016579986,,,,,,,,,
103,3447.1,10,501,360,45.48534834368742,32.6840826421706,-8.457598323073848,98.4588906386756,-7.276809053268844,-8.323708468952388,11,222,762,20.155184296005203,69.1813082592611,51.53922893941502,-22.55783346856383,646.7778914657314,-179.6891292163183,,,,,,,,,
104,3478.2,10,497,397,45.122191869885526,36.04328002483813,-9.074379190373199,100.72651599734291,-0.09065309348433082,19.14593334375682,11,248,752,22.515701375717523,68.27341707475637,67.17761553477085,-29.047083251197304,544.8613530744404,-181.68692996003375,,,,,,,,,
105,3514.1,10,494,434,44.8498245145341,39.40247740750567,-9.074379190373199,101.63395391638025,-0.09065309348290354,19.154998653104794,10,282,742,25.602531403033638,67.36552589025163,81.23065899314523,-34.4926177496215,300.11613128714225,-199.88100582221537,,,,,,,,,
106,3549.9,10,491,471,44.57745715918268,42.7616747901732,-9.078016890634704,102.19970174184714,-4.79359109382946,81.10213460069446,10,318,726,28.870939667250695,65.91289999504404,90.49429541363149,-38.89362258142793,111.10277923886787,-138.12777959426646,,,,,,,,,
107,3578.2,11,487,509,44.214300685380785,46.21166129129121,2.6590598548247115,82.66992699896205,234.7594339974425,-380.27771331137376,10,352,710,31.95776969456681,64.46027409983647,81.111648901847,-22.858781503852445,-266.1806857329172,305.4529649069307,,,,,,,,,
108,3614.1,11,484,547,43.941933330029364,49.66164779240922,15.944295390985927,61.8572042008697,500.46414472066544,-814.6899929633158,10,388,693,35.22617795878387,62.916859086178405,67.13249580143724,-4.094610002639139,-582.0793951213019,807.8411607618626,,,,,,,,,
109,3647.4,12,481,585,43.66956597467794,53.111634293527224,28.22770808150647,41.973553189547324,770.0392315480073,-1316.5103100324852,10,421,677,38.22221886764951,61.46423319097082,52.81969857947149,17.729724865681483,-883.9150219908677,1299.632342611895,,,,,,,,,
110,3682.1,12,504,581,45.75771569903884,52.74847781972533,39.80346891294087,16.867208109183704,480.2436277564772,-886.3771257603931,10,429,702,38.9485318152533,63.73396115223267,34.34190748991357,40.72373282665497,-634.1030758057432,918.4645390489375,,,,,,,,,
111,3715.3,12,530,570,48.118232778751164,51.749797516770116,51.0744761756277,-2.3611185534453076,193.80820280189766,-454.44682036306403,10,430,734,39.03932093370377,66.63921294264783,20.008481365762744,61.8778088542034,-349.22523799479234,495.9615834445083,,,,,,,,,
112,3746.1,11,553,560,50.20638250311206,50.84190633226538,61.768885624253194,-23.7622583920436,-90.38011214077787,-15.52234612944069,10,431,766,39.130110052154244,69.544464733063,5.5303448748035064,83.18447823205213,-74.329227343845,26.705111620541437,,,,,,,,,
113,3781.8,11,574,551,52.11295399057201,50.02480426621111,60.956202180928656,-25.021649565008094,-55.91597945180878,46.07907813367939,10,432,797,39.22089917060472,72.35892740502769,2.2751926156852593,85.51479171842306,-9.161013948082793,-19.94781102951998,,,,,,,,,
114,3814.1,11,596,543,54.11031459648244,49.29849131860732,58.48208440244654,-24.211619832463928,-43.85661926305435,12.12898070681533,11,433,828,39.31168828905519,75.17339007699238,2.740313923386396,85.41196412142631,-0.3328073974424285,-19.5616792497115,,,,,,,,,
115,3846.0,11,616,533,55.926096965491915,48.390600134102584,57.65029762625424,-23.60703379169683,7.925897966625267,18.62994573598249,11,433,859,39.31168828905519,77.98785274895707,2.268824608629937,84.4340490268699,9.033526319349175,-1.6886792918565494,,,,,,,,,
116,3881.7,11,638,526,57.92345757140234,47.75507630494926,57.88573649976988,-23.91826142445749,-5.554804955774281,-23.989225470003674,11,434,890,39.40247740750567,80.80231542092176,2.777902410331348,85.95038726167037,19.225274101157694,28.668442525963165,,,,,,,,,
117,3914.1,11,658,517,59.73923994041182,46.937974238895,56.772067638157004,-24.07161841297409,9.656283977263739,-9.328952317018441,11,436,921,39.58405564440662,83.61677809288645,2.2704101295343704,84.93078780428672,-9.065268479598078,9.93815290691993,,,,,,,,,
118,3946.1,11,680,508,61.736600546322244,46.120872172840734,57.22328887133662,-23.164274148056364,-16.457541421523327,-9.783599209699375,11,436,952,39.58405564440662,86.43124076485114,,,,,,,,,,,,,
119,3979.4,11,700,499,63.55238291533172,45.30377010678647,57.23860806373061,-24.01548971254537,-7.692450643801414,21.998881803926405,10,438,984,39.765633881307565,89.3364925552663,,,,,,,,,,,,,
120,4014.0,11,721,490,65.45895440279168,44.486668040732205,56.633667271864056,-23.563902716962428,-12.427062081226712,19.49343071565032,11,438,1015,39.765633881307565,92.150955227231,,,,,,,,,,,,,
121,4045.9,11,742,482,67.36552589025163,43.76035509312842,56.37384243220003,-23.18647114966349,-0.5654333106723696,9.338769518173747,,,,,,,,,,,,,,,,,,
122,4078.4,11,762,474,69.1813082592611,43.03404214552462,56.68709062484407,-23.31208955490544,-3.4493157983506886,-7.788777609180429,,,,,,,,,,,,,,,,,,
123,4114.5,11,783,465,71.08787974672106,42.216940079470355,56.34966419405475,-22.721638787925297,6.775259537758167,-2.731959491030813,,,,,,,,,,,,,,,,,,
124,4145.8,10,804,457,72.994451234181,41.49062713186657,55.8090155069251,-23.138398922796206,-10.742413041178333,-8.376362573883789,,,,,,,,,,,,,,,,,,
125,4178.0,10,824,448,74.81023360319048,40.6735250658123,55.84072622832478,-23.155597678775035,-13.545953208060517,10.931184760393318,,,,,,,,,,,,,,,,,,
126,4213.8,10,845,440,76.71680509065044,39.94721211820851,55.927588580402634,-22.732756102823405,-15.276278946662849,2.50804579721186,,,,,,,,,,,,,,,,,,
127,4246.0,11,865,431,78.53258745965991,39.130110052154244,55.21582488138138,-22.631241365095338,-1.0977192052033053,18.49926791721455,,,,,,,,,,,,,,,,,,
128,4278.4,11,885,423,80.34836982866939,38.403797104550456,55.35504023880672,-22.229587580370485,3.870933496545167,7.515231542486329,,,,,,,,,,,,,,,,,,
129,4314.2,11,906,415,82.25494131612935,37.67748415694666,54.89813591802717,-22.229587580370584,-5.230746200258677,7.515231542485768,11,458,1035,41.58141625031704,93.96673759624048,,,,,,,,,,,,,
130,4346.4,11,926,407,84.07072368513882,36.951171209342874,54.84356950750559,-21.757024445226097,-6.317726489533269,-1.0845882385444061,11,461,1017,41.85378360566846,92.33253346413194,,,,,,,,,,,,,
131,4378.1,11,946,399,85.8865060541483,36.22485826173908,54.95785375112838,-21.800561350421717,-11.838566148066809,1.0911120873785964,11,464,997,42.12615096101988,90.51675109512247,,,,,,,,,,,,,
132,4413.9,11,966,391,87.70228842315778,35.49854531413529,54.023221536308554,-21.33855057535558,-12.320194255480992,10.359131647383938,11,466,977,42.307729197920835,88.70096872611299,8.165720344104656,-53.10986661348189,17.66772145995425,-5.892266817835125,,,,,,,,,
133,4446.3,11,986,383,89.51807079216725,34.7722323665315,49.62539694832714,-20.534493704686593,-98.15019261313772,25.559678139235032,11,470,957,42.67088567172273,86.8851863571035,7.593507807170635,-53.04707157510585,-11.725566631279314,29.648198083033797,,,,,,,,,
134,4478.3,10,1006,375,91.33385316117673,34.04591941892771,35.80030248903132,-19.83011676518419,-370.54768658840214,38.239119154887426,11,473,938,42.94325302707415,85.16019310654451,8.102825533263266,-53.56287743782734,-1.0356428104450193,-2.0801372688411712,,,,,,,,,
135,4514.2,10,1025,368,93.05884641173573,33.41039558977439,21.70344370231511,-19.016372174852062,-632.1419759138787,35.94552240054258,11,476,918,43.21562038242557,83.34441073753503,8.603010204614845,-54.33855740518097,-8.948083164636419,-18.608048071478713,,,,,,,,,
136,4550.3,10,1037,361,94.14831583314142,32.774871760621075,4.612642769523027,-17.586660289802705,-767.4796954407874,31.129425993147397,11,478,898,43.39719861932652,81.52862836852555,7.783198031043569,-54.75371814492392,15.373455551912679,-62.46832442568906,,,,,,,,,
137,4579.8,10,1025,355,93.05884641173573,32.230137049918234,-7.477484733402587,-16.28135345334952,-482.2165936566009,31.687251521657814,11,482,878,43.76035509312842,79.71284599951608,7.6996947534232865,-54.9067029755587,-6.907820831722105,-24.399183671678177,,,,,,,,,
138,4614.4,10,1014,349,92.06016610878052,31.685402339215386,-21.011524813890315,-15.909508510274001,-220.45220604631092,26.06772439742293,11,485,857,44.03272244847984,77.80627451205612,7.729142393340126,-55.03561374669159,-8.494388118292175,4.694747841726107,,,,,,,,,
139,4646.2,10,1003,344,91.06148580582531,31.23145674696302,-32.447002698029436,-15.333267247763281,-5.401336207859233,15.86521513384808,11,487,837,44.214300685380785,75.99049214304665,8.353262275617706,-56.17143837300536,-3.4847330373320955,32.901687760799824,,,,,,,,,
140,4678.5,10,991,339,89.97201638441962,30.77751115471065,-32.041613051861134,-15.105094384717924,-15.536766393218695,-7.852214669953764,11,490,817,44.486668040732205,74.17470977403717,7.779397255016585,-55.40474048865733,8.522866456712991,14.30723811750124,,,,,,,,,
141,4713.8,10,979,333,88.88254696301394,30.232776444007804,-32.29211790373413,-14.555837339492752,-6.521497974690223,1.1691200850970218,11,493,797,44.759035396083625,72.35892740502769,7.729142393340126,-54.58439002309784,8.494388118292175,4.384200319113923,,,,,,,,,
142,4746.1,10,967,328,87.79307754160826,29.778830851755437,-32.71679944161215,-14.540799751827636,-2.9509349703136214e-12,-1.3084334302333981e-12,11,496,777,45.031402751435046,70.54314503601822,7.724799868158425,-54.52799906935365,-9.097096941832636,-4.899665611086768e-12,,,,,,,,,
143,4778.1,10,955,322,86.70360812020256,29.234096141052593,-32.57831969470119,-14.32690055751752,4.759524569121163,23.478596742250947,11,499,757,45.30377010678647,68.72736266700873,7.60998702003359,-53.58440895297976,-11.924678404162643,22.24560396437746,,,,,,,,,
144,4814.0,10,943,317,85.61413869879688,28.780150548800222,-33.122976877694946,-14.519064722707403,-10.062513481613475,-0.43513571812404256,10,502,737,45.57613746213789,66.91158029799925,7.711892654919609,-53.99141145854944,-8.838694274390296,7.451699172869885,,,,,,,,,
145,4846.0,10,931,312,84.5246692773912,28.326204956547855,-33.17119943385699,-14.540799751827704,-9.097096941835558,0.0,11,504,717,45.75771569903884,65.09579792898978,7.724799868158501,-54.073599077109286,9.097096941834138,9.097096941834165,,,,,,,,,
146,4882.0,10,918,307,83.34441073753503,27.872259364295484,-32.991034904151874,-13.838062419749662,-12.703994433426786,-14.068815457017815,10,507,697,46.03008305439026,63.2800155599803,7.133196736032843,-53.03565698055825,2.746809607228095,-11.682524610739124,,,,,,,,,
147,4913.9,10,906,301,82.25494131612935,27.32752465359264,-33.62559942610138,-14.540799751827636,3.06229100692923e-12,1.3084334302333981e-12,10,510,678,46.30245040974168,61.5550223094213,7.270399875913817,-54.073599077109,5.567801830780418e-14,-9.097096941829921,,,,,,,,,
148,4945.9,10,894,296,81.16547189472365,26.873579061340273,-33.608795036993655,-14.9872514948833,0.3364242063668568,-8.937972833945905,10,513,658,46.57481776509311,59.73923994041182,7.7213938003826685,-53.59240289682768,-9.165286486895855,0.5364602209610584,,,,,,,,,
149,4981.9,10,881,291,79.9852133548675,26.419633469087902,-33.57533717126069,-14.971425016273237,1.0062513481649697,-8.621126415326131,10,515,638,46.756396001994055,57.92345757140234,7.259532361353668,-53.08669087141739,-0.21756785906340398,10.660825094039588,,,,,,,,,
150,5013.8,10,869,285,78.89574393346182,25.874898758385058,-34.045079618742285,-14.526288004622776,-8.398001854675767,0.290525469565405,10,518,618,47.028763357345476,56.10767520239286,7.263144002311388,-53.56750280123125,-0.14526273478341026,19.229154516959635,,,,,,,,,
151,5045.9,10,857,279,77.80627451205612,25.330164047682214,-34.04591941892768,-14.526258952075839,-9.078911845047386,18.15782369009505,10,521,599,47.301130712696896,54.38268195183386,7.263129476037911,-53.111634293527246,7.077671781985371e-13,9.078911845047275,,,,,,,,,
152,5082.1,10,844,274,76.62601597219997,24.876218455429846,-34.04800757700468,-14.522743583347932,-10.440790384970919,17.5768436393841,10,523,580,47.48270894959784,52.65768870127486,7.2631875813061395,-53.113874977933314,0.29052634114864456,-11.203422030484992,,,,,,,,,
153,5113.9,10,831,269,75.4457574323438,24.422272863177476,-34.13117340627946,-13.930809287519738,6.677846259527418,11.607151195830037,10,526,560,47.75507630494926,50.84190633226538,7.185510190795665,-51.65473778919697,-1.4058623704258535,18.987928640568622,,,,,,,,,
154,5145.9,10,819,264,74.35628801093812,23.968327270925105,-34.49986501118005,-13.618367767571069,0.0,3.6082248300317577e-13,10,529,541,48.02744366030069,49.11691308170637,6.809183883785543,-52.20374310902247,-9.078911845048053,9.078911845048053,,,,,,,,,
155,5181.9,10,806,259,73.17602947108196,23.514381678672738,-34.50014101120421,-13.618476714949017,1.3800001204512773,0.544736889652378,10,531,521,48.20902189720164,47.301130712696896,7.2631875813061395,-52.209608109534436,-0.29052634114864456,29.325002559520836,,,,,,,,,
156,5216.0,10,793,254,71.99577093122579,23.060436086420367,-33.47433812284451,-13.391139738953568,6.188662720589384,-1.0357594511449801,9,534,503,48.48138925255306,45.66692658058837,7.1419411941085675,-50.886331008023575,0.5524050406099726,-3.935885914350935,,,,,,,,,
157,5245.9,10,781,249,70.90630150982011,22.606490494168,-33.95774725075703,-13.836684728506942,10.842355208460187,-4.366339218717864,9,536,484,48.662967489454005,43.941933330029364,7.119996121029381,-50.50431006240115,15.29515658992481,24.909749087378348,,,,,,,,,
158,5282.1,10,768,244,69.72604296996394,22.15254490191563,-34.50014101120421,-14.074241728412822,-1.3800001204512773,-9.6418429468141,9,539,465,48.935334844805425,42.216940079470355,7.2631875813061395,-50.84231306914298,0.29052634114864456,-2.0336843880348634,,,,,,,,,
159,5317.3,10,756,239,68.63657354855826,21.69859930966326,,,,,9,542,446,49.207702200156845,40.49194682891135,,,,,,,,,,,,,
160,5349.2,10,743,233,67.4563150087021,21.153864598960418,,,,,9,545,428,49.48006955550827,38.85774269680282,,,,,,,,,,,,,
161,5381.9,10,730,228,66.27605646884594,20.699919006708047,,,,,9,547,409,49.66164779240922,37.13274944624382,,,,,,,,,,,,,
