frame_no,timestamp,rx-darkorange,ry-darkorange,rx-yellowneon,ry-yellowneon,rx-green,ry-green,r-shape,theta-shape,r-mass,theta-mass,omega-shape,omega-mass
6,317.9,0.0006264449173082887,0.0,0.030695800948105256,0.1252889834616539,,,0.128994424579903,1.3305290540139578,,,1.2061942611405738,
7,329.0,0.0006264449173082887,0.0006264449173082887,0.029442911113488734,0.1252889834616539,,,0.12870203724763407,1.3399843663922286,,,0.8518299439883583,
8,340.1,0.0006264449173082887,0.0,0.02881646619618039,0.1252889834616539,,,0.1285601730742853,1.3447279388010127,,,0.4273488656562236,
9,350.7,0.0006264449173082887,0.0,0.02756357636156387,0.1252889834616539,,,0.12828515159087722,1.3542460218188073,,,0.8979323601693004,
10,360.2,0.0006264449173082887,0.0,0.026310686526947347,0.1252889834616539,,,0.1280218012776491,1.3638041325750754,,,1.0061169217124328,
11,381.6,0.0006264449173082887,0.0,0.02505779669233077,0.1259154283789622,,,0.12838453286487334,1.3743577044519604,,,0.49315756434041946,
12,416.9,0.0006264449173082887,0.0,0.023804906857714248,0.1259154283789622,,,0.12814588832405824,1.3839468764260805,,,0.27164793127819087,
13,449.4,0.0006264449173082887,0.0,0.023178461940406014,0.12654187329627054,,,0.12864714064157134,1.3896362075369366,,,0.17505634187249605,
14,482.1,0.0006264449173082887,0.0006264449173082887,0.021925572105789437,0.12654187329627054,,,0.12842731956050302,1.399232340438921,,,0.2934597217732249,
15,513.4,0.0006264449173082887,0.0006264449173082887,0.021299127188481093,0.12716831821357877,,,0.12893965245905203,1.404848927505392,,,0.17944367624507485,
16,549.3,0.0006264449173082887,0.0006264449173082887,0.020046237353864627,0.12716831821357877,,,0.12873862198003172,1.4144474222334906,,,0.26736754117266603,
17,581.5,0.0006264449173082887,0.0006264449173082887,0.018166902601939816,0.12716831821357877,,,0.12845940022987185,1.4288992721907328,,,0.44881521606341973,
18,613.4,0.0006264449173082887,0.0,0.017540457684631527,0.12716831821357877,,,0.12837230547534922,1.4337301524847093,,,0.1514382537296707,
19,648.9,0.0006264449173082887,0.0,0.01628756785001506,0.12654187329627054,,,0.12758577727865372,1.4427872681216996,,,0.2551300179433887,
20,681.2,0.0006264449173082887,0.0,0.015034678015398484,0.12716831821357877,,,0.1280539835393524,1.4531159904068867,,,0.3197746837519222,
21,713.7,0.0006264449173082887,0.0,0.013781788180781962,0.127794763130887,,,0.12853575054878488,1.4633683731902405,,,0.31545793179550247,
22,749.1,0.0,0.0006264449173082887,0.01064956359424063,0.1284212080481953,,,0.12886201876932407,1.4880588090548892,,,0.6974699396793422,
23,781.4,0.0,0.0006264449173082887,0.0025057796692330436,0.12967409788281176,,,0.12969830605475072,1.5514750599391416,,,1.9633514205650926,
24,813.5,0.0,0.0,-0.008770228842315764,0.1284212080481953,,,0.1287203309135913,1.6389831359683606,,,2.7261082875146108,
25,849.2,0.0,0.0,-0.02067268227117286,0.12654187329627054,,,0.1282193647216139,1.7327321638586264,,,2.6260231902035187,
26,881.4,0.0,0.0,-0.03257513570003007,0.12403609362703738,,,0.12824231746241394,1.8276227767647046,,,2.9469134442881506,
27,914.6,0.0,-0.0006264449173082887,-0.043851144211578874,0.12027742412318776,,,0.1280218012776491,1.9204034505852983,,,2.794598609054021,
28,949.0,0.0,0.0,-0.05512715272312774,0.1158923097020299,,,0.12833561631686766,2.0147958095433087,,,2.74396392319798,
29,982.1,0.0,0.0,-0.06577671631736834,0.11025430544625547,,,0.12838453286487336,2.108705372088399,,,2.837146904685499,
30,1014.0,0.0,0.0006264449173082887,-0.0757998349943006,0.10336341135586447,,,0.12817803943064837,2.20354516179708,,,2.9730341601467423,
31,1049.1,0.0,0.0,-0.08519650875392468,0.09584607234816522,,,0.1282377272429112,2.2974386674766225,,,2.6750286518388298,
32,1081.5,0.0,0.0,-0.09396673759624047,0.08707584350584952,,,0.12810913432201432,2.3942384091383087,,,2.9876463475828974,
33,1114.8,0.0,0.0,-0.10148407660393971,0.07705272482891712,,,0.12742111366533854,2.4921919082297292,,,2.9415465192618835,
34,1149.0,0.0,0.0,-0.10837497069433066,0.0664031612346766,,,0.12710040949955861,2.591875027371643,,,2.914711086020869,
35,1181.3,0.0,-0.0006264449173082887,-0.11463941986741336,0.055753597640436026,,,0.12747807747761464,2.6889336132717205,,,3.0049097801881604,
36,1213.4,0.0,0.0,-0.11902453428857124,0.04447758912888711,,,0.12706335308549577,2.7839760508968814,,,2.96082360202992,
37,1249.2,0.0,0.0006264449173082887,-0.12278320379242086,0.03257513570003001,,,0.1270309198557836,2.8822609091891085,,,2.745387103134839,
38,1281.1,0.0,0.0,-0.12466253854434564,0.020672682271172915,,,0.12636498054684822,2.9772589719197415,,,2.977995696885061,
39,1313.4,0.0,0.0006264449173082887,-0.12591542837896222,0.00877022884231582,,,0.1262204896908745,3.0720532209084994,,,2.9348064702401655,
41,1383.0,0.0,0.0,-0.12403609362703738,-0.015661122932706717,,,0.12502089142926687,-3.015994651603657,,,2.8624849439897635,
42,1416.4,0.0,0.0,-0.12153031395780431,-0.028190021278872213,,,0.12475694173225693,-2.9136647130537274,,,3.0637706152673405,
43,1453.6,0.0,-0.0006264449173082887,-0.11839808937126295,-0.04009247470772931,,,0.12500205636290743,-2.8150877768533964,,,2.649917639793858,
44,1481.1,0.0,-0.0006264449173082887,-0.1133865300327968,-0.05074203830196983,,,0.12422262130512665,-2.7208081657535352,,,3.428349494540406,
45,1513.4,0.0,0.0,-0.1077485257770224,-0.061391601896210485,,,0.12401078013827853,-2.6236996715194016,,,3.0064549298493204,
46,1551.2,0.0,0.0,-0.10085763168663137,-0.07141472057314277,,,0.12358124527603793,-2.5254680705525803,,,2.598719602296865,
47,1583.1,0.0,0.0006264449173082887,-0.09334029267893218,-0.08018494941545853,,,0.12305298188239228,-2.4318620196802767,,,2.934358961514231,
48,1615.3,0.0,0.0,-0.08519650875392468,-0.08958162317508256,,,0.12362569439457176,-2.3311101470079794,,,3.1289401451023977,
49,1651.5,0.0,0.0,-0.07642627991160889,-0.09772540710009009,,,0.12406140195083212,-2.2344967081692486,,,2.6688795259317852,
50,1681.4,0.0,-0.0006264449173082887,-0.0664031612346766,-0.1052427461077893,,,0.12444040915340586,-2.1336645596430075,,,3.3723126597404955,
51,1713.4,0.0,-0.0006264449173082887,-0.055753597640436,-0.11088075036356379,,,0.12410884114775458,-2.036701268304693,,,3.030102854322328,
52,1749.2,0.0,0.0,-0.04510403404619537,-0.1158923097020299,,,0.12435996677110993,-1.9419484398061302,,,2.646727053032484,
53,1781.1,0.0,0.0,-0.03382802553464659,-0.1196509792058795,,,0.12434103158852475,-1.8463278267805925,,,2.997511380110913,
54,1813.5,0.0,0.0,-0.021925572105789437,-0.12278320379242089,,,0.12472548194213294,-1.7475051828649333,,,3.050081602335152,
55,1849.2,0.0,0.0,-0.010649563594240574,-0.12403609362703744,,,0.12449243240857241,-1.6564448664254232,,,2.5507091439638643,
56,1881.9,0.0,0.0,0.001879334751924755,-0.1246625385443457,,,0.12467670357941883,-1.5557220917999377,,,3.080207175091296,
57,1913.1,0.0,0.0,0.013781788180781962,-0.12403609362703744,,,0.12479939986921065,-1.4601391056210007,,,3.063557249324922,
58,1949.4,0.0,0.0,0.025684241609639058,-0.12278320379242089,,,0.12544080436840907,-1.3645861078812065,,,2.632313987322141,
59,1981.5,0.0,-0.0006264449173082887,0.03758669503849621,-0.1196509792058795,,,0.12541577440195759,-1.2664215906307446,,,3.0580846495471095,
60,2013.6,0.0,0.0,0.04886270355004507,-0.1158923097020299,,,0.12577198116548377,-1.1717906726616147,,,2.948003675050781,
61,2051.9,0.0,0.0,0.05951226714428565,-0.11088075036356379,,,0.12584216599311923,-1.0782035747245995,,,2.44352736127976,
62,2081.2,0.0,0.0,0.07016183073852617,-0.10461630119048104,,,0.1259652847706821,-0.9800351095553325,,,3.350459562091056,
63,2113.6,0.0,0.0,0.07955850449815027,-0.09835185201739832,,,0.12650155110999398,-0.890641671026219,,,2.759056744725715,
64,2149.3,0.0,0.0,0.08832873334046604,-0.09020806809239085,,,0.12625157695051803,-0.7959240904291738,,,2.653153518124497,
65,2181.4,0.0,0.0,0.09647251726547351,-0.08206428416738337,,,0.12665501696909656,-0.7048709249743299,,,2.836547210431281,
66,2213.4,0.0,0.0,0.10398985627317275,-0.07329405532506758,,,0.1272238529274648,-0.6139530608913909,,,2.841183252591844,
67,2249.2,0.0,0.0,0.11025430544625542,-0.0638973815654435,,,0.1274318925558122,-0.5252435996542051,,,2.477917911653254,
68,2281.6,0.0,0.0,0.11651875461933814,-0.053247817971202926,,,0.12810913432201426,-0.42865096264365077,,,2.981254228720804,
69,2313.3,0.0,0.0,0.12027742412318781,-0.04259825437696235,,,0.12759808003913536,-0.34038193864190697,,,2.784511798162241,
70,2349.5,0.0,0.0,0.12403609362703744,-0.03132224586541349,,,0.12792980734882942,-0.2473539555718235,,,2.569833786466407,
71,2381.4,0.0,0.0,0.12654187329627048,-0.020046237353864682,,,0.12811985532842618,-0.1571102653469609,,,2.8289558064220164,
72,2413.3,0.0,0.0,0.127794763130887,-0.008143783925007475,,,0.12805398353935235,-0.06363943801348008,,,2.9301199791059735,
73,2449.3,-0.0006264449173082887,0.0006264449173082887,0.127794763130887,0.003758669503849621,,,0.12785002573374274,0.029403288204005142,,,2.584520172707923,
74,2481.2,0.0,0.0,0.1271683182135787,0.015034678015398484,,,0.12805398353935235,0.11768033638801002,,,2.7673055857055133,
75,2513.5,0.0,0.0,0.1252889834616539,0.02693713144425558,,,0.12815201296624135,0.21177616002000324,,,2.91318339417934,
76,2551.9,0.0,0.0,0.12215675887511263,0.03821313995580444,,,0.1279942100415261,0.3031768391695944,,,2.3802260195205984,
77,2582.1,0.0,0.0,0.11839808937126295,0.049489148467353306,,,0.1283249133363795,0.3959176682280711,,,3.0708883794197765,
78,2617.6,0.0,0.0,0.1133865300327968,0.060138712061593824,,,0.12834784720167933,0.4876604597789245,,,2.584303987347983,
79,2651.1,0.0,0.0,0.10712208085971414,0.07078827565583445,,,0.1283982872862467,0.58394308592876,,,2.8741082432786706,
80,2681.6,0.0,0.0006264449173082887,0.10023118676932313,0.0801849494154585,,,0.12835854826986234,0.6747409422235526,,,2.9769788949112344,
81,2713.7,0.0,0.0006264449173082887,0.09271384776162395,0.0895816231750825,,,0.12892138991435076,0.7682177233821416,,,2.912049257276922,
82,2749.2,0.0,0.0,0.08394361891930813,0.0970989621827818,,,0.12835396220702855,0.8579350349889672,,,2.527248214276778,
83,2781.3,0.0,0.0,0.07454694515968407,0.10461630119048099,,,0.12845940022987176,0.9516806271743307,,,2.920423432565808,
84,2813.4,0.0,0.0,0.06452382648275179,0.11088075036356371,,,0.12828821062421594,1.0437763595242728,,,2.8690259299047485,
85,2849.3,0.0,0.0,0.05324781797120298,0.1165187546193382,,,0.12810913432201435,1.1421453641512456,,,2.740083694344637,
86,2881.5,0.0,0.0,0.04259825437696235,0.12090386904049616,,,0.12818875467421406,1.232045864632543,,,2.7919410087359595,
87,2913.8,0.0,0.0,0.030695800948105256,0.12466253854434572,,,0.1283860612066831,1.329367944609446,,,3.013067491544968,
88,2952.4,0.0,0.0006264449173082887,0.018793347519248105,0.12716831821357877,,,0.12854948879030698,1.4240750504843367,,,2.45355196567075,
89,2981.2,0.0,0.0,0.006890894090391009,0.1284212080481953,,,0.12860595280904707,1.5171892000017424,,,3.2331301915766177,
90,3014.0,0.0,0.0,-0.005638004255774487,0.1284212080481953,,,0.12854490953960795,1.614670592186535,,,2.9719936641704887,
91,3049.4,0.0,0.0,-0.017540457684631583,0.12716831821357877,,,0.12837230547534922,1.7078625011050845,,,2.6325397999590203,
92,3081.2,0.0,0.0,-0.02944291111348868,0.12466253854434572,,,0.12809228521326832,1.802727094605252,,,2.9831633176153565,
93,3113.7,0.0,0.0,-0.040718919625037514,0.12153031395780428,,,0.1281703851367887,1.8940924750148975,,,2.811242474142938,
94,3150.6,0.0,0.0,-0.051994928136586405,0.11714519953664637,,,0.12816579234105127,1.9885243784992364,,,2.5591301757273333,
95,3183.7,0.0,0.0,-0.06327093664813524,0.11213364019818028,,,0.1287523385745956,2.0845109917367113,,,2.899897680890489,
96,3213.5,0.0,0.0,-0.07329405532506753,0.10586919102509756,,,0.12876452987644796,2.1763409903998667,,,3.0815435793004995,
97,3249.2,-0.0006264449173082887,0.0006264449173082887,-0.08269072908469158,0.09835185201739832,,,0.12849452701111466,2.269904113260324,,,2.6208157663993807,
98,3283.1,0.0,0.0,-0.09146095792700737,0.0895816231750825,,,0.1280233339497464,2.3665747401910857,,,2.851640912411838,
99,3316.4,0.0,0.0,-0.09897829693470658,0.0808113943327668,,,0.12777787256837891,2.456897981913968,,,2.7124096613478024,
100,3349.4,0.0,0.0,-0.10586919102509756,0.07078827565583445,,,0.12735488046649412,2.5522257944083893,,,2.8887215907400376,
101,3381.2,0.0006264449173082887,0.0,-0.111507195280872,0.06076515697890211,,,0.12698920781734618,2.642639632676724,,,2.843202461268408,
102,3415.1,0.0,0.0,-0.1158923097020299,0.05074203830196983,,,0.1265139593053264,2.7288986849231676,,,2.544514815529306,
103,3449.4,0.0,0.0,-0.1196509792058795,0.04071891962503754,,,0.12638982253471231,2.8135725888626655,,,2.468626937011588,
104,3481.8,0.0,0.0006264449173082887,-0.1221567588751126,0.030695800948105256,0.00438511442115791,0.05700648747505255,0.1259543803712999,2.8954077184303966,0.05717489696300265,1.4940244355251182,2.5257756039423107,
105,3515.0,0.0,0.0,-0.12403609362703738,0.020672682271172915,0.0012528898346165773,0.057632932392360836,0.1257470171198508,2.976443976175166,0.05764654915153309,1.5490606199531034,2.440851136890665,1.6577163984332979
106,3549.3,0.0,0.0,-0.12528898346165393,0.010023118676932286,-0.0031322245865413323,0.058259377309669014,0.12568926877369627,3.0617626678775562,0.05834351613822148,1.624508056098129,2.487425414063836,2.1996337068520493
108,3613.2,0.0,0.0,-0.12466253854434564,-0.01252889834616544,-0.013155343263473673,0.05638004255774426,0.1252905495641591,-3.041426488701868,0.05789449244265706,1.8000282600718922,2.826535993769917,2.785484248045888
109,3649.5,0.0,0.0,-0.12340964870972915,-0.023178461940406014,-0.018793347519248105,0.05450070780581945,0.12556744200859393,-2.955938237161768,0.057649952838788494,1.9028557943377824,2.3550482517933666,2.8327144425864925
110,3681.3,0.0006264449173082887,0.0,-0.12090386904049605,-0.03382802553464659,-0.022552017023097726,0.05262137305389464,0.1255471260544586,-2.868776147310249,0.057250348242497515,1.9756881130799804,2.740946221745874,2.290324488748351
111,3713.1,0.0,0.0,-0.11714519953664645,-0.043851144211578874,-0.02756357636156387,0.05011559338466154,0.12508365450027994,-2.783408149723365,0.05719548445582478,2.073639537722758,2.6845282260026635,3.0802334793326525
112,3749.0,0.0,0.0,-0.11276008511548855,-0.053874262888511215,-0.03132224586541349,0.04760981371542844,0.12496908816596462,-2.6958803409611574,0.05698927485124908,2.1527014449347828,2.43810052262416,2.202281537939406
113,3781.2,0.0,0.0006264449173082887,-0.1077485257770224,-0.06327093664813524,-0.035080915369263166,0.04510403404619545,0.1249518156388854,-2.610631168796282,0.057140567991452125,2.231839495645584,2.6474898187849645,2.4577034382236556
114,3813.2,0.0,0.0006264449173082887,-0.10085763168663137,-0.07204116549045103,-0.03883958487311276,0.041971809459654064,0.12394430763314118,-2.5213431676069713,0.05718519163588801,2.3174541925288663,2.7902500371659587,2.675459277602571
115,3849.1,0.0,0.0,-0.09396673759624047,-0.08081139433276682,-0.041971809459654064,0.03821313995580444,0.12393639186488628,-2.431321646103107,0.05676157903546557,2.4030352031083146,2.5075632730881336,2.3838721609874125
116,3881.2,0.0,0.0,-0.08644939858854125,-0.08832873334046606,-0.04510403404619537,0.03445447045195482,0.12359394665537483,-2.345442216401244,0.05675812207398143,2.4892617522009015,2.675371641802601,2.6861853299871377
117,3913.5,0.0,0.0,-0.07830561466353372,-0.09584607234816525,-0.048236258632736756,0.030069356030796968,0.12376687308162695,-2.2558135871093743,0.05684103112181461,2.5841615620138523,2.7748801638349545,2.9380746072120814
118,3949.6,0.0,0.0,-0.07016183073852617,-0.10211052152124792,-0.050742038301969855,0.025684241609639058,0.12389205421625242,-2.172823256269081,0.05687209085395832,2.6730189760605643,2.298901131310075,2.4614242118202827
119,3983.3,0.0,0.0,-0.06076515697890217,-0.1077485257770224,-0.05262137305389464,0.02129912718848115,0.12370185572493358,-2.0842892349336446,0.05676849232689068,2.7569879387675797,2.627122294820044,2.4916606144514777
120,4013.4,0.0,0.0,-0.051368483219278116,-0.11276008511548857,-0.05450070780581945,0.017540457684631527,0.12390947447028207,-1.998260639810122,0.05725377548355792,2.830222349191892,2.858092861246609,2.4330368911731672
121,4049.3,0.0,0.0,-0.041971809459654064,-0.1165187546193382,-0.055753597640436,0.012528898346165385,0.12384770069468004,-1.9165422747834087,0.05714400181664018,2.9205455909147746,2.276277577345767,2.5159677360134407
122,4081.1,0.0,0.0006264449173082887,-0.03194869078272178,-0.1196509792058795,-0.05700648747505255,0.007517339007699242,0.12384294758950055,-1.8317245575662227,0.057499999999999996,3.0104810051072466,2.667223811861218,2.828157679008577
123,4119.2,0.0,0.0,-0.021925572105789437,-0.1221567588751126,-0.05700648747505255,0.0031322245865413323,0.12410884114775454,-1.7483924940783844,0.057092472753453735,3.0867027909956395,2.1871932673973355,2.000571808094307
125,4181.7,0.0,0.0,-0.0006264449173082887,-0.12403609362703744,-0.05700648747505255,-0.006890894090391009,0.1240376755485591,-1.5758467889039693,0.05742145971331893,-3.021297176661838,2.650446597265383,2.7040365112587192
126,4213.6,0.0,0.0,0.010023118676932286,-0.12403609362703744,-0.05638004255774426,-0.011902453428857096,0.1244404091534059,-1.490163450849723,0.05762271771132602,-2.933536516798768,2.685998058126798,2.751117864046042
127,4249.5,0.0,0.0,0.020672682271172915,-0.12340964870972909,-0.05512715272312774,-0.016287567850015006,0.12512913804123965,-1.4048246042986243,0.05748293515320779,-2.8543112001926594,2.3771266448774253,2.2068333316464996
128,4281.7,0.0,0.0,0.030695800948105256,-0.12090386904049605,-0.0532478179712029,-0.02129912718848115,0.12473963982955506,-1.3221635995415968,0.0573496550790452,-2.7610862764774287,2.567111948976025,2.8951839663115293
129,4313.2,0.0,0.0,0.04134536454234583,-0.11839808937126298,-0.051368483219278116,-0.025057796692330825,0.125409516129778,-1.2348287208687654,0.0571543020543812,-2.6877486520682825,2.772535830883537,2.3281785526713064
130,4349.5,0.0,0.0,0.05074203830196988,-0.11463941986741338,-0.048862703550045045,-0.02944291111348868,0.12536726462109507,-1.154094066055498,0.05704777658293424,-2.5992899163741887,2.224095173919203,2.4368797711871446
131,4382.2,0.0,0.0,0.06076515697890217,-0.1102543054462555,-0.046356923880811945,-0.0332015806173383,0.12589049277887043,-1.0670810864390685,0.057020253833011014,-2.5200660290931713,2.6609473888816475,2.422748846514306
132,4413.8,0.0,0.0,0.07016183073852617,-0.10461630119048104,-0.042598254376962325,-0.03758669503849621,0.1259652847706821,-0.9800351095553325,0.056809954408372,-2.418613300188302,2.754619521637185,3.21052939572368
133,4449.4,0.0,0.0,0.07893205958084198,-0.09897829693470661,-0.039466029790420964,-0.04134536454234583,0.12659768281358288,-0.8976009783947027,0.057157735054477646,-2.3329428673818815,2.3155654820401983,2.406472831641059
134,4481.3,0.0,0.0,0.08707584350584946,-0.09271384776162389,-0.03570736028657137,-0.04447758912888716,0.12719300330215005,-0.8167467752456493,0.057037457108054135,-2.247252533202479,2.534614518779058,2.686217372395014
135,4513.4,0.0,0.0,0.09459318251354876,-0.0851965087539247,-0.03194869078272178,-0.04698336879812026,0.12730402696654616,-0.7331808662178911,0.05681686181363902,-2.167972984887574,2.603299346659177,2.469767860277461
136,4554.6,0.0,0.0,0.10085763168663142,-0.07705272482891717,-0.02756357636156387,-0.04948914846735336,0.12692274923352798,-0.6523853765209398,0.05664738791739215,-2.078968944630226,1.9610555751686884,2.1602922392559756
137,4581.8,0.0,0.0,0.10712208085971414,-0.06890894090390967,-0.02317846194040596,-0.051994928136586405,0.12737182712128162,-0.5716329880992567,0.05692726631282792,-1.9901379743449261,2.9688378096207213,3.2658444957831128
138,4619.1,0.0,0.0006264449173082887,0.11276008511548852,-0.059512267144285674,-0.019419792436556393,-0.053874262888511215,0.12750116366490558,-0.48562209329746914,0.05726748239672624,-1.9167635994076933,2.305922112648448,1.9671414192287537
139,4649.6,0.0,0.0,0.11714519953664643,-0.050115593384661594,-0.014408233098090195,-0.054500707805819504,0.12741495388994747,-0.4042462085826456,0.05637308162894962,-1.829251263002915,2.668061793928641,2.8692569313042062
140,4681.2,0.0,0.0,0.12090386904049605,-0.04009247470772931,-0.010023118676932341,-0.056380042557744314,0.12737798898220734,-0.32019534569714775,0.057264055976021556,-1.7467359522474248,2.659837433085421,2.6112440112497324
141,4713.2,0.0,0.0,0.12403609362703744,-0.030069356030796968,-0.005011559338466143,-0.0570064874750526,0.1276288317519283,-0.23783592745745086,0.05722635180794156,-1.6584829819243967,2.573731819990528,2.7579053225946297
142,4749.8,0.0,0.0,0.12654187329627048,-0.020046237353864682,0.0,-0.05763293239236089,0.12811985532842618,-0.1571102653469609,0.05763293239236089,-1.5707963267948966,2.2056191833466983,2.3958102494398705
143,4781.6,0.0,0.0,0.127794763130887,-0.010023118676932286,0.005011559338466198,-0.05763293239236089,0.1281872239799715,-0.07827114052127775,0.057850415928888614,-1.4840579881189109,2.4792177618139215,2.727620713081295
144,4813.7,0.0,0.0,0.1284212080481953,0.0006264449173082887,0.009396673759624052,-0.0570064874750526,0.12842273595353854,0.0048780100893982305,0.05777574830314304,-1.4074301786866208,2.5903162184011648,2.3871591723455263
145,4849.2,0.0,0.0,0.127794763130887,0.011276008511548863,0.01440823309809025,-0.05512715272312779,0.12829126958461373,0.08800737352774085,0.056978944781102776,-1.3151514015169605,2.341672209530778,2.599402173793247
146,4882.5,0.0,0.0,0.1271683182135787,0.02129912718848115,0.019419792436556338,-0.053874262888511215,0.12893965245905198,0.16594739928950514,0.05726748239672622,-1.224829054182101,2.3405413141670826,2.7123828028486208
147,4914.2,0.0,0.0,0.12466253854434561,0.03194869078272172,0.023804906857714248,-0.051994928136586405,0.12869136474158016,0.250881782278976,0.057185191635888005,-1.1414489854337306,2.6793180753776453,2.6302860803902464
148,4949.2,0.0,0.0,0.12153031395780434,0.041971809459654064,0.028190021278872157,-0.05074203830196983,0.1285739087062379,0.33253596051825934,0.05804680655076417,-1.0636978224025593,2.332976521122381,2.22146180089061
149,4981.2,0.0,0.0,0.11777164445395472,0.05199492813658635,0.03194869078272172,-0.048236258632736784,0.1287386219800317,0.41575397887323,0.057857199116568385,-0.9857967172233274,2.6005630735928333,2.434409536850996
150,5013.7,0.0,0.0,0.1133865300327968,0.0613916018962104,0.0357073602865714,-0.045730478963503685,0.128939652459052,0.4962447541187588,0.05801975771120101,-0.9078592208147893,2.4766392383239624,2.3980768125704026
151,5049.4,0.0,0.0,0.10774852577702243,0.07016183073852622,0.039466029790420964,-0.043224699294270585,0.1285784869241479,0.5771922138734609,0.05853154821545822,-0.8308214428190254,2.267435847470658,2.1579209522623066
152,5083.2,0.0,0.0,0.10148407660393971,0.07893205958084198,0.04322469929427064,-0.03946602979042102,0.12856627798076714,0.6610431688506868,0.05853154821545831,-0.7399748839758713,2.4807974845332987,2.687768013111053
153,5115.2,0.0,0.0,0.09459318251354876,0.08707584350584952,0.045730478963503685,-0.0357073602865714,0.1285693303253025,0.7440424460236361,0.05801975771120101,-0.6629371059801072,2.593727411654666,2.407430562367627
154,5149.3,0.0,0.0,0.08707584350584946,0.0945931825135487,0.04886270355004507,-0.03257513570003007,0.1285693303253024,0.8267538807712604,0.05872566103582795,-0.5880026035475678,2.4255552711913033,2.197492739957144
155,5184.9,0.0,0.0006264449173082887,0.07893205958084198,0.10148407660393971,0.05136848321927806,-0.028190021278872213,0.12856627798076714,0.9097531579442099,0.058595207721728576,-0.5019064430519948,2.3314403700267046,2.4184314745947844
156,5216.8,0.0,0.0,0.07078827565583445,0.10774852577702237,0.05324781797120298,-0.023804906857714248,0.12892138991435076,0.9895321657299335,0.05832669808242893,-0.4204053512027424,2.5009093349756206,2.5548931614185273
157,5249.3,0.0,0.0,0.06139160189621046,0.11276008511548852,0.05575359764043597,-0.019419792436556338,0.12838911783572238,1.0722284211566784,0.05903890232830009,-0.3351725671367331,2.5445001669767646,2.622547202031056
158,5281.6,0.0,0.0,0.05199492813658635,0.11777164445395466,0.05638004255774426,-0.015034678015398428,0.12873862198003164,1.1550423479216665,0.05835024200326644,-0.2606023917473403,2.5638986614547257,2.308674160662303
159,5313.8,0.0,0.0,0.041971809459654064,0.12153031395780428,0.05763293239236078,-0.01064956359424063,0.12857390870623783,1.2382603662766372,0.058608600912239864,-0.1827215607620984,2.5844105079183586,2.4186593473677744
160,5350.2,0.0006264449173082887,0.0,0.03194869078272172,0.12466253854434572,0.05825937730966907,-0.005638004255774487,0.12869136474158027,1.3199145445159208,0.05853154821545825,-0.09647377518258794,2.243246654925398,2.369444658777783
161,5386.7,0.0,0.0,0.021925572105789437,0.12716831821357877,0.05888582222697736,-0.0012528898346166328,0.12904461193492817,1.4000611153196139,0.05889914933413611,-0.021273386024062788,2.1957964603751514,2.0602846344801415
162,5413.9,0.0,0.0,0.011276008511548863,0.1284212080481953,0.05888582222697736,0.004385114421157854,0.12891530182453276,1.4832160603026883,0.059048872028463234,0.07433088716766469,3.0571670949659913,3.514862984990004
163,5451.7,0.0,0.0,0.0006264449173082887,0.12904765296550358,0.05825937730966907,0.00877022884231582,0.1290491734539182,1.565941995993221,0.05891580397870313,0.14941570991646858,2.1885168172098513,1.9863709721905698
164,5482.6,0.0,0.0,-0.010023118676932341,0.1284212080481953,0.05700648747505255,0.013155343263473673,0.1288117602727706,1.6486872030508264,0.05850472348984435,0.226798848053886,2.6778384161036857,2.5043086775862804
165,5513.4,0.0,0.0,-0.02067268227117286,0.12716831821357877,0.05512715272312774,0.017540457684631527,0.1288376534618467,1.7319482229335807,0.057850415928888524,0.308052781023776,2.7032798663232573,2.638114706814672
166,5549.4,0.0,0.0,-0.0306958009481052,0.12466253854434572,0.05387426288851116,0.02129912718848115,0.12838606120668308,1.8122247089803467,0.057931761761330094,0.3764903344465228,2.2299023901879433,1.9010431506318561
167,5584.9,0.0,0.0,-0.041345364542345775,0.12153031395780428,0.05136848321927806,0.026310686526947347,0.1283707769697681,1.8987196422963197,0.057714584757828244,0.47335604183491575,2.4364769948161413,2.728611475729379
168,5614.1,0.0,0.0,-0.050742038301969855,0.11777164445395466,0.049489148467353306,0.030069356030796968,0.1282377272429112,1.977612421160184,0.05790804769745363,0.5459853055057386,2.7018074953377496,2.4873035503705854
169,5652.8,0.0,0.0,-0.06013871206159388,0.1133865300327968,0.04698336879812026,0.03382802553464653,0.12834784720167935,2.0584567865738217,0.05789449244265708,0.6240230529767561,2.089001690274886,2.0164792628169974
170,5684.4,0.0,0.0,-0.06890894090390967,0.10774852577702237,0.04447758912888716,0.03821313995580444,0.12789912800179745,2.1397794849042406,0.058638724406317025,0.7097850201606182,2.5735031117221627,2.7139863032868217
171,5713.2,0.0,0.0,-0.07767916974622541,0.10148407660393971,0.040718919625037486,0.041345364542345775,0.1278009046001522,2.224101043067477,0.058029902503534556,0.7930316029149416,2.927831880667904,2.8905063456362106
172,5755.1,0.0,0.0,-0.08582295367123294,0.0945931825135487,0.03758669503849621,0.04447758912888711,0.12772411500925004,2.3076216148862123,0.05823242720885857,0.869171107141214,1.9933310696595326,1.8171719385744982
173,5781.7,0.0,0.0,-0.09334029267893218,0.08707584350584952,0.0332015806173383,0.04760981371542844,0.12765035354296483,2.39090276841762,0.058043426135156874,0.9618387071583877,3.1308704335116255,3.483744361547954
174,5813.6,0.0,0.0,-0.10023118676932316,0.07955850449815022,0.029442911113488734,0.05011559338466154,0.1279681461894683,2.47067432271643,0.05812450184847634,1.0396187075691308,2.500675683348233,2.4382445269825
175,5849.2,0.0,0.0,-0.10586919102509756,0.07078827565583445,0.02505779669233077,0.05199492813658635,0.12735488046649412,2.5522257944083893,0.05771798443295609,1.121710795186829,2.2907716767404684,2.30595751735111
176,5882.5,0.0,0.0,-0.11088075036356373,0.06201804681351869,0.020672682271172915,0.05387426288851116,0.12704636528350874,2.6316205938883805,0.057704384530686034,1.2044019160456558,2.3842282126123377,2.4832168426073977
177,5913.6,0.0,0.0,-0.1158923097020299,0.05199492813658635,0.01628756785001506,0.055753597640436026,0.12702165169765348,2.7198630804798007,0.058083978137869294,1.2865708112285168,2.837378990077787,2.642086661828296
178,5949.2,0.0,0.0,-0.1196509792058795,0.04259825437696235,0.011902453428857096,0.05700648747505255,0.12700774819234534,2.7995640678503335,0.05823579665351402,1.364962148690772,2.2387917800711796,2.202003861299335
179,5982.1,0.0,0.0,-0.1221567588751126,0.033201580617338244,0.007517339007699297,0.057632932392360836,0.126588382936042,2.8762086597763914,0.058121125951749356,1.4410937896389835,2.3296228548953377,2.314031639763231
180,6013.7,0.0,0.0,-0.12466253854434564,0.022552017023097726,0.0025057796692330436,0.058259377309669014,0.1266859976008815,2.962623717918661,0.05831324014545169,1.527812066927126,2.734653738679471,2.7442492812703807
181,6049.3,0.0,0.0,-0.12591542837896222,0.011902453428857096,-0.0031322245865413323,0.057632932392360836,0.12647673106735355,3.0473453378325814,0.05771798443295615,1.6250907387032023,2.3798207840988588,2.7325469600021153
182,6081.6,0.0,0.0,-0.12591542837896222,0.001879334751924755,-0.007517339007699242,0.057632932392360836,0.12592945248418796,3.126668388599709,0.05812112595174935,1.7004988639508087,2.45582200517421,2.3346168807308363
184,6150.1,0.0,0.0,-0.12403609362703738,-0.019419792436556338,-0.016914012767323294,0.05450070780581945,0.12554712605445859,-2.9862877927416944,0.05706497156074367,1.871716561155322,2.186005791775309,2.5234809122119186
185,6182.4,0.0,0.0,-0.1221567588751126,-0.02944291111348868,-0.02129912718848115,0.053247817971202926,0.12565491933748235,-2.9050781172293587,0.05734965507904523,1.9513027039072612,2.51423144001045,2.4639672678619537
186,6213.8,0.0,0.0,-0.11839808937126295,-0.04009247470772931,-0.02505779669233077,0.051368483219278116,0.12500205636290743,-2.8150877768533964,0.05715430205438118,2.0246403283164063,2.8659344068777313,2.3355931340491645
187,6249.8,0.0,0.0,-0.11463941986741336,-0.050115593384661594,-0.02944291111348868,0.04823625863273673,0.12511502422904222,-2.7294689092322573,0.05651213729563822,2.1188202432191745,2.3783018783649754,2.6161087472991174
188,6281.7,0.0,0.0,-0.10962786052894721,-0.059512267144285674,-0.03382802553464659,0.04635692388081192,0.12473963982955509,-2.6442499372429706,0.0573872782353728,2.2011977482684046,2.671441128190834,2.5823669294429803
189,6313.6,0.0,0.0006264449173082887,-0.10398985627317275,-0.0676560510692931,-0.03696025012118795,0.04322469929427064,0.12406140195083208,-2.564794062998503,0.05687209085395836,2.278227856360803,2.490779756879825,2.4147369307961437
190,6349.8,0.0,0.0,-0.09772540710009006,-0.07579983499430062,-0.040718919625037514,0.04009247470772925,0.12367647382603345,-2.4818822249540347,0.05714400181664017,2.3639462729045517,2.2903822664217857,2.367912059219592
191,6381.3,0.0,0.0,-0.09083451300969911,-0.08394361891930816,-0.04322469929427056,0.03696025012118792,0.1236828197890848,-2.3956006036593394,0.056872090853958286,2.4341611240238867,2.739099088720486,2.229042892677302
192,6413.2,0.0,0.0006264449173082887,-0.08394361891930813,-0.0914609579270074,-0.046356923880811945,0.03257513570003001,0.12414361837080408,-2.3133635575236173,0.056657778438328865,2.52905509697949,2.577963828706049,2.974732694533046
193,6451.5,0.0,0.0,-0.0757998349943006,-0.09772540710009009,-0.048862703550045045,0.028816466196180335,0.12367647382603345,-2.230506755430655,0.056726999940550256,2.6087487659704056,2.1633629789285096,2.0807746472823867
194,6481.5,0.0,0.0,-0.06765605106929312,-0.10398985627317281,-0.051368483219278116,0.024431351775022536,0.12406140195083214,-2.1475949173861872,0.05688244032919258,2.6976469285017957,2.7637279348155928,2.963272084379668
195,6513.3,0.0,0.0,-0.0582593773096691,-0.10900141561163898,-0.0532478179712029,0.020672682271172915,0.12359394665537483,-2.061648107192916,0.05711996070533684,2.771269223887018,2.7027298802915394,2.3151665215478596
196,6549.6,0.0,0.0,-0.050115593384661566,-0.11338653003279683,-0.05450070780581945,0.015661122932706772,0.123968051905219,-1.9869683247251202,0.05670624236227139,2.8617755450665494,2.057294282859373,2.493287084835563
197,6581.5,0.0,0.0,-0.04009247470772925,-0.11714519953664645,-0.05638004255774426,0.011276008511548863,0.123816009880268,-1.9005467105314253,0.057496587435825926,2.9441970937399122,2.7091415107741645,2.583747607315478
198,6613.8,0.0,0.0,-0.0306958009481052,-0.12027742412318779,-0.05700648747505255,0.006890894090391009,0.12413255394760431,-1.8206709116352038,0.05742145971331893,3.021297176661838,2.4729349503474025,2.3869994712670435
199,6649.5,0.0,0.0,-0.02067268227117286,-0.1221567588751126,-0.05763293239236081,0.0025057796692330436,0.12389363797692465,-1.738438764626112,0.057687380144128345,3.098141758198263,2.3034214848485237,2.1525092867345963
201,6713.7,0.0,0.0,0.0,-0.12403609362703744,-0.05700648747505255,-0.006890894090391009,0.12403609362703744,-1.5707963267948966,0.05742145971331893,-3.021297176661838,2.4935506044001934,2.6984102095385287
202,6749.8,0.0,0.0,0.01064956359424063,-0.12403609362703744,-0.05638004255774426,-0.011276008511548863,0.12449243240857241,-1.4851477871643697,0.057496587435825926,-2.9441970937399122,2.3725357238372857,2.1357363690283977
203,6781.6,0.0,0.0,0.020672682271172915,-0.12340964870972909,-0.05512715272312774,-0.016287567850015006,0.12512913804123965,-1.4048246042986243,0.05748293515320779,-2.8543112001926594,2.5258862536397766,2.8266004260142243
204,6819.7,0.0,0.0,0.030695800948105256,-0.12153031395780431,-0.0532478179712029,-0.02067268227117297,0.12534691622265057,-1.3233934259928246,0.05711996070533686,-2.771269223887017,2.1373012678687897,2.1795794305943157
205,6857.2,0.0,0.0,0.040718919625037486,-0.11902453428857124,-0.051368483219278116,-0.025057796692330825,0.12579694025707278,-1.2411719193741542,0.0571543020543812,-2.6877486520682825,2.1925735098312122,2.22721524849959
206,6887.1,0.0,0.0,0.050115593384661594,-0.11526586478472164,-0.048862703550045045,-0.02881646619618039,0.1256892687736963,-1.1606689862534056,0.056726999940550284,-2.6087487659704047,2.69240578999154,2.6421366587918507
207,6926.4,0.0,0.0,0.05951226714428565,-0.11088075036356379,-0.046356923880811945,-0.03257513570003007,0.12584216599311923,-1.0782035747245995,0.05665777843832889,-2.529055096979489,2.0983565274505773,2.0278287275042564
208,6949.4,0.0,0.0,0.06828249598660135,-0.10586919102509759,-0.04322469929427056,-0.03633380520387963,0.1259793033258592,-0.9979649729605032,0.05646698176521908,-2.4425930395507915,3.4886348593085326,3.7592198882042345
209,6981.2,0.0,0.0,0.07642627991160889,-0.10085763168663145,-0.040718919625037514,-0.04009247470772931,0.12654342389300124,-0.922344763392769,0.05714400181664021,-2.363946272904551,2.377994011563955,2.4731687624603858
210,7013.7,0.0,0.0,0.08457006383661642,-0.09396673759624047,-0.037586695038496154,-0.043851144211578874,0.1264193160549846,-0.83798122500839,0.05775536765168757,-2.2794225989225665,2.5958011810578165,2.600728430214903
211,7049.3,0.0,0.0,0.09146095792700737,-0.08770228842315778,-0.033201580617338355,-0.04635692388081197,0.12671542218524376,-0.7644222193634257,0.05702025383301107,-2.192322951291519,2.0662642035102126,2.446619315478831
212,7082.5,0.0,0.0,0.09835185201739832,-0.07955850449815027,-0.02944291111348868,-0.04886270355004507,0.12650155110999398,-0.6801546557686776,0.057047776582934265,-2.113099064010501,2.5381796263478473,2.3862616650909243
213,7113.8,0.0,0.0,0.10461630119048104,-0.07204116549045103,-0.025684241609639058,-0.05074203830196983,0.12702165169765348,-0.6030493475114829,0.0568720908539583,-2.039370004324126,2.463428378824099,2.3555610123442388
214,7149.4,0.0,0.0,0.11025430544625542,-0.06327093664813524,-0.02129912718848115,-0.05262137305389469,0.12711893365572466,-0.5209798530224409,0.05676849232689073,-1.9554010416171095,2.3053228789057094,2.358678727725215
215,7181.3,0.0,0.0006264449173082887,0.11463941986741333,-0.054500707805819504,-0.016914012767323294,-0.054500707805819504,0.12693511625579582,-0.4437826727496415,0.05706497156074373,-1.8717165611553217,2.419974303222509,2.623337945510544
216,7213.7,0.0,0.0,0.11902453428857124,-0.04510403404619545,-0.012528898346165385,-0.05512715272312779,0.12728398819117678,-0.36222687770677137,0.05653296614478672,-1.7942729279355292,2.5171541679898475,2.3902355932034998
217,7249.4,0.0,0.0,0.1227832037924208,-0.0357073602865714,-0.007517339007699242,-0.056380042557744314,0.1278699758041979,-0.28301025673316316,0.05687899071335335,-1.7033478590915707,2.2189529684484204,2.5469206959092134
218,7282.5,0.0,0.0,0.1252889834616539,-0.026310686526947402,-0.0031322245865413323,-0.05763293239236089,0.1280218012776491,-0.20699219421982165,0.05771798443295621,-1.6250907387032023,2.29661820281996,2.36426345584192
219,7314.1,0.0,0.0,0.1271683182135787,-0.016287567850015006,0.001879334751924755,-0.05763293239236089,0.12820712157964884,-0.12738528830162418,0.05766356557872773,-1.5381991816769447,2.5192058834872326,2.749732817286602
220,7349.6,0.0,0.0,0.1284212080481953,-0.006264449173082665,0.006890894090391009,-0.0570064874750526,0.1285739087062379,-0.04874185130993134,0.05742145971331898,-1.4505008498669418,2.215308084273038,2.4703755439437423
221,7382.4,0.0,0.0,0.1284212080481953,0.003758669503849621,0.011276008511548863,-0.056380042557744314,0.12847620119304987,0.029259939581133806,0.05749658743582599,-1.373400766945016,2.37810338082521,2.3506122842051114
222,7414.5,0.0,0.0,0.127794763130887,0.01440823309809014,0.015661122932706717,-0.05512715272312779,0.1286044270804408,0.11227099061754645,0.05730858346593823,-1.2939981681629071,2.5860140509785574,2.473601208165354
