frame_no,timestamp,size_px-darkorange,position_px_x-darkorange,position_px_y-darkorange,rx-darkorange,ry-darkorange,vx-darkorange,vy-darkorange,ax-darkorange,ay-darkorange,size_px-green,position_px_x-green,position_px_y-green,rx-green,ry-green,vx-green,vy-green,ax-green,ay-green,size_px-hotpink,position_px_x-hotpink,position_px_y-hotpink,rx-hotpink,ry-hotpink,vx-hotpink,vy-hotpink,ax-hotpink,ay-hotpink,size_px-lightorange,position_px_x-lightorange,position_px_y-lightorange,rx-lightorange,ry-lightorange,vx-lightorange,vy-lightorange,ax-lightorange,ay-lightorange,size_px-yellowneon,position_px_x-yellowneon,position_px_y-yellowneon,rx-yellowneon,ry-yellowneon,vx-yellowneon,vy-yellowneon,ax-yellowneon,ay-yellowneon
0,130.8,11,169,1008,10.586919102509757,63.14564766467358,,,,,,,,,,,,,,,,,,,,,,,75,85,1009,,,,,,,,,,,,,,,
1,130.8,15,165,1001,10.33634113558645,62.70713622255779,,,,,,,,,,,,,,,,,,,,,,,70,61,1003,,,,,,,,,,,,,,,
2,239.4,15,174,1006,10.900141561163892,63.02035868121193,,,,,,,,,,,,,,,,,,,,,,,20,585,466,,,,,,,,,,,,,,,
3,260.7,12,458,492,28.691177212718753,30.821089931566867,31.945940413660118,-59.14375215454747,-1653.9613820869552,2920.679118743085,,,,,,,,,,,,,,,,,,,,,,,,,,,,14,586,506,36.7096721542646,31.698112815798446,,,,
4,277.3,13,457,492,28.628532720987923,30.821089931566867,24.13344877717939,-42.068237765699685,-1375.1252864489693,2397.0505849401557,,,,,,,,,,,,,,,,,,,,,,,,,,,,14,580,534,36.33380520387964,33.4521585842616,,,,
5,286.5,13,457,493,28.628532720987923,30.883734423297696,190.5149277391912,-347.7691292446505,-7893.164981503084,14205.397803373768,,,,,,,,,,14,906,501,56.755909508129236,31.38489035714431,,,,,,,,,,,,,,15,568,561,35.582071303109714,35.14355986099393,,,,
6,301.2,13,457,492,28.628532720987923,30.821089931566867,-0.9049282730799285,-0.4552521308422154,31.69626175411307,-22.48158670825755,,,,,,,,,,,,,,,,,,,,,,,,,,,,14,550,583,34.45447045195483,36.52173867907212,-70.36334469078105,86.5238058683145,-724.9062736373888,-1608.7934468610752
7,312.4,13,457,492,28.628532720987923,30.821089931566867,0.0,-0.4118013716124246,0.0,-23.464465618941595,,,,,,,,,,,,,,,,,,,,,,,,,,,,15,527,602,33.013647142145814,37.71198402195783,-95.42555952294798,81.9985605601765,-47.53058420247051,-2242.9622519850313
8,335.1,13,456,491,28.565888229257098,30.75844543983604,0.1062189499317448,-0.5127677974360998,57.41564861175318,84.9874413675592,,,,,,,,,,,,,,,,,,,,,,,,,,,,15,500,614,31.322245865413485,38.46371792272776,-108.08481727527293,29.905474821296345,-840.908975496653,-1580.680439481467
9,358.3,13,457,491,28.628532720987923,30.75844543983604,0.0,0.07821736283638453,0.0,41.16703307178117,,,,,,,,,,,,,,,,,,,,,,,,,,,,15,467,620,29.254977638296193,38.83958487311272,-94.41716832931039,5.008486025544638,-117.60944049673881,-1246.3841308191281
10,370.0,13,457,491,28.628532720987923,30.75844543983604,0.0,-0.22707672139913077,0.0,29.878515973569847,,,,,,,,,,,,,,,,,,,,,,,,,,,,15,438,618,27.438287378102213,38.71429588965107,-82.92611635950054,-6.249339075973874,481.53902737772836,-821.2009298257445
11,380.0,13,457,492,28.628532720987923,30.821089931566867,0.9571268925185712,0.9571268925185712,-19.51329036735109,-19.51329036735109,,,,,,,,,,,,,,,,,,,,,,,,,,,,15,409,610,25.62159711790823,38.21313995580445,-99.93083705029798,-15.457770229514209,1204.1152215979878,-439.9540839399396
12,411.6,13,457,492,28.628532720987923,30.821089931566867,0.0,0.7626409830608449,0.0,-15.485096102758272,,,,,,,,,,,,,,,,,,,,,,,,,,,,15,384,596,24.055484824637556,37.33611707157287,-74.24123854177203,-34.38147870031526,874.6799766145015,-231.66332606116805
13,442.8,13,457,492,28.628532720987923,30.821089931566867,0.0,0.49713413863031125,0.0,-9.982613225508262,,,,,,,,,,,,,,,,,,,,,,,,,,,,15,362,576,22.677306006559363,36.08322723695633,-46.015597343080486,-42.65831221564865,532.4862203261193,-179.04558500048532
14,478.1,13,457,492,28.628532720987923,30.821089931566867,0.0,-0.3097520359959911,0.0,-6.315026218063018,,,,,,,,,,8,906,507,56.755909508129236,31.76075730752927,,,,,,,,,,,,,,15,345,552,21.612349647135304,34.579759435416484,-24.04796584517272,-45.65405557000452,342.9361791181234,-175.6684510343786
15,510.1,13,457,492,28.628532720987923,30.821089931566867,0.0,-0.3113235430736341,0.0,-6.321290214693076,,,,,,,,,,,,,,,,,,,,,,,,,,,,14,335,524,20.985904729827034,32.825713666953334,-12.889663940872673,-49.83083408503827,371.03727416518115,-82.02916906011099
16,542.4,13,457,492,28.628532720987923,30.821089931566867,0.0,-0.3130645119500566,0.0,-6.286435982932866,,,,,,,,,,,,,,,,,,,,,,,,,,,,14,331,494,20.735326762903725,30.94637891502852,-0.6846809265152662,-51.1843946741327,377.7731454683631,7.839109930524856
17,578.2,13,457,491,28.628532720987923,30.75844543983604,-0.31197393957128816,-0.3132218340841692,-6.233245545879882,6.2456995829345825,,,,,,,,,,,,,,,,,,,,,,,,,,,,14,334,465,20.92326023809621,29.12968865483454,11.217334984924946,-49.4004492748853,361.66523606864297,100.81542995783958
18,610.0,13,457,491,28.628532720987923,30.75844543983604,-0.3130657690800135,-0.3136928410693112,-6.267582964564836,6.273856821386223,,,,,,,,,,9,914,501,57.25706544197585,31.38489035714431,,,,,,,,,,,,,,14,344,438,21.549705155404478,27.438287378102213,22.233313252585152,-45.44846470768261,332.12543241055124,169.76429172989384
19,642.3,13,457,491,28.628532720987923,30.75844543983604,-0.31400731979278856,-0.3133789911461984,-6.286432828684457,6.280140103130224,,,,,,,,,,,,,,,,,,,,,,,,,,,,14,360,413,22.552017023097708,25.872175084831536,31.696517768321257,-38.88601303393287,270.49910067451043,238.37473672012223
20,678.5,13,456,491,28.565888229257098,30.75844543983604,-0.3111920554689223,0.31558161212141206,6.248836455199243,6.292753980486783,,,,,,,,,,11,913,500,57.19442095024502,31.322245865413485,,,,,,,,,,,,,,14,381,394,23.867551349445076,24.681929741945826,39.556973964631794,-30.6153394655723,203.4322510640958,273.7630308460091
21,710.0,13,456,491,28.565888229257098,30.75844543983604,-0.31400356204229257,0.0,6.248827105319254,0.0,,,,,,,,,,,,,,,,,,,,,,,,,,,,14,406,379,25.43366364271575,23.74226236598342,45.27183526162307,-21.013305525796937,128.64500777020717,318.9388919078195
22,742.1,13,456,491,28.565888229257098,30.75844543983604,-0.3168095401236691,0.0,6.2302761086267315,0.0,,,,,,,,,,,,,,,,,,,,,,,,,,,,14,432,370,27.06242042771725,23.178461940405978,48.43722463349331,-10.57198430334324,64.98600684396719,329.0406687025152
23,778.1,13,456,492,28.565888229257098,30.821089931566867,0.0,0.0012604424055098972,0.0,-12.604424055103287,,,,,,,,,,,,,,,,,,,,,,,,,,,,14,460,367,28.816466196180404,22.990528465213497,49.95169789432249,0.5930387839101933,5.2971451144325945,352.91123119179184
24,810.5,13,456,491,28.565888229257098,30.75844543983604,0.3135334963614633,0.0,6.23947256440723,0.0,,,,,,,,,,10,907,505,56.81855399986006,31.63546832406762,,,,,,,,,,,,,,14,489,371,30.633156456374387,23.241106432136807,48.07742019030752,11.620665943625875,-72.81247187598946,330.4933761403955
25,843.8,13,456,491,28.565888229257098,30.75844543983604,0.0,0.3225863440652891,0.0,6.343880905905395,,,,,,,,,,11,909,504,56.943842983321716,31.57282383233679,,,,,,,,,,,,,,14,516,380,32.324557733106715,23.804906857714247,44.503077773825474,22.387381057485996,-142.35369336644166,319.12777497160994
26,877.9,13,456,491,28.565888229257098,30.75844543983604,0.3087271988444996,-0.006843115458261371,6.186917812515025,12.442028105929518,,,,,,,,,,,,,,,,,,,,,,,,,,,,14,540,396,33.828025534646564,24.80721872540748,38.52089469453525,31.071170232740247,-234.37135753501894,257.8729661795521
27,910.6,13,457,491,28.628532720987923,30.75844543983604,0.3133777429440823,0.3115077655589929,-6.242584520798455,6.223931379800056,,,,,,,,,,,,,,,,,,,,,,,,,,,,14,560,416,35.0809153692631,26.06010856002402,30.66052941912336,38.39960414608601,-275.1773537220952,204.55034418847845
28,942.4,13,456,492,28.565888229257098,30.821089931566867,0.3054807220589861,0.3218036780776486,6.196363530608235,-6.359756483748001,,,,,,,,,,12,910,500,57.00648747505254,31.322245865413485,0.32180367807763033,0.2401888979843522,-6.35975648374764,56.420843588034245,,,,,,,,,,14,575,440,36.020582745225504,27.563576361563864,21.430262783053642,44.66312061555578,-325.65472429627306,132.71278401560681
29,978.8,13,457,492,28.628532720987923,30.821089931566867,0.30825993836000665,0.30825993836000665,-6.196179665527771,-6.196179665527771,,,,,,,,,,,,,,,,,,,,,,,,,,,,14,583,467,36.52173867907212,29.254977638296193,10.085221173570876,48.19709188361155,-329.26934654752586,81.5902974650723
30,1011.0,13,457,492,28.628532720987923,30.821089931566867,0.0,0.31009896185288394,0.0,-6.25199519864685,,,,,,,,,,,,,,,,,,,,,,,,,,,,14,587,494,36.77231664599543,30.94637891502852,-0.8390833007693876,49.281810969111575,-352.30497137537026,12.226684158644105
31,1043.6,13,457,492,28.628532720987923,30.821089931566867,0.3071974447773219,0.0,-6.1624362041589125,0.0,,,,,,,,,,9,910,505,57.00648747505254,31.63546832406762,0.0,1.5359872238866443,0.0,-30.812181020795265,,,,,,,,,,14,583,523,36.52173867907212,32.763069175222505,-11.785399021232305,47.653132373441984,-330.78127974099925,-73.6216425554054
32,1078.3,13,457,492,28.628532720987923,30.821089931566867,0.0,-0.3129070357828808,0.0,-6.289588658952378,,,,,,,,,,,,,,,,,,,,,,,,,,,,14,573,550,35.89529376176385,34.45447045195483,-21.92870142899503,44.329126116188064,-314.22658516234145,-159.33835309167497
33,1110.2,13,457,492,28.628532720987923,30.821089931566867,0.0,-0.3114965104989292,0.0,-6.2801715826396975,,,,,,,,,,13,908,502,56.88119849159089,31.447534848875137,,,,,,,,,,,,,,14,558,573,34.955626385801445,35.89529376176385,-31.314307082789608,38.76261653615474,-262.11486293955335,-224.30721708116076
34,1143.3,13,457,492,28.628532720987923,30.821089931566867,0.0,-0.31134874504303645,0.0,-6.245712036971641,,,,,,,,,,9,910,505,57.00648747505254,31.63546832406762,0.6226974900861082,-1.5567437252152174,12.49142407394399,-31.228560184858914,,,,,,,,,,14,538,593,33.702736551184906,37.14818359638039,-39.087734780328496,30.775286247470813,-216.90850479453107,-264.95099788534
35,1178.2,13,457,491,28.628532720987923,30.75844543983604,0.0,-0.008666345360478713,0.0,12.380493372113575,,,,,,,,,,8,914,493,57.25706544197585,30.883734423297696,,,,,,,,,,,,,,14,513,608,32.136624257914235,38.0878509723428,-44.73536954579064,21.07508588659422,-142.36336712585864,-306.2079978511443
36,1210.3,13,457,491,28.628532720987923,30.75844543983604,0.0,0.001881219734098076,0.0,12.541464893988902,,,,,,,,,,12,908,502,56.88119849159089,31.447534848875137,,,,,,,,,,,,,,14,487,617,30.507867472912732,38.65165139792024,-48.90053587456083,10.604146102040598,-89.25833969323867,-338.29958479924227
37,1243.6,13,457,491,28.628532720987923,30.75844543983604,0.0,0.008201440048548336,0.0,12.61760007469018,,,,,,,,,,11,912,500,57.131776458514196,31.322245865413485,,,,,,,,,,,,,,14,458,621,28.691177212718753,38.90222936484355,-50.2958937616526,-0.8665404334285501,-6.5841967273854065,-365.9927046251162
38,1279.5,13,457,492,28.628532720987923,30.821089931566867,0.0,0.30518318528294597,0.0,-6.184056439370735,,,,,,,,,,12,907,503,56.81855399986006,31.510179340605966,-0.5289147659946462,3.373305359026723,75.0231933181634,-55.49360474519554,,,,,,,,,,15,429,617,26.87448695252477,38.65165139792024,-48.78148000996658,-12.362606123721925,62.479646214191376,-353.9636114344659
39,1310.1,13,457,492,28.628532720987923,30.821089931566867,0.0,0.31650065708559666,0.0,-6.2364661494698845,,,,,,,,,,,,,,,,,,,,,,,,,,,,15,402,607,25.18308567579244,38.02520648061197,-44.95581538988557,-22.13622845783526,168.31085441618964,-317.82014585959286
40,1342.6,13,457,492,28.628532720987923,30.821089931566867,0.0,0.31750091887995746,0.0,-6.369125754863737,,,,,,,,,,,,,,,,,,,,,,,,,,,,14,378,591,23.679617874252592,37.02289461291874,-39.17463352559537,-32.37827486434143,231.25612068813763,-270.60799094888114
41,1378.2,13,457,492,28.628532720987923,30.821089931566867,0.0,0.0,0.0,0.0,,,,,,,,,,8,912,504,57.131776458514196,31.57282383233679,1.3120214285340088,0.021135810778593677,-37.719521696508785,-12.432829869761461,,,,,,,,,,14,357,570,22.364083547905228,35.70736028657137,-30.775580961103763,-39.5963390951069,302.38153005455854,-197.88508099481413
42,1411.6,13,457,492,28.628532720987923,30.821089931566867,0.0,0.0,0.0,0.0,,,,,,,,,,11,909,504,56.943842983321716,31.57282383233679,,,,,,,,,,,,,,14,343,545,21.48706066367365,34.141247993300695,-20.19906614172396,-45.92650821830226,319.50686475940887,-150.9538395683281
43,1442.3,13,457,492,28.628532720987923,30.821089931566867,0.0,0.0,0.0,0.0,,,,,,,,,,14,907,502,56.81855399986006,31.447534848875137,,,,,,,,,,,,,,15,334,518,20.92326023809621,32.449846716568366,-9.765225120288914,-49.26765535552235,358.7019215446898,-68.196030940405
44,1480.3,13,457,492,28.628532720987923,30.821089931566867,-0.3281563023693979,0.0,-6.428135208019553,0.0,,,,,,,,,,10,911,503,57.06913196678337,31.510179340605966,,,,,,,,,,,,,,14,332,489,20.797971254634554,30.633156456374387,2.6761664754170416,-50.21358751681488,352.89266067062914,-10.092361154215888
45,1510.2,13,457,492,28.628532720987923,30.821089931566867,-0.31195187172022504,0.0,-6.327624172824029,0.0,,,,,,,,,,,,,,,,,,,,,,,,,,,,14,336,461,21.04854922155786,28.879110687911233,12.736551257053563,-48.37034217490709,348.5583968790795,101.38317107735803
46,1542.2,13,457,492,28.628532720987923,30.821089931566867,-0.30433579258262905,-0.30433579258262905,-6.0928086603128895,-6.0928086603128895,,,,,,,,,,,,,,,,,,,,,,,,,,,,14,347,434,21.737638630596958,27.187709411178904,22.68084739225082,-43.64084898121555,290.86909972737635,180.84480720280317
47,1577.9,13,456,492,28.565888229257098,30.821089931566867,-0.016654772268999616,0.0,12.811363283847381,0.0,,,,,,,,,,,,,,,,,,,,,,,,,,,,14,363,410,22.739950498290188,25.684241609639056,31.982104652432042,-38.025834840026214,247.6388593501692,259.8413914162785
48,1610.0,13,456,492,28.565888229257098,30.821089931566867,-0.03447596443253797,-0.2882365651434191,11.888263597426977,-5.776283870609604,,,,,,,,,,,,,,,,,,,,,,,,,,,,14,384,392,24.055484824637556,24.55664075848417,37.10794380540323,-29.184842104183772,139.84626340848925,283.0957882557747
49,1644.1,13,456,491,28.565888229257098,30.75844543983604,0.014828487891269174,0.014828487891269174,12.357073242725033,12.357073242725033,,,,,,,,,,,,,,,,,,,,,,,,,,,,14,408,378,25.5589526261774,23.679617874252592,42.41795475097041,-19.238112238951285,96.51279151344043,298.10979029011736
50,1678.1,13,457,492,28.628532720987923,30.821089931566867,0.009221158233802975,0.0,-12.294877645068885,0.0,,,,,,,,,,8,914,497,57.25706544197585,31.134312390221,,,,,,,,,,,,,,14,434,370,27.187709411178904,23.178461940405978,43.758193895262686,-10.456897569081681,-12.587177856542993,290.4367976245316
51,1715.6,13,457,491,28.628532720987923,30.75844543983604,-0.4170316468837825,0.06828031101664647,-19.133636371124798,12.528497434247214,16,407,603,25.496308134446576,37.77462851368866,,,,,,,,,,,,,,,,,,,,,,,14,459,368,28.753821704449578,23.053172956944323,43.704163695148814,-0.10502921493606752,-14.917856405731763,267.65824373755345
52,1743.6,13,457,492,28.628532720987923,30.821089931566867,-0.31479644085843755,0.31479644085841973,-18.98269995126185,-6.327566650420497,18,386,597,24.18077380809921,37.3987615633037,,,,,12,910,501,57.00648747505254,31.38489035714431,,,,,,,,,,,,,,14,483,371,30.257289505989426,23.241106432136807,42.497519515887646,6.925521698885395,-94.91349975630997,227.79239941514254
53,1779.8,13,456,492,28.565888229257098,30.821089931566867,-0.6274792780784736,0.0,-0.22627154494638455,0.0,18,365,583,22.865239481751843,36.52173867907212,,,,,,,,,,,,,,,,,,,,,,,14,504,377,31.57282383233679,23.616973382521767,39.04792092485353,15.11873773595582,-80.0435590246597,212.5255485905617
54,1810.3,13,455,492,28.50324373752627,30.821089931566867,-0.384988931390732,0.3418899107995508,19.810356867282152,-6.750047597227066,18,348,564,21.800283122327784,35.33149333618641,-27.34248610217504,-34.2490688357693,246.80652808854808,-178.46646080605888,12,910,500,57.00648747505254,31.322245865413485,,,,,,,,,,,,,,14,524,387,32.825713666953334,24.243418299830036,36.26601604176513,21.43545281561056,-142.17079519688056,187.26217929405396
55,1843.1,13,455,492,28.50324373752627,30.821089931566867,-0.3163754762295091,-0.3138495268545162,18.950960546818205,-6.308533203105854,18,335,543,20.985904729827034,34.015959009839044,-19.209232847188254,-40.55478959735833,259.29656523359427,-131.79445195272774,,,,,,,,,,,,,,,,,,,14,543,400,34.015959009839044,25.057796692330786,30.51918258613855,27.34153510228093,-145.8570917964357,182.57972929632547
56,1877.9,13,455,492,28.50324373752627,30.821089931566867,-0.01956118065029537,0.0,12.62011654857895,0.0,17,327,518,20.48474879598042,32.449846716568366,-10.798231121600763,-43.31926654380736,274.5714368604679,-36.935845372734725,,,,,,,,,,,,,,,,,,,14,559,417,35.018270877532274,26.122753051754845,25.45139525549851,32.77533077066041,-197.1537023281435,147.44576710168235
57,1911.6,13,456,492,28.565888229257098,30.821089931566867,0.3058083798112153,0.0,-6.171713013344396,0.0,18,324,494,20.29681532078794,30.94637891502852,-1.268200769726376,-44.41324052854557,267.986864457329,-22.20820242743117,,,,,,,,,,,,,,,,,,,14,571,437,35.7700047783022,27.375642886371384,18.526973035055736,37.018925491112505,-208.057102270235,120.4075675075641
58,1942.8,13,456,491,28.565888229257098,30.75844543983604,-0.0018963679286597966,-0.3136915758850664,-12.64245285773397,6.311701728069742,17,325,468,20.359459812518764,29.317622130027022,7.27748638700246,-43.72449659545945,272.0318045595994,68.20955730676735,,,,,,,,,,,,,,,,,,,14,580,458,36.33380520387964,28.691177212718753,11.29100036393398,39.96967952448188,-239.8637150682497,70.74312771873872
59,1979.1,13,456,492,28.565888229257098,30.821089931566867,-0.013755927037949898,0.0,-12.50538821631916,0.0,18,332,445,20.797971254634554,27.876798820218,16.24423819148578,-41.21774581880165,259.8647155720735,78.46787551118769,,,,,,,,,,,,,,,,,,,14,584,482,36.58438317080295,30.194645014258597,3.494458959739646,41.32779323510526,-236.77784501887047,21.575230219362453
60,2010.7,13,456,492,28.565888229257098,30.821089931566867,0.0,-0.3104062501824926,0.0,-6.264505553632536,17,343,422,21.48706066367365,26.43597551040898,23.4241642575754,-38.1036865647104,230.34542670920465,149.54531572380162,13,909,500,56.943842983321716,31.322245865413485,,,,,,,,,,,,,,14,584,505,36.58438317080295,31.63546832406762,-3.6265570326877516,41.48790363379412,-239.03734914739275,-30.216283094211885
61,2042.2,13,455,491,28.50324373752627,30.75844543983604,-0.0062771541330468306,0.0,12.5543082660964,0.0,17,358,404,22.426728039636053,25.308374659254095,30.627632451656847,-32.374289860662245,197.7900478479332,160.16482367506754,10,908,505,56.88119849159089,31.63546832406762,,,,,,,,,,,,,,14,579,527,36.27116071214881,33.013647142145814,-11.181149696475766,40.16600378573212,-212.2922217609199,-66.79294137567526
62,2078.1,13,455,492,28.50324373752627,30.821089931566867,-0.008823522920757963,-0.30978416731028346,12.6050327439392,-6.258266006268353,17,378,386,23.679617874252592,24.18077380809921,36.03106129503826,-26.54245790638911,139.8690844996937,218.00258736583336,,,,,,,,,,,,,,,,,,,14,571,549,35.7700047783022,34.391825960224004,-18.391971669277012,37.455491945615364,-205.3722686986378,-99.8035390979464
63,2111.0,13,456,491,28.565888229257098,30.75844543983604,0.0,-0.3127519317667233,0.0,6.217732241883171,17,399,373,24.99515220059996,23.366395415598458,40.209033896109354,-18.744627983814947,104.34788612297798,236.47778658717462,12,910,500,57.00648747505254,31.322245865413485,0.0018625383808062424,0.9326681801577683,-12.416922538710324,18.59757089048392,,,,,,,,,,15,559,569,35.018270877532274,35.64471579484054,-24.91771493039409,33.07347815527955,-185.5121602784567,-137.56887101375546
64,2142.6,13,456,491,28.565888229257098,30.75844543983604,0.31444076247109287,0.0,-6.165505146492017,0.0,17,423,365,26.498620002139806,22.865239481751843,42.37368898090059,-11.958536411090531,36.19514197763968,246.52349205345317,12,909,500,56.943842983321716,31.322245865413485,,,,,,,,,,,,,,14,544,586,34.07860350156987,36.7096721542646,-30.19858617923309,28.3009113948073,-166.54117430994353,-169.56348075430174
65,2178.5,13,456,491,28.565888229257098,30.75844543983604,0.6271034064854233,-0.6271034064854234,0.06283437570582988,-0.0628343757065424,17,447,361,28.002087803679654,22.614661514828533,43.903515608112436,-3.3266642300753833,16.952714565528666,244.46342212248751,,,,,,,,,,,,,,,,,,,14,525,601,32.888358158684156,37.64933953022701,-35.49725258482324,22.15859788703712,-135.3703790214061,-204.9154660530142
66,2211.6,13,456,491,28.565888229257098,30.75844543983604,0.3179608977990601,0.0,6.3212902146930485,0.0,18,472,362,29.568200096950328,22.677306006559363,43.87298511127147,4.548123067633215,-31.505913654545925,226.598775071835,12,909,503,56.943842983321716,31.510179340605966,-1.2630553640647622,1.5634398076009004,-12.730550670943153,-6.0573794900240205,,,,,,,,,,14,504,611,31.57282383233679,38.27578444753528,-39.26175973265208,15.210978452632215,-99.65771650599679,-217.55040736889563
67,2244.6,13,456,491,28.565888229257098,30.75844543983604,0.3270007306152875,0.0,6.411779031672304,0.0,17,495,366,31.009023406759347,22.927883973482672,41.91909490519612,12.726653452367987,-45.108751305178394,237.49983860259624,,,,,,,,,,,,,,,,,,,15,481,618,30.132000522527772,38.71429588965107,-41.82946954923749,7.004016202654453,-61.51536235680938,-248.0226994839895
68,2277.9,13,457,490,28.628532720987923,30.695800948105212,0.3162187976105064,-0.004407176747957185,-6.318057894315818,12.59193356559519,17,518,375,32.449846716568366,23.491684399060112,38.97755053606199,19.39402096794991,-116.0666999186562,212.69322170095865,12,910,498,57.00648747505254,31.19695688195183,,,,,,,,,,,,,,14,458,620,28.691177212718753,38.83958487311272,-42.07803803769569,-0.22807526265138256,2.960208943489592,-245.52061341757903
69,2310.8,13,457,491,28.628532720987923,30.75844543983604,0.315907513451234,0.0,-6.362689092673413,0.0,17,539,387,33.765381042915735,24.243418299830036,34.72248069275325,26.183438601587188,-152.9800625252566,209.59710262884866,11,906,505,56.755909508129236,31.63546832406762,-0.317179410515591,0.3165434619834036,31.80063037959575,-19.081659736135123,,,,,,,,,,15,434,618,27.187709411178904,38.71429588965107,-41.66036296656934,-7.562065918332542,51.298780338310436,-241.58355172313446
70,2342.4,13,457,491,28.628532720987923,30.75844543983604,0.3249473462674614,0.30650090631447674,-6.453770531627845,6.267912194570066,17,557,404,34.89298189407062,25.308374659254095,29.648263564332062,31.96405716229077,-205.82849492926,155.90310025062985,,,,,,,,,,,,,,,,,,,15,411,610,25.746886101369885,38.21313995580445,-39.60386408601944,-15.166115929033607,107.02876651259767,-205.35423572435448
71,2378.0,13,457,491,28.628532720987923,30.75844543983604,0.0,0.6267611196977229,0.0,0.01882160814468372,17,571,423,35.7700047783022,26.498620002139806,22.531419573638274,36.6852783095246,-212.52732530459508,132.78644546337117,,,,,,,,,,,,,,,,,,,15,391,600,24.493996266753346,37.58669503849618,-35.70657162542904,-22.279178655147547,124.34181727562434,-195.06087294598106
72,2410.1,13,457,491,28.628532720987923,30.75844543983604,0.0,0.0,0.0,0.0,17,582,445,36.45909418734129,27.876798820218,15.483883294378812,40.207787731664475,-234.50427581058412,72.86712959828779,12,908,504,56.88119849159089,31.57282383233679,0.008832053214823062,-2.501394663384589,-25.23443775662667,-37.6743951554661,,,,,,,,,,15,372,587,23.303750923867632,36.77231664599543,-30.86178195017978,-28.852151147767156,166.19529854164105,-187.21977616074614
73,2443.1,13,457,492,28.628532720987923,30.821089931566867,0.0,0.3087111370828373,0.0,-6.2240148605410575,17,588,468,36.83496113772625,29.317622130027022,7.661338784250545,42.025754868674156,-230.85322860761295,43.93200811845464,,,,,,,,,,,,,,,,,,,14,356,569,22.3014390561744,35.64471579484054,-24.29582065660729,-33.65292773889035,197.00387359489332,-161.81183795701133
74,2477.8,13,457,492,28.628532720987923,30.821089931566867,0.0,0.3169637518190157,0.0,-6.2271856938903065,17,590,492,36.96025012118791,30.821089931566867,0.2343085666195726,42.58545597130453,-234.30856661962656,-14.546412161168451,8,907,507,56.81855399986006,31.76075730752927,,,,,,,,,,,,,,14,344,549,21.549705155404478,34.391825960224004,-17.94361355546348,-37.489371882555986,231.62928633089928,-109.75261858524969
75,2510.1,13,457,491,28.628532720987923,30.75844543983604,0.0,0.312284979146728,0.0,6.2456995829345585,17,588,515,36.83496113772625,32.261913241375886,-7.487337165182617,42.24599941876461,-224.9201333806444,-32.1028958562852,15,906,497,56.755909508129236,31.134312390221,-0.0025007781130103714,0.3035322557512092,25.007781130070008,93.77293353818206,,,,,,,,,,14,336,526,21.04854922155786,32.951002650414985,-10.662703297023185,-40.98560600066912,237.7862745214908,-55.44932089729307
76,2542.3,13,457,492,28.628532720987923,30.821089931566867,0.0,0.0,0.0,0.0,17,582,538,36.45909418734129,33.702736551184906,-15.393750313251433,40.35002497431723,-233.9671161000869,-77.7168850208117,14,906,498,56.755909508129236,31.19695688195183,,,,,,,,,,,,,,14,333,503,20.86061574636538,31.510179340605966,-2.5691120212234604,-41.90911856027781,241.03460695719883,-4.643622151606503
77,2579.6,13,457,492,28.628532720987923,30.821089931566867,0.0,0.0,0.0,0.0,17,571,560,35.7700047783022,35.0809153692631,-22.248382896530025,36.54990719085519,-207.3946055444139,-104.03018470424134,8,906,507,56.755909508129236,31.76075730752927,-0.9377647446920133,-2.8484053376025154,-6.333918596659904,-55.96081213364486,,,,,,,,,,15,334,479,20.92326023809621,30.006711539066117,5.180868723048299,-41.27384201784173,222.68274271648468,35.401535377278066
78,2610.3,13,457,492,28.628532720987923,30.821089931566867,0.0,0.6255069691395424,0.0,0.006236345065713504,18,558,580,34.955626385801445,36.33380520387964,-28.783313699751503,32.51824298579818,-200.1492585269171,-162.06389921290443,10,908,505,56.88119849159089,31.63546832406762,,,,,,,,,,,,,,14,338,456,21.173838205019514,28.565888229257098,12.521381642040117,-39.7156328356318,224.96991188695708,80.7980866665009
79,2641.9,13,457,492,28.628532720987923,30.821089931566867,-0.31212610005869085,0.31212610005870856,-6.267592370656449,6.267592370656804,17,539,596,33.765381042915735,37.33611707157287,-34.46896247845995,27.337187109204027,-149.0692727595222,-183.58508014210432,14,905,497,56.693265016398406,31.134312390221,-0.6273938622570259,-0.6273938622570082,0.03146381712177085,0.03146381712212633,,,,,,,,,,14,348,436,21.800283122327784,27.31299839464056,19.398943135733408,-36.729245070221445,200.09099860418442,108.65714604832071
80,2679.5,13,457,492,28.628532720987923,30.821089931566867,-0.32072333964252375,0.0,-6.420887680531001,0.0,17,519,610,32.512491208299195,38.21313995580445,-39.27262485586483,20.36906586540965,-133.43105930713338,-219.9105825719455,15,904,498,56.63062052466758,31.19695688195183,-0.6223286308308892,-3.1212021783814374,12.648955911196923,50.49941391985263,,,,,,,,,,14,360,416,22.552017023097708,26.06010856002402,26.050779220783024,-32.43228545687358,195.1332832641901,141.60660398144358
81,2710.4,13,457,493,28.628532720987923,30.883734423297696,-0.29371299132805107,0.02577607396842395,-5.868391435125901,-11.988871613219937,17,496,619,31.071667898490176,38.77694038138189,-41.24937041533002,13.047499529218873,-48.92280372240422,-226.9619440753937,,,,,,,,,,,,,,,,,,,14,376,399,23.55432889079094,24.99515220059996,30.350789943605868,-26.728553470413086,131.26202221026102,178.68401853267423
82,2742.0,13,456,493,28.565888229257098,30.883734423297696,-0.31337774294408305,0.0018699773850909846,6.242584520798462,-12.466515900599218,17,472,625,29.568200096950328,39.15280733176685,-43.73637566306098,5.349861358670625,-36.09382783190737,-255.7221276607613,16,904,496,56.63062052466758,31.071667898490176,-0.0018699773850909846,-0.31337774294408305,12.466515900599218,6.242584520798462,,,,,,,,,,14,395,386,24.74457423367665,24.18077380809921,35.599774210825196,-20.964519161707496,123.6019299690784,206.32239258332686
83,2777.9,13,456,492,28.565888229257098,30.821089931566867,-0.32135928865889385,0.3092994788314278,6.407961887515348,6.286574772996493,17,447,625,28.002087803679654,39.15280733176685,-44.17023334397726,-2.6027981620704868,33.88617133736863,-246.9972228646422,15,904,497,56.63062052466758,31.134312390221,0.3092994788314278,-0.01205980982748431,6.286574772996493,12.694536660512206,,,,,,,,,,14,416,376,26.06010856002402,23.55432889079094,39.02848472543484,-14.400868940513131,68.64121886287911,224.88560163563835
84,2814.8,13,456,492,28.565888229257098,30.821089931566867,-0.2868205655874957,-0.28682056558751196,6.0004302424162335,6.0004302424165745,17,423,621,26.498620002139806,38.90222936484355,-42.48734433244812,-12.082380974360484,25.206828298685913,-254.45339124221812,15,905,498,56.693265016398406,31.19695688195183,,,,,,,,,,,,,,14,438,370,27.438287378102213,23.178461940405978,41.042591368490385,-5.5813591900298976,73.56175987564907,226.43464584248235
85,2842.4,13,456,492,28.565888229257098,30.821089931566867,0.0,-0.31088319513369045,0.0,6.236373021739038,18,399,613,24.99515220059996,38.40107343099693,-39.71872823701439,-18.863269445831495,116.12664508383166,-226.6111552974479,15,905,496,56.693265016398406,31.071667898490176,-0.31964476754247,0.3152639813380624,-18.79669100333585,6.28015899079805,,,,,,,,,,14,462,369,28.94175517964206,23.115817448675152,40.69080489825493,0.7050013281507485,-22.18697603621534,225.34136219472558
86,2878.2,13,456,493,28.565888229257098,30.883734423297696,-0.3141624401925473,-0.0025007856003869673,-6.264455437538348,-12.503928001945955,18,379,601,23.74226236598342,37.64933953022701,-35.64446476112287,-25.7013012413787,136.11918425294851,-213.59107383143515,15,905,498,56.693265016398406,31.19695688195183,-0.31666322579293427,-0.0025007856003869673,-18.768383439484307,-12.503928001945955,,,,,,,,,,14,484,371,30.319933997720252,23.241106432136807,39.728576483625844,7.866564932815349,-54.681263564952886,219.13102594818102
87,2910.4,13,456,492,28.565888229257098,30.821089931566867,-0.3071041473667541,0.0,-6.424772957463483,0.0,18,360,584,22.552017023097708,36.58438317080295,-31.52644020386303,-32.34496434321247,204.10078945414057,-169.45002651619188,15,903,496,56.56797603293675,31.071667898490176,-0.36225773178862547,2.708783741878813,19.838838672000186,84.08656824663208,,,,,,,,,,14,506,378,31.698112815798446,23.679617874252592,39.03482370171953,14.961613411291172,-115.5652675486794,203.33465544038566
88,2942.1,13,456,492,28.565888229257098,30.821089931566867,0.0,0.0,0.0,0.0,18,345,565,21.612349647135304,35.394137827917234,-23.556816443337834,-37.28220814711819,208.08422339513683,-142.87608043548565,16,903,497,56.56797603293675,31.134312390221,-0.00502161763859762,0.6270770159418543,25.108088192982244,-0.025133221414045673,,,,,,,,,,14,525,388,32.888358158684156,24.306062791560862,34.19703924379493,21.282956409733444,-108.07913538725518,187.45613191927112
89,2978.1,13,455,492,28.50324373752627,30.821089931566867,-0.0018774610458023792,-0.31400606360628874,12.516406972007708,6.267586099925905,18,333,543,20.86061574636538,34.015959009839044,-16.941307746372605,-40.997739676078886,238.3183936199294,-92.64392986626606,15,903,497,56.56797603293675,31.134312390221,-0.6280121272125775,-0.6261346661667575,12.53517219985181,0.018765227844455314,,,,,,,,,,14,543,401,34.015959009839044,25.120441184061615,29.762987444947534,26.899383651574976,-144.83002850067882,161.9063858387982
90,3010.2,13,455,492,28.50324373752627,30.821089931566867,-0.0062271856938935395,0.0,12.454371387781348,0.0,18,326,519,20.42210430424959,32.512491208299195,-8.86897516483933,-43.07264626553453,249.9566261575581,-45.53357914156553,9,904,507,56.63062052466758,31.76075730752927,0.31541471609558125,0.06849904263282673,-6.258228493959934,-136.99808526558988,,,,,,,,,,14,559,418,35.018270877532274,26.18539754348567,24.44666821310718,31.477027998325138,-176.7825378343347,127.63557676470472
91,3042.2,13,456,492,28.565888229257098,30.821089931566867,0.0,0.0,0.0,0.0,17,324,494,20.29681532078794,30.94637891502852,-1.5399680129040407,-43.03677539903708,231.8128481420024,27.89971176577778,15,905,498,56.693265016398406,31.19695688195183,0.9313515249765576,0.32112799056986197,-6.399334094777336,-6.087734418386009,,,,,,,,,,14,571,437,35.7700047783022,27.375642886371384,18.530129636091882,34.52648188731625,-204.94603159981918,77.14977172873716
92,3078.3,13,456,492,28.565888229257098,30.821089931566867,0.3230020934672751,0.0,-6.031785125439316,0.0,17,325,470,20.359459812518764,29.442911113488673,6.463133792813017,-41.95617735860476,228.83612812030125,73.51343720107897,15,903,496,56.56797603293675,31.071667898490176,1.1308938175688967,0.2424448153171916,22.572730889598677,17.318150570238313,,,,,,,,,,14,579,457,36.27116071214881,28.628532720987923,11.910798819213733,37.030588678445724,-211.50108179340802,40.313275376186
93,3111.0,13,456,492,28.565888229257098,30.821089931566867,-0.008753142707751122,0.0,-12.504489582500744,0.0,17,332,446,20.797971254634554,27.93944331194883,15.178683984696924,-40.6121949432226,227.17946807927146,94.35205775886547,16,904,496,56.63062052466758,31.071667898490176,1.2692669034119584,-2.4422492370386397,25.183867131189604,87.18165114512436,,,,,,,,,,14,584,479,36.58438317080295,30.006711539066117,3.9062888683950665,40.08259920400966,-230.76467138614296,43.10988366554328
94,3147.7,13,456,492,28.565888229257098,30.821089931566867,-0.34751329152035554,0.0,-6.587929697068351,0.0,17,342,424,21.424416171942823,26.561264493870635,23.479613422898908,-36.363895107556985,242.49201320023363,98.60038854664097,14,906,498,56.755909508129236,31.19695688195183,2.366269136473214,-1.3900531660813829,33.60156369660968,-26.35171878827266,,,,,,,,,,14,584,502,36.58438317080295,31.447534848875137,-4.337343669402955,40.51816083512675,-228.56057134795023,36.43655903544288
95,3185.4,13,456,492,28.565888229257098,30.821089931566867,0.0,-0.3610993037874813,0.0,-6.743217624416089,17,357,405,22.364083547905228,25.37101915098492,30.360148003972185,-31.7429458316803,217.4199729284232,117.20984061263658,14,907,498,56.81855399986006,31.19695688195183,0.0034758107278940343,0.18228755725767742,-43.626288440317694,-18.441535407950994,,,,,,,,,,14,580,524,36.33380520387964,32.825713666953334,-11.644583594464551,39.508318768475284,-228.37534049750337,5.956194092153442
96,3210.4,13,455,492,28.50324373752627,30.821089931566867,-0.057083624172775606,-0.27297738135147104,11.53204528742983,-5.492502642886736,17,374,389,23.429039907329287,24.36870728329169,32.42502416391899,-26.183866611372192,119.82938864551825,195.9563593809815,14,908,499,56.88119849159089,31.259601373682656,1.0472666407455244,1.8091151606271774,-29.650673221057485,-1.6411200049671328,,,,,,,,,,14,572,546,35.83264927003302,34.203892485031524,-15.69875946440455,36.308911200401646,-163.70310190962365,-119.03921975423543
97,3242.6,13,455,492,28.50324373752627,30.821089931566867,-0.03303856634866102,-0.3054883561824318,13.215426539464431,-6.438110773075479,17,395,376,24.74457423367665,23.55432889079094,39.63160018310138,-20.831617624229327,97.9081292697869,228.73949519050623,10,912,494,57.131776458514196,30.94637891502852,0.1982313980919586,0.17333409078779158,-79.29255923678357,59.2998169309317,,,,,,,,,,14,561,566,35.14355986099393,35.45678231964806,-23.671513739702096,34.80172235783518,-178.90349757300086,-156.90944580660306
98,3278.3,13,456,491,28.565888229257098,30.75844543983604,0.0,-0.34906479603026136,0.0,7.002302829092517,17,417,366,26.122753051754845,22.927883973482672,42.76513948631243,-14.2196729264165,49.64119999601649,260.040383397348,15,904,497,56.63062052466758,31.134312390221,1.6804620774712198,1.1662999070597377,79.72932970497484,39.625870172257976,,,,,,,,,,15,547,583,34.26653697676235,36.52173867907212,-29.40044176546111,30.596230006179994,-153.8821012892897,-197.82032245157828
99,3319.7,13,456,491,28.565888229257098,30.75844543983604,0.25929249181317326,-0.25929249181315855,-5.742912332517668,5.742912332517342,17,442,362,27.68886534502552,22.677306006559363,44.223999812014625,-3.202024369138378,96.07135514397235,224.5714035144233,14,907,502,56.81855399986006,31.447534848875137,-1.0190670737765688,-1.1215589794690417,-8.159641774772313,-51.985122265778095,,,,,,,,,,14,529,598,33.138936125607465,37.46140605503453,-35.46236377079529,21.84072997588209,-197.9365011350384,-145.703346110716
100,3342.5,13,456,491,28.565888229257098,30.75844543983604,0.31353599464879395,-0.3135359946487762,-6.27699688986574,6.276996889865384,17,466,361,29.192333146565367,22.614661514828533,42.95443126688331,2.1947519625414693,-31.384984449327977,232.2488849250249,15,906,499,56.755909508129236,31.259601373682656,,,,,,,,,,,,,,14,509,609,31.886046290990926,38.15049546407362,-37.31078336320524,16.617407716385507,-94.15495334798254,-207.1408973655623
101,3378.0,13,456,491,28.565888229257098,30.75844543983604,0.31134874504303506,0.0,6.245712036971627,0.0,17,489,364,30.633156456374387,22.802594990021017,41.99135847568476,10.266991179756022,-65.1633867688883,231.16651943459914,8,913,502,57.19442095024502,31.447534848875137,2.5246182903339878,1.2641884968330848,-62.79540366961335,-37.66220738843956,,,,,,,,,,14,488,616,30.57051196464356,38.58900690618941,-40.07440286210814,9.775848306296318,-60.23948540373034,-219.84029339363158
102,3410.0,13,456,491,28.565888229257098,30.75844543983604,0.2936631284259434,0.0,6.504166742545798,0.0,17,512,372,32.073979766183406,23.303750923867632,41.472730164064146,16.5804521120365,-157.00755997122508,213.57868466220657,15,905,497,56.693265016398406,31.134312390221,-0.7318548922589218,-1.829637230647346,14.520930401962708,36.30232600490759,,,,,,,,,,15,465,620,29.12968865483454,38.83958487311272,-43.09478615682469,3.645456888459038,28.89060111223893,-257.2927355597826
103,3442.4,13,456,491,28.565888229257098,30.75844543983604,0.3140073197927904,0.0,6.286432828684487,0.0,17,532,383,33.326869600799945,23.992840332906727,35.127350126118166,23.53672575423478,-125.31333668711127,195.01785765141753,,,,,,,,,,,,,,,,,,,15,442,619,27.68886534502552,38.77694038138189,-40.77885355374194,-5.344407722943491,24.72411870260313,-232.53508740578874
104,3478.3,13,457,491,28.628532720987923,30.75844543983604,0.3111920554689211,0.31558161212141284,-6.248836455199225,6.292753980486786,18,551,399,34.51711494368566,24.99515220059996,30.33926386332325,29.195455444454844,-167.18147090531897,146.27045493626397,10,912,501,57.131776458514196,31.38489035714431,,,,,,,,,,,,,,15,419,614,26.2480420352165,38.46371792272776,-39.14482210615558,-12.614485371551819,78.7754925014882,-226.62697834810513
105,3510.8,13,457,491,28.628532720987923,30.75844543983604,0.3134864472412773,0.3025834098333797,-6.110846924781238,6.003639083995618,17,566,416,35.45678231964806,26.06010856002402,24.190269987030646,33.461325317786645,-185.89839592229623,121.35927576934328,15,905,497,56.693265016398406,31.134312390221,,,,,,,,,,,,,,15,398,605,24.93250770886913,37.89991749715031,-35.830179047001984,-18.923716970788455,115.24842884456051,-190.50833307607948
106,3542.2,13,457,491,28.628532720987923,30.75844543983604,0.3177325211562901,0.3023928261918653,-6.211779494746618,6.059976476790905,17,578,436,36.208516220417984,27.31299839464056,18.244409887492154,37.402535802331066,-213.02213903685785,82.85408720021233,9,914,499,57.25706544197585,31.259601373682656,,,,,,,,,,,,,,15,379,592,23.74226236598342,37.08553910464956,-32.11286188052161,-25.21038351177298,148.943049097404,-165.58065986534442
107,3577.9,13,457,492,28.628532720987923,30.821089931566867,0.0,0.31526776219829955,0.0,-6.299056187778218,17,586,457,36.7096721542646,28.628532720987923,10.722245576882006,40.134357211610656,-226.73455894289907,73.38620705481688,,,,,,,,,,,,,,,,,,,14,363,576,22.739950498290188,36.08322723695633,-26.70665158480741,-31.33199316717492,170.9869677665475,-149.22659184513034
108,3613.4,13,457,492,28.628532720987923,30.821089931566867,0.0,0.2964051413276825,0.0,-6.124073167927341,17,590,481,36.96025012118791,30.132000522527772,2.784867865026945,41.909578480527266,-231.36090470155804,43.32402174996707,,,,,,,,,,,,,,,,,,,15,349,558,21.862927614058613,34.955626385801445,-20.184662998613632,-36.24129704994905,189.73239081213285,-147.06632733640774
109,3644.5,13,457,492,28.628532720987923,30.821089931566867,0.0,0.29945107387469844,0.0,-6.1174887410561425,17,590,504,36.96025012118791,31.57282383233679,-4.9078825037952125,41.94288439883582,-239.61309832946333,5.911281255403358,9,912,502,57.131776458514196,31.447534848875137,-2.5607395455090134,2.533217719757132,-26.11961484945395,13.609694053136549,,,,,,,,,,14,339,537,21.236482696750343,33.64009205945408,-13.285934553494632,-38.70396623771786,219.12982142120683,-98.22349899965751
110,3678.0,13,457,492,28.628532720987923,30.821089931566867,0.0,0.0,0.0,0.0,17,585,527,36.64702766253377,33.013647142145814,-11.594396870730066,41.00884056494975,-219.1524030473525,-55.914012182907044,10,913,500,57.19442095024502,31.322245865413485,,,,,,,,,,,,,,15,334,514,20.92326023809621,32.199268749645064,-6.562810070108505,-40.38708913450148,231.48738817149308,-31.694406503052544
111,3710.2,13,457,492,28.628532720987923,30.821089931566867,0.0,0.0,0.0,0.0,17,577,549,36.14587172868716,34.391825960224004,-18.6200053379744,38.597582966459974,-210.88854164144624,-111.7536811315229,,,,,,,,,,,,,,,,,,,14,332,491,20.797971254634554,30.75844543983604,0.48862852320661904,-41.62154926565826,237.40173153952637,35.90409147464666
112,3742.4,13,457,492,28.628532720987923,30.821089931566867,0.0,0.0,0.0,0.0,17,564,570,35.33149333618641,35.70736028657137,-25.494280930395423,34.99574912939699,-180.9466243794272,-147.83437154015982,9,906,507,56.755909508129236,31.76075730752927,-0.07309278472484163,-2.4257605095116253,76.93977339458509,-114.9167058870232,,,,,,,,,,14,335,469,20.985904729827034,29.380266621757848,8.343786653490474,-40.615123508732175,222.7439519594895,59.180449540733655
113,3778.0,13,457,492,28.628532720987923,30.821089931566867,0.0,0.3122849791467478,0.0,6.245699582934955,17,549,588,34.391825960224004,36.83496113772625,-30.64894196241432,29.743346751386653,-161.93849878633262,-169.3958640883547,13,908,500,56.88119849159089,31.322245865413485,-2.5045317784563874,-0.9368549374402256,12.553856161698485,-18.73709874880451,,,,,,,,,,14,342,447,21.424416171942823,28.002087803679654,15.311967090642128,-37.55797356439414,206.00815504351957,88.2767179051993
114,3810.9,13,457,492,28.628532720987923,30.821089931566867,0.0,0.3171603492667394,0.0,6.299113192983884,17,530,602,33.201580617338294,37.71198402195783,-35.456727953734784,23.672979092984242,-123.50515479867948,-184.66347623641536,8,908,486,56.88119849159089,30.445222981181907,,,,,,,,,,,,,,14,352,427,22.050861089251093,26.749197969063115,22.038504655732464,-34.0497747326701,190.59978052652698,114.47871950823587
115,3842.2,13,457,492,28.628532720987923,30.821089931566867,-0.3129089226594784,0.0,-6.270719892975537,0.0,18,509,614,31.886046290990926,38.46371792272776,-39.18266236740966,16.95231945159139,-93.36963688338398,-213.7574055701739,10,912,494,57.131776458514196,30.94637891502852,2.197894862431707,-2.2066826668829567,-31.428998902469754,119.30704341465186,,,,,,,,,,14,366,409,22.927883973482672,25.62159711790823,27.574902613747316,-29.80167169080453,162.64915345648035,157.52199170030195
116,3878.2,13,457,493,28.628532720987923,30.883734423297696,-0.31400606360627026,-0.0018774610457995234,-6.267586099925565,-12.516406972007768,17,487,622,30.507867472912732,38.96487385657437,-41.646403874795325,9.670354296237427,-57.57171902566362,-231.26266795055278,14,905,497,56.693265016398406,31.134312390221,-0.30837368046888963,-0.936385807681448,31.28163481609596,18.74646261624519,,,,,,,,,,14,383,394,23.992840332906727,24.681929741945826,32.265648648568785,-24.392967525862257,132.388682440047,174.4978537221839
117,3910.3,13,457,493,28.628532720987923,30.883734423297696,-0.31274940158643816,0.0031542856604478467,-6.292744498721084,-12.61714264180262,17,464,625,29.067044163103713,39.15280733176685,-42.74210146934612,2.5745437828818742,-23.08183746714206,-239.85232477168017,9,911,503,57.06913196678337,31.510179340605966,-1.2415347493644446,3.4938662736785027,-63.02240592029148,-145.27123542470403,,,,,,,,,,14,402,382,25.18308567579244,23.9301958411759,36.43664486705005,-18.28140814673397,99.10122976155306,202.7922379552675
118,3942.2,13,456,492,28.565888229257098,30.821089931566867,-0.3132224586541277,0.0,6.264449173082552,0.0,18,439,624,27.50093186983304,39.09016284003603,-42.2850319183082,-5.324781797120295,31.322245865413482,-231.78461940405975,9,913,500,57.19442095024502,31.322245865413485,-2.192557210578947,0.9396673759624008,-56.38004255774333,-56.380042557744744,,,,,,,,,,14,423,374,26.498620002139806,23.429039907329287,38.526362414458575,-11.276008511548863,56.380042557744744,212.9912718848114
119,3978.1,13,456,492,28.565888229257098,30.821089931566867,-0.31384953064342463,-0.3138495306434424,6.270719892975523,6.270719892975879,18,416,619,26.06010856002402,38.77694038138189,-41.039115049039175,-13.132817534611364,69.72965347523576,-225.25728862299627,14,907,497,56.81855399986006,31.134312390221,-0.3100908573809228,0.0,-31.31601273225277,0.0,,,,,,,,,,14,445,369,27.876798820218,23.115817448675152,40.09004911058383,-4.407675230970625,24.25597145414815,225.60809812749807
120,4010.2,13,456,492,28.565888229257098,30.821089931566867,-0.6267586101493436,-0.0006270719892999126,0.006273856821053162,12.541439785951816,18,394,610,24.681929741945826,38.21313995580445,-38.23791886701345,-20.358681070040788,113.25566333966843,-219.27129590745383,15,904,497,56.63062052466758,31.134312390221,-1.5697183493251818,-1.2560255082558869,56.45216367883527,50.17830685744866,,,,,,,,,,14,468,369,29.317622130027022,23.115817448675152,39.80073942445635,2.4963742167792584,-31.751989373038313,213.17938093388776
121,4042.2,13,456,492,28.565888229257098,30.821089931566867,0.0,0.0,0.0,0.0,18,374,597,23.429039907329287,37.3987615633037,-33.77836912124372,-26.820424494238853,138.81101007587586,-198.1282345383114,14,905,497,56.693265016398406,31.134312390221,-2.822915417001043,-0.9420106861269133,43.7728784293014,18.74648131595847,,,,,,,,,,14,489,373,30.633156456374387,23.366395415598458,38.75567649322588,9.012604057837386,-51.79376098239848,192.7809795029135
122,4078.2,13,456,492,28.565888229257098,30.821089931566867,-0.3143211697159187,0.0,-6.2801432510673125,0.0,18,356,580,22.3014390561744,36.33380520387964,-28.49035326010184,-32.616034080824676,180.994857792244,-164.01776724540167,15,904,497,56.63062052466758,31.134312390221,-0.9373198499454305,0.3143211697159187,18.783964928766107,6.2801432510673125,,,,,,,,,,14,511,380,32.01133527445258,23.804906857714247,36.33709518459497,16.009686238436238,-99.24006587950012,182.33119197054145
123,4110.2,13,455,493,28.50324373752627,30.883734423297696,-0.31337899161699156,0.0006258190982122902,6.261318513825983,-12.516381964201567,18,342,560,21.424416171942823,35.0809153692631,-22.23801784193962,-36.936165312125325,206.74235716180792,-112.2783889342371,15,906,499,56.755909508129236,31.259601373682656,0.0012516381964245804,-0.31150153432233696,-25.032763928403135,-31.287827378777653,,,,,,,,,,14,529,390,33.138936125607465,24.431351775022517,32.56450490694288,21.905864277376264,-112.97270097723091,175.0104202780523
124,4142.7,13,456,492,28.565888229257098,30.821089931566867,0.0,0.0,0.0,0.0,18,331,538,20.735326762903725,33.702736551184906,-14.933807133376423,-40.34636045837962,236.20514888665744,-71.04462046946507,16,904,497,56.63062052466758,31.134312390221,-0.625205736974447,0.0,-0.03736240887163084,0.0,,,,,,,,,,14,547,403,34.26653697676235,25.245730167523266,28.400064615224668,27.24698968886818,-154.2880674355361,170.0923663882465
125,4178.0,13,455,492,28.50324373752627,30.821089931566867,-0.0006283286465873742,0.0,12.566572931815424,0.0,17,325,515,20.359459812518764,32.261913241375886,-7.227194984406972,-42.34700516676618,245.12053851426558,-30.9916733546283,15,904,498,56.63062052466758,31.19695688195183,0.0,-0.31275066249961286,0.0,-18.846713034945676,,,,,,,,,,14,561,420,35.14355986099393,26.310686526947325,22.90808278600253,31.989790242776643,-169.8784190622317,137.91137324670058
126,4210.3,13,455,492,28.50324373752627,30.821089931566867,0.3143211697159194,-0.31243994998181984,6.280143251067297,6.261321642922229,18,323,492,20.23417082905711,30.821089931566867,0.3500643446637928,-42.619756139444824,244.56797623686012,-1.2798693538642871,15,904,496,56.63062052466758,31.071667898490176,-0.9392010696795591,-0.9373198499454239,6.24250003477716,18.78396492876598,,,,,,,,,,14,572,439,35.83264927003302,27.50093186983304,17.206771885808717,35.74043358064272,-193.87511163284117,101.40455081618151
127,4242.6,13,456,492,28.565888229257098,30.821089931566867,,,,,18,326,468,20.42210430424959,29.317622130027022,,,,,16,903,497,56.56797603293675,31.134312390221,,,,,,,,,,,,,,14,580,460,36.33380520387964,28.816466196180404,,,,
128,4277.9,13,456,492,28.565888229257098,30.821089931566867,,,,,17,333,445,20.86061574636538,27.876798820218,,,,,16,904,496,56.63062052466758,31.071667898490176,,,,,,,,,,,,,,14,584,482,36.58438317080295,30.194645014258597,,,,
129,4310.1,13,456,492,28.565888229257098,30.821089931566867,,,,,17,343,424,21.48706066367365,26.561264493870635,,,,,16,903,496,56.56797603293675,31.071667898490176,,,,,,,,,,,,,,14,584,504,36.58438317080295,31.57282383233679,,,,
