frame_no,timestamp,size_px-darkorange,position_px_x-darkorange,position_px_y-darkorange,rx-darkorange,ry-darkorange,vx-darkorange,vy-darkorange,ax-darkorange,ay-darkorange,size_px-green,position_px_x-green,position_px_y-green,rx-green,ry-green,vx-green,vy-green,ax-green,ay-green,size_px-hotpink,position_px_x-hotpink,position_px_y-hotpink,rx-hotpink,ry-hotpink,vx-hotpink,vy-hotpink,ax-hotpink,ay-hotpink,size_px-lightorange,position_px_x-lightorange,position_px_y-lightorange,rx-lightorange,ry-lightorange,vx-lightorange,vy-lightorange,ax-lightorange,ay-lightorange,size_px-yellowneon,position_px_x-yellowneon,position_px_y-yellowneon,rx-yellowneon,ry-yellowneon,vx-yellowneon,vy-yellowneon,ax-yellowneon,ay-yellowneon
0,135.7,21,569,192,,,,,,,,,,,,,,,,,,,,,,,,,,,,,,,,,,,,,,,,,,
1,135.7,21,613,198,,,,,,,,,,,,,,,,,,,,,,,,,,,,,,,,,,,,,,,,,,
2,249,24,653,209,,,,,,,,,,,,,,,,,,,,,,,,,,,,,,,,,,,,,,,,,,
3,270.4,,,,,,,,,,16,130,396,8.615887341,26.24531836,,,,,14,705,255,46.72461981,16.9003944,,,,,9,558,386,36.98203951,25.5825578,,,,,,,,,,,,,
4,301.1,,,,,,,,,,16,130,396,8.615887341,26.24531836,,,,,13,734,296,48.64662545,19.61771271,,,,,,,,,,,,,,,,,,,,,,
5,310.7,,,,,,,,,,16,129,396,8.549611284,26.24531836,,,,,10,749,325,49.6407663,21.53971835,,,,,10,558,386,36.98203951,25.5825578,,,,,,,,,,,,,
6,310.7,,,,,,,,,,16,129,396,8.549611284,26.24531836,-0.902394073,0,36.83241115,0,,,,,,,,,,8,555,382,36.78321134,25.31745357,,,,,,,,,,,,,
7,320.2,,,,,,,,,,16,130,396,8.615887341,26.24531836,0,0,0,0,,,,,,,,,,,,,,,,,,,,,,,,,,,
8,341.6,,,,,,,,,,16,130,396,8.615887341,26.24531836,1.265863405,0,-56.89273731,0,11,740,472,49.04428179,31.28229865,-74.25952024,245.8968862,-3557.010646,-4491.713572,,,,,,,,,,,,,,,,,,
9,359.7,,,,,,,,,,16,129,396,8.549611284,26.24531836,0,0,0,0,13,709,519,46.98972404,34.39727331,,,,,,,,,,,,,,,,,,,,,,
10,369.3,,,,,,,,,,16,130,396,8.615887341,26.24531836,0,0,0,0,14,677,547,44.86889023,36.25300289,,,,,,,,,,,,,,,,,,,,,,
11,386.1,,,,,,,,,,16,130,396,8.615887341,26.24531836,0,0,0,0,14,637,570,42.21784797,37.77735219,-133.729086,103.0211494,884.2211722,-1929.667857,,,,,,,,,,,,,,,,,,
12,417.9,,,,,,,,,,16,129,396,8.549611284,26.24531836,0.243822155,0,8.378768201,0,14,594,583,39.36797754,38.63894092,-115.9397394,40.70474119,516.0860523,-1105.709472,,,,,,,,,,,,,,,,,,
13,450.2,,,,,,,,,,16,130,396,8.615887341,26.24531836,0,0,0,0,14,549,587,36.385555,38.90404515,-96.16801821,1.846448016,214.9313899,-764.4728004,,,,,,,,,,,,,,,,,,
14,486,,,,,,,,,,16,130,396,8.615887341,26.24531836,0,0,0,0,14,502,580,33.27058035,38.44011275,-82.89381636,-26.22691234,133.5019441,-657.8809255,10,557,386,36.91576345,25.5825578,,,,,,,,,,,,,
15,517.9,,,,,,,,,,16,130,396,8.615887341,26.24531836,0.334498769,0,-6.565235906,0,14,458,561,30.35443386,37.18086768,-73.84025068,-41.82807214,325.9037223,-544.9467943,,,,,,,,,,,,,,,,,,
16,550.3,,,,,,,,,,16,130,396,8.615887341,26.24531836,0,0,0,0,15,420,532,27.83594372,35.25886204,-62.94462071,-59.52159529,448.8727558,-461.6619311,10,558,386,36.98203951,25.5825578,,,,,,,,,,,,,
17,582.2,,,,,,,,,,16,130,396,8.615887341,26.24531836,0,0,0,0,14,391,496,25.91393808,32.87292401,-49.07827976,-73.32839979,569.5237649,-321.3599778,,,,,,,,,,,,,,,,,,
18,619.8,,,,,,,,,,16,130,396,8.615887341,26.24531836,0,0,0,0,14,370,454,24.52214089,30.08932964,-26.68044221,-82.72605653,599.7058648,-257.7614373,11,557,386,36.91576345,25.5825578,,,,,,,,,,,,,
19,649.9,,,,,,,,,,16,130,396,8.615887341,26.24531836,0,0,0,0,14,359,408,23.79310427,27.04063104,-8.0458116,-85.36118874,653.5129694,-57.20540722,10,558,386,36.98203951,25.5825578,-0.320541568,0,-6.436577676,0,,,,,,,,,
20,682.9,,,,,,,,,,16,130,396,8.615887341,26.24531836,0,0,0,0,14,360,360,23.85938033,23.85938033,13.1379771,-85.51828901,666.1516445,79.25691495,11,558,386,36.98203951,25.5825578,,,,,,,,,,,,,
21,717.8,,,,,,,,,,16,130,396,8.615887341,26.24531836,-0.326557068,0,-6.664429955,0,14,374,313,24.78724512,20.74440567,31.73806782,-80.88688986,592.5086256,295.2954509,11,558,385,36.98203951,25.51628174,0.01550806,-0.01550806,-13.48527,13.48527,,,,,,,,,
22,752,,,,,,,,,,16,130,396,8.615887341,26.24531836,0,0,0,0,14,398,272,26.37787047,18.02708736,51.1515315,-69.49662701,506.0823901,367.9705734,11,557,386,36.91576345,25.5825578,0.720786898,-1.730616168,26.83478465,-33.90041466,,,,,,,,,
23,782,,,,,,,,,,16,130,396,8.615887341,26.24531836,0,0,0,0,14,429,238,28.43242823,15.77370144,65.24705385,-56.80430343,385.4947077,500.2382531,11,557,386,36.91576345,25.5825578,-0.336402166,0,6.707919568,0,,,,,,,,,
24,818.1,,,,,,,,,,16,129,396,8.549611284,26.24531836,0.003310512,0,13.2420487,0,14,467,213,30.95091837,14.11680003,76.25315782,-38.94808871,295.1302577,540.9717705,11,557,386,36.91576345,25.5825578,-0.329563555,0.329563555,6.60448006,-6.60448006,,,,,,,,,
25,849.8,,,,,,,,,,16,130,396,8.615887341,26.24531836,0,0,0,0,14,510,196,33.8007888,12.99010707,82.88997076,-21.14269042,142.9654475,620.8624857,8,560,381,37.11459162,25.25117751,0.373914237,0.249347654,-33.92829509,74.39047239,,,,,,,,,
26,882.3,,,,,,,,,,16,130,396,8.615887341,26.24531836,0,0,0,0,14,557,190,36.91576345,12.59245073,84.1681302,-0.475872333,-8.205049636,622.9607718,11,557,386,36.91576345,25.5825578,0.333374547,0,6.647548292,0,,,,,,,,,
27,917.9,,,,,,,,,,16,130,396,8.615887341,26.24531836,0.332210643,0,-6.650863717,0,14,604,195,40.03073811,12.92383101,81.98290586,18.22305834,-180.3056477,604.7425992,11,557,386,36.91576345,25.5825578,0,0,0,0,,,,,,,,,
28,949.9,,,,,,,,,,16,130,396,8.615887341,26.24531836,0,0,0,0,14,646,211,42.81433248,13.98424791,75.50241746,36.1285705,-290.5689101,523.4184516,11,558,387,36.98203951,25.64883385,-0.993313472,1.653756858,6.611058148,-46.33034845,,,,,,,,,
29,982,,,,,,,,,,16,130,396,8.615887341,26.24531836,0,0,0,0,14,683,236,45.26654657,15.64114933,63.77072344,48.42675002,-400.9706126,358.0346615,11,558,386,36.98203951,25.5825578,0.057831235,-0.289661476,-12.17499687,-5.810661503,,,,,,,,,
30,1017.8,,,,,,,,,,16,130,396,8.615887341,26.24531836,0,0,0,0,14,714,268,47.32110432,17.76198313,50.40237049,65.33124425,-451.9373026,338.3642257,11,557,386,36.91576345,25.5825578,0,0,0,0,,,,,,,,,
31,1049.9,,,,,,,,,,16,130,396,8.615887341,26.24531836,0,0,0,0,14,738,305,48.91172967,20.21419722,34.19077801,74.92259052,-535.6638789,252.4619488,11,557,386,36.91576345,25.5825578,-0.33237145,-0.33237145,6.6077823,6.6077823,,,,,,,,,
32,1091.2,,,,,,,,,,16,130,396,8.615887341,26.24531836,0,0,0,0,14,752,348,49.83959446,23.06406765,11.53427399,83.20591564,-555.7409157,278.9463939,11,557,385,36.91576345,25.51628174,-0.276204749,0.119787551,6.057121697,13.30972794,,,,,,,,,
33,1118.4,,,,,,,,,,16,130,396,8.615887341,26.24531836,0,0,0,0,13,756,393,50.10469869,26.04649019,-1.467482055,81.35123636,-579.2724896,-19.87531686,11,557,386,36.91576345,25.5825578,0.321215844,0,6.386000882,0,,,,,,,,,
34,1150.5,,,,,,,,,,16,130,396,8.615887341,26.24531836,0,0,0,0,14,749,438,49.6407663,29.02891273,-20.80388717,80.37291081,-557.6694248,-144.1056807,11,557,386,36.91576345,25.5825578,0,0,0,0,,,,,,,,,
35,1182.4,,,,,,,,,,16,130,396,8.615887341,26.24531836,-0.318063467,0,-6.975076035,0,14,733,480,48.58034939,31.81250711,-37.74178767,79.0182869,-524.8744716,-370.7803576,11,557,386,36.91576345,25.5825578,0.318063467,0.379352359,6.975076035,-7.617517248,,,,,,,,,
36,1220.7,,,,,,,,,,16,130,396,8.615887341,26.24531836,-0.348042431,0,-6.804348602,0,14,708,517,46.92344798,34.26472119,-55.19997373,62.86921191,-471.2161063,-341.4545844,11,558,386,36.98203951,25.5825578,-0.031894636,0,-13.28943158,0,,,,,,,,,
37,1250.1,,,,,,,,,,16,130,396,8.615887341,26.24531836,0,0,0,0,14,676,548,44.80261417,36.31927894,-67.3296906,49.56949864,-376.5836562,-474.4367323,11,557,386,36.91576345,25.5825578,0.330716194,0,6.640887422,0,,,,,,,,,
38,1282,,,,,,,,,,16,129,396,8.549611284,26.24531836,-0.003323787,0,13.29514992,0,14,637,571,42.21784797,37.84362824,-76.93020868,32.6640606,-262.0416129,-560.0273993,11,558,386,36.98203951,25.5825578,0.003323787,0,-13.29514992,0,,,,,,,,,
39,1318.2,,,,,,,,,,16,129,396,8.549611284,26.24531836,-0.014999596,0,13.6359965,0,14,593,585,39.30170149,38.77149303,-83.56362174,15.15275459,-110.6023144,-637.3445401,11,557,386,36.91576345,25.5825578,-0.014999596,0.32866935,13.6359965,6.741935387,,,,,,,,,
40,1350.1,,,,,,,,,,16,130,396,8.615887341,26.24531836,0,0,0,0,14,546,587,36.18672683,38.90404515,-83.62102317,-4.186594836,50.75700487,-600.6851372,11,558,386,36.98203951,25.5825578,0.33368382,0,-6.581534903,0,,,,,,,,,
41,1382.1,,,,,,,,,,16,130,396,8.615887341,26.24531836,0.331709351,0,-6.601181119,0,14,501,578,33.20430429,38.30756064,-81.31062645,-23.67489108,174.5207784,-565.625981,11,557,386,36.91576345,25.5825578,-0.002635218,0,13.17608888,0,,,,,,,,,
42,1417.9,,,,,,,,,,16,130,396,8.615887341,26.24531836,0.332710458,0,-6.660870032,0,15,459,560,30.42070992,37.11459162,-74.40736697,-43.1126213,294.2784382,-531.4694197,11,558,387,36.98203951,25.64883385,0.332710458,0.00133084,-6.660870032,-13.30840499,,,,,,,,,
43,1451.5,,,,,,,,,,16,130,396,8.615887341,26.24531836,0,0,0,0,14,422,534,27.96849583,35.39141415,-61.3439155,-59.290445,388.6336788,-486.1758128,11,558,386,36.98203951,25.5825578,-0.337208096,0,-6.651047263,0,,,,,,,,,
44,1482.6,,,,,,,,,,16,130,396,8.615887341,26.24531836,0,0,0,0,14,391,499,25.91393808,33.07175218,-46.14303874,-71.55141263,525.3317133,-387.140617,11,558,386,36.98203951,25.5825578,-0.00396074,0,-13.20246744,0,,,,,,,,,
45,1517.8,,,,,,,,,,16,130,396,8.615887341,26.24531836,0,0,0,0,14,369,455,24.45586484,30.15560569,-28.56106083,-80.17298036,623.5655285,-210.4797106,11,558,386,36.98203951,25.5825578,0,-0.332043706,0,6.634239887,,,,,,,,,
46,1550.8,,,,,,,,,,16,130,396,8.615887341,26.24531836,0,0,0,0,14,359,409,23.79310427,27.1069071,-9.039047258,-85.71961838,664.8379877,-46.13382235,11,557,386,36.91576345,25.5825578,-0.333884246,0,6.717992882,0,,,,,,,,,
47,1582.5,,,,,,,,,,16,130,396,8.615887341,26.24531836,0,0,0,0,14,361,362,23.92565639,23.99193244,11.13141313,-85.43255014,621.3039598,109.2399662,11,557,386,36.91576345,25.5825578,-0.002645759,0.329728997,13.22879339,6.601181119,,,,,,,,,
48,1617.9,,,,,,,,,,16,130,396,8.615887341,26.24531836,0,0,0,0,14,373,318,24.72096906,21.07578596,30.70080378,-79.72518423,560.4877106,219.4266862,11,558,386,36.98203951,25.5825578,0,0,0,0,,,,,,,,,
49,1650.2,,,,,,,,,,16,130,396,8.615887341,26.24531836,0,0,0,0,14,395,277,26.17904231,18.35846764,47.47027091,-70.02267932,472.1704261,361.9676064,11,557,386,36.91576345,25.5825578,0,0,0,0,,,,,,,,,
50,1682.8,,,,,,,,,,16,130,396,8.615887341,26.24531836,0,0,0,0,14,425,241,28.167324,15.97252961,63.26156276,-56.84291413,418.1805791,460.8425065,11,558,387,36.98203951,25.64883385,-0.001982335,-0.001982335,-13.2155646,-13.2155646,,,,,,,,,
51,1718.2,,,,,,,,,,16,130,396,8.615887341,26.24531836,-0.333876198,0,-6.657551313,0,14,462,214,30.61953809,14.18307608,74.04107412,-40.58379393,303.7250578,561.0596608,11,558,386,36.98203951,25.5825578,-0.333876198,0,-6.657551313,0,,,,,,,,,
52,1753.5,,,,,,,,,,16,130,396,8.615887341,26.24531836,-0.330325352,0,-6.395456955,0,14,507,197,33.60196063,13.05638312,78.85034628,-21.77908199,135.381856,572.0807444,11,557,386,36.91576345,25.5825578,0,0,0,0,,,,,,,,,
53,1782.8,,,,,,,,,,16,130,396,8.615887341,26.24531836,0,0,0,0,14,552,190,36.58438317,12.59245073,84.04872544,-3.502829105,-2.437325536,605.9591939,11,557,386,36.91576345,25.5825578,0.003330455,-0.330549755,13.3218204,6.644216187,,,,,,,,,
54,1817.8,,,,,,,,,,16,129,396,8.549611284,26.24531836,-0.01052051,0,13.15063742,0,14,596,195,39.50052966,12.92383101,82.29533203,15.06767029,-137.976907,556.4396206,11,557,386,36.91576345,25.5825578,-0.335362212,0,6.62771169,0,,,,,,,,,
55,1854.8,,,,,,,,,,16,129,396,8.549611284,26.24531836,0.040462327,0,13.7160429,0,14,638,208,42.28412403,13.78541975,76.6305478,36.04824839,-179.2080847,569.6237055,11,557,386,36.91576345,25.5825578,0.357777784,0,7.06372723,0,,,,,,,,,
56,1882.3,,,,,,,,,,16,130,396,8.615887341,26.24531836,0,0,0,0,14,678,230,44.93516629,15.24349299,65.82452617,49.90151318,-363.8782376,467.4949223,11,558,386,36.98203951,25.5825578,0.00531279,0,-13.28197447,0,,,,,,,,,
57,1919,,,,,,,,,,16,130,396,8.615887341,26.24531836,-0.012530849,0,-13.19036745,0,14,711,261,47.12227615,17.29805074,52.1226649,62.84303736,-458.3208623,387.7375943,11,557,386,36.91576345,25.5825578,0.336878695,0,6.657681724,0,,,,,,,,,
58,1950.2,,,,,,,,,,16,130,396,8.615887341,26.24531836,0.029295319,0,-13.95015207,0,14,736,299,48.77917756,19.81654088,39.65753093,73.96023805,-595.9075729,225.1769162,11,558,386,36.98203951,25.5825578,0.35484036,0,-7.125308442,0,,,,,,,,,
59,1982.6,,,,,,,,,,16,130,396,8.615887341,26.24531836,0,0,0,0,14,750,341,49.70704235,22.60013526,19.68022066,79.32686742,-556.2474955,119.251922,11,557,386,36.91576345,25.5825578,0.00531279,0.334379025,13.28197447,6.667577776,,,,,,,,,
60,2018.3,,,,,,,,,,16,129,396,8.549611284,26.24531836,-0.002010339,0,13.4022609,0,14,755,384,50.03842263,25.45000568,1.749501423,82.30296884,-556.2443638,4.204630871,11,558,386,36.98203951,25.5825578,0.334219639,0,-6.711237736,0,,,,,,,,,
61,2049.8,,,,,,,,,,16,129,396,8.549611284,26.24531836,-0.003984564,0,13.28188131,0,14,751,427,49.77331841,28.29987611,-16.75624198,80.63336812,-536.8991121,-91.17832035,11,558,386,36.98203951,25.5825578,-0.329725695,0,-6.620997891,0,,,,,,,,,
62,2082.1,,,,,,,,,,16,130,396,8.615887341,26.24531836,0,0,0,0,14,738,469,48.91172967,31.08347048,-33.45064764,74.40774422,-511.7096563,-218.1287701,11,558,387,36.98203951,25.64883385,0.013124946,0.013124946,-13.1249462,-13.1249462,,,,,,,,,
63,2117.9,,,,,,,,,,16,130,396,8.615887341,26.24531836,0.333044839,0,-6.674245273,0,14,716,508,47.45365643,33.66823669,-49.80870609,65.51248696,-479.0610079,-341.3629015,11,558,386,36.98203951,25.5825578,0,0,0,0,,,,,,,,,
64,2150,,,,,,,,,,16,130,396,8.615887341,26.24531836,0.330388456,0,-6.607769124,0,14,685,542,45.39909868,35.92162261,-63.26955456,52.58997105,-391.5103206,-468.5701241,11,557,386,36.91576345,25.5825578,0.001322875,0,13.22875379,0,,,,,,,,,
65,2183.6,,,,,,,,,,16,130,396,8.615887341,26.24531836,0,0,0,0,14,647,566,42.88060854,37.51224796,-74.05005626,36.99159053,-288.278691,-519.135342,11,557,386,36.91576345,25.5825578,-0.321420018,-0.321420018,6.532927199,6.532927199,,,,,,,,,
66,2217.7,,,,,,,,,,16,130,396,8.615887341,26.24531836,0,0,0,0,14,605,581,40.09701416,38.50638881,-80.54515647,20.30898721,-136.8999216,-564.5188572,11,558,386,36.98203951,25.5825578,0,0,0,0,,,,,,,,,
67,2250,,,,,,,,,,16,130,396,8.615887341,26.24531836,-0.331877933,0,-6.637558666,0,14,560,586,37.11459162,38.83776909,-83.55031119,0.966443144,-14.10481217,-563.900434,11,558,386,36.98203951,25.5825578,0.331214509,0,-6.630921107,0,,,,,,,,,
68,2282,,,,,,,,,,16,130,396,8.615887341,26.24531836,0,0,0,0,14,516,583,34.19844514,38.63894092,-80.38499065,-15.40008768,159.5198619,-545.7361664,11,557,386,36.91576345,25.5825578,0,0,0,0,,,,,,,,,
69,2317.8,,,,,,,,,,16,130,396,8.615887341,26.24531836,0,0,0,0,14,473,569,31.34857471,37.71107613,-75.40223699,-36.60558731,239.6555555,-572.6354789,11,558,386,36.98203951,25.5825578,0,0,0,0,,,,,,,,,
70,2349.9,,,,,,,,,,16,129,396,8.549611284,26.24531836,-0.000663424,0,13.26847977,0,14,433,545,28.69753245,36.12045078,-65.33351318,-52.69030736,378.8054731,-510.3087854,11,558,386,36.98203951,25.5825578,-0.331214509,0,-6.630921107,0,,,,,,,,,
71,2389,,,,,,,,,,16,130,396,8.615887341,26.24531836,0,0,0,0,14,400,511,26.51042259,33.86706486,-48.37575661,-64.78113956,438.7835781,-377.2741492,11,557,386,36.91576345,25.5825578,0.333627749,0.333627749,6.236032683,6.236032683,,,,,,,,,
72,2418.2,,,,,,,,,,16,130,396,8.615887341,26.24531836,0,0,0,0,14,377,470,24.98607329,31.14974654,-35.25423632,-77.20530849,560.1054139,-236.1239071,11,558,386,36.98203951,25.5825578,0,0,0,0,,,,,,,,,
73,2449.9,,,,,,,,,,16,130,396,8.615887341,26.24531836,0.33237145,0,-6.6077823,0,14,363,427,24.0582085,28.29987611,-16.69762941,-83.55634252,593.9122024,-107.0119177,11,557,386,36.91576345,25.5825578,-0.003952846,0,13.17615437,0,,,,,,,,,
74,2490.8,,,,,,,,,,16,130,396,8.615887341,26.24531836,0,0,0,0,14,360,382,23.85938033,25.31745357,7.166015406,-88.25555143,652.4103711,-83.91272433,11,558,387,36.98203951,25.64883385,-0.074079156,-0.074079156,-14.24599151,-14.24599151,,,,,,,,,
75,2518,,,,,,,,,,16,130,396,8.615887341,26.24531836,0,0,0,0,14,366,336,24.25703667,22.26875497,23.15878997,-81.28487552,610.4963154,154.3690568,11,558,386,36.98203951,25.5825578,-0.33104857,0,-6.634239887,0,,,,,,,,,
76,2550.5,,,,,,,,,,16,130,396,8.615887341,26.24531836,0,0,0,0,14,383,292,25.38372963,19.35260849,40.89887692,-73.29517904,551.1475656,311.0111917,11,558,386,36.98203951,25.5825578,-0.005281024,0,-13.20255949,0,,,,,,,,,
77,2582.2,,,,,,,,,,16,130,396,8.615887341,26.24531836,0,0,0,0,14,411,255,27.23945921,16.9003944,56.76281697,-67.75039908,432.8588097,532.6031476,11,557,386,36.91576345,25.5825578,-0.061032226,-0.378488873,14.53148232,7.584947363,,,,,,,,,
78,2618,,,,,,,,,,16,130,396,8.615887341,26.24531836,0,0,0,0,14,447,225,29.62539724,14.91211271,68.87745855,-48.05164266,303.8770562,510.2956005,11,557,386,36.91576345,25.5825578,-0.33154589,0,6.6242935,0,,,,,,,,,
79,2650.3,,,,,,,,,,16,130,396,8.615887341,26.24531836,0,0,0,0,14,486,205,32.21016344,13.58659158,77.87688381,-30.99453624,189.8946567,536.6970808,11,557,386,36.91576345,25.5825578,-0.006588182,0.327111445,13.17636393,6.555339583,,,,,,,,,
80,2682,,,,,,,,,,16,130,396,8.615887341,26.24531836,0,0,0,0,14,529,193,35.06003387,12.7912789,82.40694358,-12.42167828,81.05154319,576.1888524,11,558,386,36.98203951,25.5825578,0.003968658,0,-13.22885941,0,,,,,,,,,
81,2718.1,,,,,,,,,,16,130,396,8.615887341,26.24531836,0,0,0,0,13,574,191,38.04245641,12.65872679,82.29682923,6.783891859,-35.75776176,585.3194747,11,557,386,36.91576345,25.5825578,0.333544154,0,6.664218865,0,,,,,,,,,
82,2751.1,,,,,,,,,,16,130,396,8.615887341,26.24531836,0,0,0,0,14,619,199,41.02487895,13.18893524,76.79141383,23.20153236,-211.4317594,538.6217405,11,558,387,36.98203951,25.64883385,0.333412265,0.01838719,-6.430323327,-12.68082083,,,,,,,,,
83,2782.4,,,,,,,,,,16,130,396,8.615887341,26.24531836,0,0,0,0,14,660,218,43.74219727,14.44818031,69.80098572,39.71718486,-332.1662416,462.4339194,11,557,386,36.91576345,25.5825578,-0.017910235,0,12.79302489,0,,,,,,,,,
84,2817.7,,,,,,,,,,16,130,396,8.615887341,26.24531836,0,0,0,0,14,695,245,46.06185925,16.23763383,59.8418443,55.32628577,-415.1455502,389.4273909,11,558,386,36.98203951,25.5825578,0.333544154,0,-6.664218865,0,,,,,,,,,
85,2854.8,,,,,,,,,,16,130,396,8.615887341,26.24531836,0,0,0,0,14,722,279,47.85131277,18.49101975,43.77981795,64.73694237,-425.2431854,262.4469193,11,558,386,36.98203951,25.5825578,0,-0.32001825,0,6.154197111,,,,,,,,,
86,2885.6,,,,,,,,,,16,130,396,8.615887341,26.24531836,-0.356014076,0,-6.899497598,0,14,742,317,49.1768339,21.0095099,27.55600575,76.61572079,-486.5349208,252.6539862,11,558,386,36.98203951,25.5825578,0.30999904,0.356014076,-6.43819398,6.899497598,,,,,,,,,
87,2917.8,,,,,,,,,,16,130,396,8.615887341,26.24531836,-0.332043706,0,-6.634239887,0,14,754,358,49.97214658,23.72682822,11.5433239,80.2047929,-549.8598524,107.6456786,11,558,386,36.98203951,25.5825578,-0.332043706,0,-6.634239887,0,,,,,,,,,
88,2958.8,,,,,,,,,,16,130,396,8.615887341,26.24531836,-0.387805847,0,-7.457804742,0,14,756,402,50.10469869,26.6429747,-10.43643977,83.13741402,-617.3771552,91.40830485,11,558,386,36.98203951,25.5825578,-0.387805847,0,-7.457804742,0,,,,,,,,,
89,2981.9,,,,,,,,,,16,129,396,8.549611284,26.24531836,-0.024800897,0,13.77827598,0,14,748,446,49.57449024,29.55912119,-22.97060766,79.07006551,-562.8236131,-201.6810948,11,558,387,36.98203951,25.64883385,-0.325625536,0.024800897,-6.762731791,-13.77827598,,,,,,,,,
90,3017.7,,,,,,,,,,16,129,396,8.549611284,26.24531836,-2.94E-15,0,13.28176154,0,14,730,487,48.38152122,32.2764395,-40.13715131,70.98636679,-484.784296,-292.1987538,11,557,386,36.91576345,25.5825578,-0.331711994,0,6.640880768,0,,,,,,,,,
91,3049.9,,,,,,,,,,16,129,396,8.549611284,26.24531836,-0.095706598,0,13.8705215,0,14,703,522,46.5920677,34.59610148,-53.52620269,65.22440874,-328.611054,-484.6685744,11,557,386,36.91576345,25.5825578,-0.095706598,0,13.8705215,0,,,,,,,,,
92,3081.8,,,,,,,,,,16,130,396,8.615887341,26.24531836,0.346313671,0,-6.348554916,0,14,671,550,44.47123389,36.45183106,-62.96234967,47.05066565,-237.8118628,-439.3479315,11,557,386,36.91576345,25.5825578,-0.055944094,-0.346313671,12.16175965,6.348554916,,,,,,,,,
93,3117.6,,,,,,,,,,16,130,396,8.615887341,26.24531836,0.332043706,0,-6.634239887,0,14,633,572,41.95274374,37.9099043,-76.19375797,30.53874233,-237.0696911,-517.5634977,11,557,386,36.91576345,25.5825578,0,0,0,0,,,,,,,,,
94,3154.8,,,,,,,,,,16,130,396,8.615887341,26.24531836,0.300421972,0,-6.318022542,0,14,591,585,39.16914937,38.77149303,-81.89706625,10.15389234,-212.301502,-565.2936068,11,558,386,36.98203951,25.5825578,-0.065106857,0,-13.28711365,0,,,,,,,,,
95,3190.9,,,,,,,,,,16,130,396,8.615887341,26.24531836,-0.395827189,0,-7.256227114,0,14,546,588,36.18672683,38.9703212,-83.26123649,-10.86402257,-134.303386,-622.3328791,11,558,386,36.98203951,25.5825578,0.276595938,0,-6.065700392,0,,,,,,,,,
96,3217.7,,,,,,,,,,16,130,396,8.615887341,26.24531836,0,0,0,0,14,500,579,33.13802823,38.3738367,-78.69987724,-23.38535059,186.9973781,-559.840956,11,557,386,36.91576345,25.5825578,0.329566187,0,6.584738996,0,,,,,,,,,
97,3249.9,,,,,,,,,,16,130,396,8.615887341,26.24531836,0,0,0,0,15,459,561,30.42070992,37.18086768,-75.08451028,-40.79966687,355.5729209,-506.2849254,11,557,386,36.91576345,25.5825578,-0.040060187,0,13.81385751,0,,,,,,,,,
98,3282.1,,,,,,,,,,16,129,396,8.549611284,26.24531836,-0.380079051,0,7.60158102,0,14,423,534,28.03477189,35.39141415,-66.66581689,-58.14355671,498.2380264,-414.4990098,11,558,386,36.98203951,25.5825578,0,0,0,0,,,,,,,,,
99,3318.1,,,,,,,,,,16,130,396,8.615887341,26.24531836,0,0,0,0,14,395,501,26.17904231,33.20430429,-46.54319018,-69.73524478,453.5740772,-363.4637091,11,558,386,36.98203951,25.5825578,0.328739802,0,-6.601200844,0,,,,,,,,,
100,3350.8,,,,,,,,,,16,130,396,8.615887341,26.24531836,0,0,0,0,14,372,460,24.65469301,30.48698598,-29.00396116,-78.70619887,557.8175473,-245.0833995,11,558,386,36.98203951,25.5825578,0.325634249,0,-6.56520664,0,,,,,,,,,
101,3382.1,,,,,,,,,,16,129,396,8.549611284,26.24531836,0,0,0,0,14,360,415,23.85938033,27.50456343,-10.91017609,-82.89053587,616.8747898,-80.44057347,11,558,386,36.98203951,25.5825578,0,0.331877933,0,6.637558666,,,,,,,,,
102,3417.7,,,,,,,,,,16,130,396,8.615887341,26.24531836,-0.327269534,-0.327269534,-6.571677386,-6.571677386,14,359,369,23.79310427,24.45586484,7.265523794,-83.10412977,626.9221873,95.01220318,11,558,386,36.98203951,25.5825578,0,0,0,0,,,,,,,,,
103,3450,,,,,,,,,,16,130,396,8.615887341,26.24531836,-0.329554279,0,-6.6442395,0,14,370,324,24.52214089,21.4734423,26.35232845,-79.58041681,558.2366788,227.4580377,11,558,386,36.98203951,25.5825578,0,0,0,0,,,,,,,,,
104,3482,,,,,,,,,,16,129,396,8.549611284,26.24531836,0.330718184,0,6.620984662,0,14,390,284,25.84766202,18.82240004,44.35600231,-71.27805298,489.5552083,312.9227135,11,558,387,36.98203951,25.64883385,0,0.001325522,0,-13.25522455,,,,,,,,,
105,3518.4,,,,,,,,,,16,129,395,8.549611284,26.17904231,-0.327104257,0.00793753,6.574959943,13.22921588,14,418,250,27.7033916,16.56901412,59.50416557,-59.0279138,410.5880764,383.1648767,11,558,386,36.98203951,25.5825578,-0.335041787,0,-6.654255942,0,,,,,,,,,
106,3550.1,,,,,,,,,,16,129,396,8.549611284,26.24531836,-0.330883791,0,6.617675824,0,14,452,221,29.95677752,14.64700848,70.56498243,-43.6958613,325.1330309,489.5160984,11,558,386,36.98203951,25.5825578,0,0,0,0,,,,,,,,,
107,3582.1,,,,,,,,,,16,130,396,8.615887341,26.24531836,0.332038424,0,-6.594606237,0,14,494,200,32.7403719,13.25521129,77.84033125,-26.90694728,179.4623529,573.6128649,11,558,386,36.98203951,25.5825578,0,-0.332038424,0,6.594606237,,,,,,,,,
108,3617.9,,,,,,,,,,16,129,396,8.549611284,26.24531836,0,0.33388021,0,-6.677604208,14,538,190,35.65651838,12.59245073,81.71489442,-9.455220455,35.8587346,613.2711705,11,557,386,36.91576345,25.5825578,-0.003330455,0,13.3218204,0,,,,,,,,,
109,3650.1,,,,,,,,,,16,129,396,8.549611284,26.24531836,0,0,0,0,14,583,192,38.63894092,12.72500284,80.94613019,8.72047767,-117.5100756,558.8106809,11,558,386,36.98203951,25.5825578,0,0,0,0,,,,,,,,,
110,3682.8,,,,,,,,,,16,130,396,8.615887341,26.24531836,-0.332536068,0,-6.604489932,0,14,626,203,41.48881135,13.45403946,76.2076979,26.92160029,-211.88804,495.4744751,11,558,386,36.98203951,25.5825578,0,0,0,0,,,,,,,,,
111,3717.9,,,,,,,,,,16,129,396,8.549611284,26.24531836,0,0,0,0,14,664,222,44.0073015,14.71328454,68.61514077,43.12290176,-297.8538076,438.2912738,11,558,386,36.98203951,25.5825578,-0.000663424,0,-13.26847977,0,,,,,,,,,
112,3750.8,,,,,,,,,,16,129,396,8.549611284,26.24531836,0,0,0,0,14,697,248,46.19441136,16.436462,56.72230894,56.84764387,-363.5985888,397.0416765,11,558,386,36.98203951,25.5825578,0,0,0,0,,,,,,,,,
113,3782.8,,,,,,,,,,16,129,396,8.549611284,26.24531836,0.004672028,0,13.34865186,0,14,725,281,48.05014094,18.62357187,42.73807357,67.61792819,-457.5044468,318.4520829,11,558,386,36.98203951,25.5825578,0,0,0,0,,,,,,,,,
114,3817.8,,,,,,,,,,16,129,396,8.549611284,26.24531836,0.330223014,0,6.611071357,0,14,745,320,49.37566207,21.20833807,27.23917742,74.82505857,-530.493807,196.3865401,11,557,386,36.91576345,25.5825578,-0.001986299,0,13.24199578,0,,,,,,,,,
115,3850.3,,,,,,,,,,16,129,396,8.549611284,26.24531836,0.330549755,-0.330549755,6.644216187,-6.644216187,14,755,363,50.03842263,24.0582085,10.77075857,79.38439386,-560.050665,55.95832327,11,558,386,36.98203951,25.5825578,0,0,0,0,,,,,,,,,
116,3882.1,,,,,,,,,,16,130,396,8.615887341,26.24531836,0.004008604,0,-13.36201387,0,14,755,406,50.03842263,26.90807893,-6.824711973,80.53358808,-540.7389679,-58.31794608,11,558,386,36.98203951,25.5825578,0,0,0,0,,,,,,,,,
117,3918,,,,,,,,,,16,130,396,8.615887341,26.24531836,-0.003984564,0,-13.28188131,0,14,746,448,49.44193813,29.6916733,-24.69854376,76.91075593,-506.1872544,-154.7558543,11,558,386,36.98203951,25.5825578,0.329725695,0,-6.620997891,0,,,,,,,,,
118,3950.3,,,,,,,,,,16,130,395,8.615887341,26.17904231,-0.001328177,0.001328177,-13.28177484,13.28177484,14,729,487,48.31524517,32.2764395,-40.84780737,69.63442304,-472.3206537,-250.9577397,11,558,386,36.98203951,25.5825578,-0.332376748,0,-6.647534957,0,,,,,,,,,
119,3982,,,,,,,,,,16,129,396,8.549611284,26.24531836,-0.003303904,0,13.2156173,0,14,704,523,46.65834375,34.66237753,-54.82169636,59.31982371,-420.1616203,-366.3820414,11,558,386,36.98203951,25.5825578,-0.329236128,0,-6.591313873,0,,,,,,,,,
120,4017.6,,,,,,,,,,16,129,396,8.549611284,26.24531836,-0.005302169,0,13.25542338,0,14,671,552,44.47123389,36.58438317,-66.1456231,45.91751829,-326.0834152,-467.5983152,11,558,386,36.98203951,25.5825578,-0.328739802,0,-6.601200844,0,,,,,,,,,
121,4050.1,,,,,,,,,,16,129,396,8.549611284,26.24531836,-0.001990276,0.332542687,13.26850634,-6.644209526,14,632,573,41.88646769,37.97618036,-74.89790162,30.25143312,-210.0459645,-538.2805352,11,557,386,36.91576345,25.5825578,-0.001990276,0,13.26850634,0,,,,,,,,,
122,4082.4,,,,,,,,,,16,130,396,8.615887341,26.24531836,-0.004634745,0,-13.24212807,0,14,589,585,39.03659726,38.77149303,-80.18372165,13.05425199,-85.05800705,-555.2428933,11,557,386,36.91576345,25.5825578,-0.328905409,0,6.597901893,0,,,,,,,,,
123,4118,,,,,,,,,,16,130,396,8.615887341,26.24531836,-0.00264048,0,-13.20240169,0,14,546,586,36.18672683,38.83776909,-81.35220309,-5.070402132,23.16349518,-548.0973108,11,557,386,36.91576345,25.5825578,-0.32940124,0,6.588024794,0,,,,,,,,,
124,4150.2,,,,,,,,,,16,130,396,8.615887341,26.24531836,0.051259236,0,-12.20458002,0,14,503,578,33.3368564,38.30756064,-76.37520105,-20.26216252,180.5294924,-470.982115,11,558,386,36.98203951,25.5825578,0.344380075,0,-6.34801981,0,,,,,,,,,
125,4182.1,,,,,,,,,,16,129,396,8.549611284,26.24531836,-0.338913844,-0.313272384,6.536428999,-6.28430059,14,462,563,30.61953809,37.31341979,-71.23657273,-39.09661538,264.5394297,-490.9129216,11,557,386,36.91576345,25.5825578,0,0,0,0,,,,,,,,,
126,4218,,,,,,,,,,16,129,396,8.549611284,26.24531836,-0.331380282,0,6.627605647,0,14,425,537,28.167324,35.59024232,-60.97397195,-55.67188743,384.4011275,-463.9323953,11,557,386,36.91576345,25.5825578,0,0,0,0,,,,,,,,,
127,4258.7,,,,,,,,,,16,129,396,8.549611284,26.24531836,-0.278961131,0,6.117568654,0,14,394,503,26.11276625,33.3368564,-43.8310868,-71.85554773,419.3620144,-480.0480271,11,558,386,36.98203951,25.5825578,-0.394833046,0,-7.278028498,0,,,,,,,,,
128,4285.8,,,,,,,,,,16,129,395,8.549611284,26.17904231,0,0.044144944,0,13.17759526,14,372,462,24.65469301,30.61953809,-29.21213388,-77.44520631,545.9608375,-248.6934607,11,557,386,36.91576345,25.5825578,0.353033818,0,6.808752507,0,,,,,,,,,
129,4318,,,,,,,,,,16,129,396,8.549611284,26.24531836,0.331877933,0,6.637558666,0,14,362,418,23.99193244,27.7033916,-12.90144369,-82.22678001,577.0494378,-67.16545614,11,557,386,36.91576345,25.5825578,0.331877933,0,6.637558666,0,,,,,,,,,
130,4349.9,,,,,,,,,,15,129,396,8.549611284,26.24531836,0,0,0,0,14,360,374,23.85938033,24.78724512,3.927467267,-87.7044431,627.9746977,132.4845323,11,557,386,36.91576345,25.5825578,-0.379534317,0,7.61352693,0,,,,,,,,,
131,4382.8,,,,,,,,,,16,129,396,8.549611284,26.24531836,0,0.345459861,0,-6.964916556,14,368,331,24.38958878,21.93737469,24.71241,-80.92839295,565.885428,176.8751793,11,558,386,36.98203951,25.5825578,0.015152906,0,-13.77536924,0,,,,,,,,,
132,4417.9,,,,,,,,,,16,130,396,8.615887341,26.24531836,-0.000664753,0,-13.29506991,0,14,386,289,25.5825578,19.15378032,41.51037625,-71.33953498,512.2762867,285.1283196,11,558,386,36.98203951,25.5825578,-0.000664753,0,-13.29506991,0,,,,,,,,,
133,4449.6,,,,,,,,,,16,129,396,8.549611284,26.24531836,0,0,0,0,14,413,252,27.37201132,16.70156623,55.83065565,-60.09731796,413.2126321,421.3193821,11,557,386,36.91576345,25.5825578,0,0,0,0,,,,,,,,,
134,4482,,,,,,,,,,16,129,396,8.549611284,26.24531836,0,0,0,0,14,447,223,29.62539724,14.77956059,67.93516829,-46.79077411,305.5411504,511.3832652,11,557,386,36.91576345,25.5825578,-0.007327178,0,13.32214173,0,,,,,,,,,
135,4517.7,,,,,,,,,,16,129,396,8.549611284,26.24531836,-0.333369898,0,6.627632157,0,14,487,203,32.2764395,13.45403946,75.66573549,-29.98216668,172.1998502,543.6766562,11,557,386,36.91576345,25.5825578,-0.005281024,0,13.20255949,0,,,,,,,,,
136,4550,,,,,,,,,,16,129,396,8.549611284,26.24531836,0,0,0,0,14,529,193,35.06003387,12.7912789,80.04780053,-12.1297553,69.20061244,534.2097545,11,557,386,36.91576345,25.5825578,0,0,0,0,,,,,,,,,
137,4582.3,,,,,,,,,,16,129,396,8.549611284,26.24531836,0,0,0,0,14,573,191,37.97618036,12.65872679,80.80414785,5.764795531,-48.93138834,536.5842252,11,558,386,36.98203951,25.5825578,0.329563555,0,-6.60448006,0,,,,,,,,,
138,4618.3,,,,,,,,,,16,129,396,8.549611284,26.24531836,0,0,0,0,14,615,199,40.75977473,13.18893524,76.79032012,23.50847309,-149.8423028,519.755546,11,558,386,36.98203951,25.5825578,0.327427436,0.335380849,-6.588077184,6.667611315,,,,,,,,,
139,4650,,,,,,,,,,16,129,396,8.549611284,26.24531836,0,0,0,0,14,655,215,43.41081699,14.24935214,69.89990435,39.05885353,-272.158536,489.5624221,11,557,386,36.91576345,25.5825578,0,0,0,0,,,,,,,,,
140,4682.1,,,,,,,,,,16,129,396,8.549611284,26.24531836,0.268123653,0,5.373219496,0,14,691,240,45.79675502,15.90625355,58.02429846,46.90806864,-407.5786195,287.9302659,11,558,386,36.98203951,25.5825578,0,0,0,0,,,,,,,,,
141,4717.7,,,,,,,,,,16,129,396,8.549611284,26.24531836,0,0,0,0,14,719,273,47.6524846,18.09336342,46.99442344,63.78204772,-449.6727209,290.5779476,11,558,387,36.98203951,25.64883385,-0.327427436,0.007953413,-6.588077184,-13.2556885,,,,,,,,,
142,4750.1,,,,,,,,,,16,129,396,8.549611284,26.24531836,0,0,0,0,14,740,311,49.04428179,20.61185356,31.77536513,70.95327869,-489.5705194,147.6888298,11,557,386,36.91576345,25.5825578,0,0,0,0,,,,,,,,,
143,4797,,,,,,,,,,16,130,396,8.615887341,26.24531836,-0.100854176,-0.366075229,-11.79581008,-6.372066658,14,751,350,49.77331841,23.19661976,10.78820999,74.93371955,-414.6335385,199.8965559,11,558,386,36.98203951,25.5825578,-0.366075229,0,-6.372066658,0,,,,,,,,,
144,4818.3,,,,,,,,,,16,129,396,8.549611284,26.24531836,0,0,0,0,14,756,392,50.10469869,25.98021414,-0.011770115,75.97708067,-484.8440496,-48.13196452,11,557,386,36.91576345,25.5825578,-0.3416974,-0.3416974,6.30438008,6.30438008,,,,,,,,,
145,4853.8,,,,,,,,,,16,129,396,8.549611284,26.24531836,0,0,0,0,14,750,434,49.70704235,28.76380851,-18.50135122,74.42486158,-480.0864979,-80.73448277,11,557,386,36.91576345,25.5825578,0,0,0,0,,,,,,,,,
146,4894.8,,,,,,,,,,16,129,395,8.549611284,26.17904231,0.080637993,0.080637993,15.50730639,15.50730639,14,737,475,48.84545362,31.48112682,-40.91781476,76.41641541,-642.7493805,-169.5755772,11,557,386,36.91576345,25.5825578,-0.319807213,0,7.318242862,0,,,,,,,,,
147,4926.7,,,,,,,,,,16,129,396,8.549611284,26.24531836,0,0,0,0,14,713,512,47.25482826,33.93334091,-54.36269489,60.40633953,-517.9405403,-239.1510825,11,557,386,36.91576345,25.5825578,0,0,0,0,10,447,4,29.62539724,0.265104226,,,,
148,4957.6,,,,,,,,,,16,129,396,8.549611284,26.24531836,0,0,0,0,14,682,544,45.20027051,36.05417472,-65.22558214,49.39433217,-420.187701,-401.5493208,11,557,386,36.91576345,25.5825578,0.379474885,0,7.311654826,0,11,448,15,29.6916733,0.994140847,,,,
149,4982.2,,,,,,,,,,16,130,396,8.615887341,26.24531836,0.098187198,0.405399633,-15.10572275,-8.075689907,14,646,566,42.81433248,37.51224796,-75.6001335,42.42119047,-150.8963572,-608.3471903,11,557,386,36.91576345,25.5825578,0.307212435,0,7.030032847,0,11,448,27,29.6916733,1.789453525,,,,
150,5017.7,,,,,,,,,,16,129,396,8.549611284,26.24531836,0,0,0,0,14,606,580,40.16329022,38.44011275,-81.40696961,23.13735832,-76.43912384,-579.9474056,11,557,386,36.91576345,25.5825578,0.314327334,0,6.908293048,0,11,449,39,29.75794935,2.584766202,4.535642837,23.10915692,67.67090574,-52.34360501
151,5050,,,,,,,,,,16,129,396,8.549611284,26.24531836,0,0,0,0,14,564,587,37.37969585,38.90404515,-83.81647757,3.909395584,17.78736711,-582.9731162,11,558,386,36.98203951,25.5825578,0.05384935,0,-14.35982659,0,11,451,51,29.89050147,3.38007888,5.899492812,22.34015797,81.11845881,-75.36108684
152,5082.6,,,,,,,,,,16,129,396,8.549611284,26.24531836,-0.32940124,0,6.588024794,0,14,520,584,34.46354936,38.70521698,-79.02527057,-15.98553121,82.66653511,-555.1333212,11,558,386,36.98203951,25.5825578,0.32940124,0,-6.588024794,0,11,455,60,30.15560569,3.976563388,7.950517918,20.83149251,66.32823363,-18.97351141
153,5118,,,,,,,,,,16,129,396,8.549611284,26.24531836,0,0,0,0,14,477,571,31.61367894,37.84362824,-74.1629172,-32.96829074,220.886829,-538.8093056,11,558,386,36.98203951,25.5825578,-0.003976599,0,-13.25533059,0,11,461,70,30.55326203,4.639323953,8.953393574,20.54594733,20.41983678,1.232745745
154,5149.9,,,,,,,,,,16,129,396,8.549611284,26.24531836,0,0,0,0,14,439,549,29.09518879,36.385555,-65.58648448,-48.47593549,347.1774596,-465.7822606,11,557,386,36.91576345,25.5825578,-0.332705144,0,6.620997891,0,11,466,79,30.88464231,5.235808461,10.25048762,20.16430936,5.988544361,31.80055405
155,5182.6,,,,,,,,,,16,129,396,8.549611284,26.24531836,0,0,0,0,14,407,518,26.97435498,34.33099725,-53.34202637,-61.86995108,430.9983489,-362.5550763,11,558,386,36.98203951,25.5825578,0,0,0,0,11,472,90,31.28229865,5.964845082,10.59491948,20.19338209,-13.4402024,6.211302977
156,5217.7,,,,,,,,,,16,129,396,8.549611284,26.24531836,0.216305951,0,4.33913642,0,14,382,481,25.31745357,31.87878316,-37.26377002,-71.2776139,519.3167253,-229.6826334,11,557,386,36.91576345,25.5825578,-0.162282832,0,10.07967899,0,11,476,101,31.54740288,6.693881703,10.2212567,20.60479622,5.013726335,-0.052226316
157,5250.4,,,,,,,,,,16,129,396,8.549611284,26.24531836,0,0,0,0,14,366,440,24.25703667,29.16146485,-20.35206067,-77.54925399,553.010079,-112.791242,11,557,386,36.91576345,25.5825578,0.217549506,0,4.329343398,0,11,482,112,31.94505922,7.422918325,10.55509192,20.61414533,0.073232674,-22.84859441
158,5282.8,,,,,,,,,,16,129,396,8.549611284,26.24531836,0,0,0,0,14,359,397,23.79310427,26.31159442,-4.001233064,-78.98321189,553.8478248,20.97302424,11,558,386,36.98203951,25.5825578,-0.209147797,0,-4.174606731,0,11,487,121,32.2764395,8.019402833,9.668584172,20.76255906,-5.04952431,5.14951489
159,5349.6,,,,,,,,,,16,130,396,8.615887341,26.24531836,-0.155681493,-0.373217736,-9.97958287,-5.659101378,14,376,309,24.91979723,20.47930145,,,,,11,558,386,36.98203951,25.5825578,-0.155681493,0,-9.97958287,0,12,497,142,32.93920007,9.411200019,8.6736562,22.35482446,-28.47999617,26.58790845
160,5382.2,,,,,,,,,,16,129,396,8.549611284,26.24531836,0.366808316,0,5.566135297,0,14,398,271,26.37787047,17.9608113,,,,,11,558,386,36.98203951,25.5825578,0.219258642,0,-4.303408094,0,10,503,150,33.3368564,9.94140847,5.704856438,25.57181926,-73.67316407,98.07885139
161,5417.8,,,,,,,,,,16,129,396,8.549611284,26.24531836,0,0,0,0,15,427,239,28.29987611,15.8399775,59.8939177,-51.66346558,392.7470013,383.7639582,11,557,386,36.91576345,25.5825578,0.171826813,0,9.818675032,0,11,506,164,33.53568457,10.86927326,2.827047231,29.54272191,-96.30657851,124.9269717
162,5450.3,,,,,,,,,,16,129,395,8.549611284,26.17904231,-0.341346337,-0.04731426,6.292098377,12.13186157,,,,,,,,,,11,557,386,36.91576345,25.5825578,-0.341346337,0,6.292098377,0,9,508,178,33.66823669,11.79713805,,,,
163,5484.1,,,,,,,,,,16,130,396,8.615887341,26.24531836,-0.023819435,0,-13.23301952,0,,,,,,,,,,11,558,386,36.98203951,25.5825578,0,0,0,0,8,506,197,33.53568457,13.05638312,,,,
164,5517.8,,,,,,,,,,16,129,396,8.549611284,26.24531836,0,0,0,0,14,547,190,36.25300289,12.59245073,80.36135889,-4.741000892,16.60182248,554.6853355,11,558,386,36.98203951,25.5825578,0.00264048,0,-13.20240169,0,8,503,218,33.3368564,14.44818031,,,,
165,5558.8,,,,,,,,,,16,129,396,8.549611284,26.24531836,0.392948204,0.279458948,7.24328486,-6.108392301,14,591,192,39.16914937,12.72500284,,,,,11,557,386,36.91576345,25.5825578,0,0,0,0,,,,,,,,,
166,5582.4,,,,,,,,,,16,129,396,8.549611284,26.24531836,-0.339832554,0,6.803454536,0,14,632,204,41.88646769,13.52031552,,,,,11,558,386,36.98203951,25.5825578,-0.329034198,0,-6.694490299,0,,,,,,,,,
167,5618.2,,,,,,,,,,16,129,396,8.549611284,26.24531836,0.282019557,0,5.617919455,0,14,670,225,44.40495783,14.91211271,63.85730915,39.50796597,-345.3677536,326.7681876,11,557,386,36.91576345,25.5825578,-0.347201971,0,6.233428559,0,,,,,,,,,
168,5650.3,,,,,,,,,,16,130,396,8.615887341,26.24531836,0.060904497,0,-14.50107079,0,14,701,252,46.45951558,16.70156623,58.7127673,57.88762114,-458.2156538,315.3641963,11,557,386,36.91576345,25.5825578,0.317154101,0,6.93233008,0,,,,,,,,,
169,5682.3,,,,,,,,,,16,129,396,8.549611284,26.24531836,0,-0.331214509,0,-6.630921107,14,726,285,48.116417,18.88867609,41.13296101,67.29028273,-425.0028814,271.3301232,11,557,386,36.91576345,25.5825578,-0.000663424,0,13.26847977,0,,,,,,,,,
170,5729.6,,,,,,,,,,16,130,396,8.615887341,26.24531836,-0.157344469,-0.42007133,-13.505963,-7.541675582,14,745,322,49.37566207,21.34089018,20.1245859,77.57335041,-439.779881,356.6318922,11,557,386,36.91576345,25.5825578,0.42007133,0,7.541675582,0,,,,,,,,,
171,5750.2,,,,,,,,,,16,129,396,8.549611284,26.24531836,-0.332870091,0,6.617695648,0,14,755,363,50.03842263,24.0582085,10.42514704,75.68253096,-508.5034704,40.89025462,10,558,386,36.98203951,25.5825578,0.332870091,0,-6.617695648,0,12,484,325,32.07761133,21.53971835,,,,
172,5782.3,,,,,,,,,,16,129,395,8.549611284,26.17904231,0,0.000663424,0,13.26847977,14,756,407,50.10469869,26.97435498,-4.998071719,75.919109,-497.6177732,-98.75359783,11,558,386,36.98203951,25.5825578,0.331214509,0,-6.630921107,0,14,487,344,32.2764395,22.79896343,,,,
173,5817.7,,,,,,,,,,16,129,395,8.549611284,26.17904231,-0.400871447,-0.092818891,7.977541243,14.97078884,14,746,446,49.44193813,29.55912119,-18.69838707,79.28110493,-441.5588923,-317.8633448,11,558,386,36.98203951,25.5825578,0.092818891,0,-14.97078884,0,14,492,346,32.60781978,22.93151554,,,,
174,5850.8,,,,,,,,,,16,129,396,8.549611284,26.24531836,0,0,0,0,14,732,481,48.51407334,31.87878316,-34.58578722,66.40628635,-386.3461172,-225.3086365,11,558,386,36.98203951,25.5825578,0,0,0,0,14,503,348,33.3368564,23.06406765,15.57893591,2.200312561,60.8665858,-257.5002974
175,5882.2,,,,,,,,,,15,129,396,8.549611284,26.24531836,0,0.000663424,0,-13.26847977,14,711,514,47.12227615,34.06589302,-46.73109989,57.37109648,-337.8782863,-272.5779842,11,558,386,36.98203951,25.5825578,-0.331214509,0,-6.630921107,0,14,511,346,33.86706486,22.93151554,17.90150568,-4.966890792,39.62622524,-126.0007762
176,5918.2,,,,,,,,,,16,129,396,8.549611284,26.24531836,0,0.328414015,0,-6.58804444,14,684,542,45.33282262,35.92162261,-56.40187333,46.5444973,-308.7592422,-333.6114339,11,557,386,36.91576345,25.5825578,0.005291581,0.333705596,13.22895182,6.640907384,13,520,339,34.46354936,22.46758314,19.8741715,-6.637070856,28.04379198,-40.21548492
177,5950.5,,,,,,,,,,16,129,396,8.549611284,26.24531836,0,0.332377415,0,6.667550945,14,651,564,43.14571276,37.37969585,-64.81359584,34.89962853,-220.0291812,-406.7206076,11,558,386,36.98203951,25.5825578,0,0.332377415,0,6.667550945,14,531,332,35.19258598,22.00365075,19.94264488,-7.97705795,26.67020378,53.34040756
178,5982.2,,,,,,,,,,16,129,395,8.549611284,26.17904231,0.330883791,-0.000662098,6.617675824,13.24196932,14,615,580,40.75977473,38.44011275,-69.8800414,21.22026114,-125.1005438,-450.4387227,11,557,386,36.91576345,25.5825578,-0.000662098,0.330883791,13.24196932,6.617675824,14,541,329,35.85534655,21.80482258,21.52730938,-7.621582872,32.88984885,72.90693456
179,6017.9,,,,,,,,,,16,129,396,8.549611284,26.24531836,0.330386472,0,6.627612274,0,14,576,587,38.17500853,38.90404515,-72.97191101,7.057652242,-23.63870536,-458.5018068,11,558,387,36.98203951,25.64883385,0.002656363,0.002656363,-13.28181477,-13.28181477,14,552,326,36.58438317,21.60599441,23.21205665,-4.329556853,38.91478661,86.50463243
180,6050.2,,,,,,,,,,16,129,397,8.549611284,26.31159442,0,0.002656363,0,-13.28181477,14,537,586,35.59024232,38.83776909,-72.98784919,-7.540448868,56.05218325,-444.6350072,11,558,387,36.98203951,25.64883385,0,0.002656363,0,-13.28181477,14,563,324,37.31341979,21.4734423,23.21205665,0.309135568,38.91478661,112.8821304
181,6082.3,,,,,,,,,,16,130,396,8.615887341,26.24531836,-0.001990276,0.330552411,-13.26850634,-6.624296811,14,500,578,33.13802823,38.30756064,-70.27016787,-21.94383678,117.3058092,-411.9808161,11,558,387,36.98203951,25.64883385,0.330552411,-0.001990276,-6.624296811,-13.26850634,14,576,323,38.17500853,21.40716624,23.20832842,4.667539271,0.696945055,172.6299714
182,6118,,,,,,,,,,16,130,396,8.615887341,26.24531836,0.330718184,-0.332043706,-6.620984662,-6.634239887,14,464,563,30.7520902,37.31341979,-64.26802051,-35.16482033,197.5426115,-385.1040388,11,557,386,36.91576345,25.5825578,-0.330718184,-0.330718184,6.620984662,6.620984662,14,590,326,39.10287332,21.60599441,22.19655847,9.297223777,-59.20446045,185.7587168
183,6150.3,,,,,,,,,,16,129,396,8.549611284,26.24531836,0,-0.330054095,0,6.634253169,14,431,541,28.56498034,35.85534655,-56.3647196,-47.25495921,276.0782781,-348.8617028,11,558,386,36.98203951,25.5825578,0,-0.330054095,0,6.634253169,14,601,333,39.83190994,22.0699268,20.22512854,14.32807291,-98.59366995,167.2165178
184,6182.1,,,,,,,,,,16,129,396,8.549611284,26.24531836,-0.01304693,0,13.0469301,0,14,403,514,26.70925076,34.06589302,-46.3863667,-56.59143856,361.3274809,-282.359901,11,558,386,36.98203951,25.5825578,0,-0.01304693,0,13.0469301,14,611,343,40.4946705,22.73268737,16.89351068,18.63155592,-127.2463986,107.2100417
185,6217.9,,,,,,,,,,16,130,395,8.615887341,26.17904231,0,0.329392661,0,19.87620921,15,382,481,25.31745357,31.87878316,-34.17266578,-65.59089325,404.9669928,-224.0265501,11,557,386,36.91576345,25.5825578,0.330718184,0.330718184,6.620984662,6.620984662,14,619,354,41.02487895,23.46172399,12.60573114,22.19523295,-132.8040948,72.459685
186,6249.8,,,,,,,,,,16,129,396,8.549611284,26.24531836,0,0,0,0,14,367,444,24.32331272,29.42656907,-20.59304635,-70.32531366,442.9503299,-114.8640148,11,558,386,36.98203951,25.5825578,-0.321801591,0,-6.468373692,0,15,624,367,41.35625924,24.32331272,8.391171557,24.00318922,-139.274812,27.2581818
187,6283.9,,,,,,,,,,16,130,396,8.615887341,26.24531836,-0.01304693,0,-13.0469301,0,14,360,405,23.85938033,26.84180287,-5.139735861,-73.35836166,449.0189009,-47.04919734,11,558,387,36.98203951,25.64883385,0,-0.01304693,0,-13.0469301,14,627,380,41.55508741,25.18490146,2.809295277,25.0029867,-149.4572439,17.96541566
188,6318,,,,,,,,,,15,130,397,8.615887341,26.31159442,-0.328583222,0.006581496,-6.565099336,-26.32598275,14,361,365,23.92565639,24.19076061,8.474058061,-72.99861876,447.1154016,76.02004636,11,558,387,36.98203951,25.64883385,0.003290748,0.003290748,-13.16299138,-13.16299138,14,628,393,41.62136346,26.04649019,-1.9418826,25.42924724,-157.8575184,-7.844014791
189,6351.6,,,,,,,,,,16,129,396,8.549611284,26.24531836,0,-0.323611073,0,-6.357781404,14,370,327,24.52214089,21.67227047,22.3368084,-68.58006524,400.4652841,149.151803,11,557,386,36.91576345,25.5825578,-0.002548109,0,12.74054427,0,14,626,406,41.48881135,26.90807893,-6.467125252,24.04659568,-152.6367166,-26.40540253
190,6383.7,,,,,,,,,,16,129,396,8.549611284,26.24531836,0.008082216,0,13.47035988,0,14,386,291,25.5825578,19.28633243,36.30663383,-64.33545043,381.56967,227.8690617,11,558,386,36.98203951,25.5825578,-0.338118254,-0.330036038,-6.775916916,6.694442965,14,620,419,41.09115501,27.76966766,-11.43944513,22.67683486,-136.088656,-64.58168508
191,6418.6,,,,,,,,,,16,129,395,8.549611284,26.17904231,-0.327758485,-0.32114395,6.581495688,19.81056634,14,408,260,27.04063104,17.23177468,47.50445878,-55.14576823,328.836899,278.9073996,11,557,386,36.91576345,25.5825578,0.006614535,-0.327758485,13.22907065,6.581495688,14,613,431,40.62722262,28.56498034,-15.95068696,20.14540191,-120.6475384,-97.20261202
192,6453.8,,,,,,,,,,16,129,395,8.549611284,26.17904231,0.353250166,0.038304809,6.9129191,13.440284,14,436,233,28.89636062,15.44232116,58.23091114,-44.4413705,301.963341,323.2296988,11,558,386,36.98203951,25.5825578,0.314945357,0.353250166,-6.527364904,6.9129191,14,604,441,40.03073811,29.2277409,-19.99905399,17.0283403,-112.1759788,-110.9381469
193,6482.3,,,,,,,,,,16,130,396,8.615887341,26.24531836,0.008746969,0,-13.45687604,0,14,468,212,31.01719443,14.05052397,64.97746827,-33.31542833,199.9888378,401.3403115,11,557,386,36.91576345,25.5825578,-0.008746969,0.329539573,13.45687604,6.684372682,14,593,448,39.30170149,29.6916733,-21.98578001,13.43524504,-77.83294398,-122.8744978
194,6518.2,,,,,,,,,,16,129,396,8.549611284,26.24531836,0,0.378512918,0,-5.761231634,14,504,198,33.40313246,13.12265918,68.74096391,-19.77073178,97.59894686,431.4346977,11,558,386,36.98203951,25.5825578,0.378512918,0,-5.761231634,0,14,580,454,38.44011275,30.08932964,-23.79960842,8.488322466,-36.96132624,-136.8752885
195,6550.3,,,,,,,,,,16,130,396,8.615887341,26.24531836,0.18508726,0.18508726,-10.39816068,-10.39816068,14,542,191,35.92162261,12.65872679,72.35489625,-7.138295684,-9.238260863,449.8910227,11,558,387,36.98203951,25.64883385,0,0.18508726,0,-10.39816068,14,567,458,37.57852402,30.35443386,-25.2739365,4.205432149,2.851988952,-154.8216076
196,6582.2,,,,,,,,,,16,129,396,8.549611284,26.24531836,-0.383541993,0,5.603243148,0,14,581,192,38.50638881,12.72500284,69.89121292,7.034311448,-101.6155717,406.4622867,11,558,387,36.98203951,25.64883385,0.383541993,0.179303781,-5.603243148,-9.692096255,14,554,459,36.71693528,30.42070992,-24.76157196,-0.274278752,22.26153359,-151.590443
197,6649.6,,,,,,,,,,16,129,396,8.549611284,26.24531836,0,0,0,0,14,653,215,43.27826487,14.24935214,62.06565863,33.56889758,-199.2017669,380.431807,11,558,386,36.98203951,25.5825578,-0.373135061,0,-5.679376883,0,13,528,453,34.99375782,30.02305358,-22.94017628,-10.29335799,50.0424852,-148.995038
198,6682.4,,,,,,,,,,16,129,395,8.549611284,26.17904231,-0.216775498,0.157751996,4.313940263,9.984303534,14,685,236,45.39909868,15.64114933,53.84507338,44.21142687,-271.0012981,327.5461091,11,558,386,36.98203951,25.5825578,-0.374527494,-0.216775498,-5.670363271,4.313940263,14,517,446,34.26472119,29.55912119,-20.57648976,-14.96071328,68.2675681,-135.3547048
199,6719.1,,,,,,,,,,16,129,396,8.549611284,26.24531836,0.389622098,0,5.692068631,0,14,711,264,47.12227615,17.49687891,43.13491249,53.57331504,-289.2726741,273.4355014,11,558,386,36.98203951,25.5825578,0,-0.202932018,0,4.107935579,14,506,437,33.53568457,28.96263668,-16.7539346,-18.880522,94.72367242,-120.2319566
200,6750.2,,,,,,,,,,16,129,396,8.549611284,26.24531836,0,0,0,0,14,732,295,48.51407334,19.55143666,33.58200636,61.70433602,-367.0736262,178.9208458,11,557,386,36.91576345,25.5825578,0.007283301,0,13.2423662,0,14,497,426,32.93920007,28.23360006,-13.50414779,-22.24006596,137.5525145,-88.51406692
201,6782.9,,,,,,,,,,16,129,396,8.549611284,26.24531836,0,0.327585149,0,-6.604539293,14,746,328,49.44193813,21.73854652,21.32760332,66.78661033,-376.112534,121.711273,11,557,386,36.91576345,25.5825578,0.00864216,0,13.29563001,0,14,491,413,32.54154373,27.37201132,-8.853441181,-24.59562956,165.0269309,-56.38492266
202,6817.9,,,,,,,,,,16,130,396,8.615887341,26.24531836,0.009372599,0,-13.38942691,0,14,754,364,49.97214658,24.12448455,8.941218415,69.2428332,-402.9073679,43.76122242,11,558,386,36.98203951,25.5825578,-0.328392179,0,-6.647614968,0,15,488,400,32.34271556,26.51042259,-3.781020753,-25.96137615,167.8859197,-23.10517186
203,6849.7,,,,,,,,,,16,129,396,8.549611284,26.24531836,0,-0.318028518,0,-6.39253303,14,755,401,50.03842263,26.57669864,-3.989511441,68.91929788,-388.1327617,-33.8964867,11,558,386,36.98203951,25.5825578,0.338154075,0,-6.591697375,0,14,487,386,32.2764395,25.5825578,1.070858502,-25.92927523,155.4124362,14.35910686
204,6882.1,,,,,,,,,,16,129,396,8.549611284,26.24531836,0,0,0,0,14,750,437,49.70704235,28.96263668,-17.15705132,67.92503232,-399.7877611,-98.75921667,11,558,386,36.98203951,25.5825578,0.012555888,0,-13.21672419,0,14,490,372,32.47526767,24.65469301,5.831424256,-25.18937424,131.0389045,44.41426388
205,6918.1,,,,,,,,,,16,129,396,8.549611284,26.24531836,-0.330553733,0,6.604470188,0,14,737,472,48.84545362,31.28229865,-30.4605017,63.52182198,-383.5541113,-157.9530632,11,557,386,36.91576345,25.5825578,-0.330553733,0,6.604470188,0,14,495,359,32.80664795,23.79310427,10.26302437,-23.48913834,112.4343421,72.4512359
206,6952.3,,,,,,,,,,16,129,395,8.549611284,26.17904231,0,0.027571697,0,13.12937932,14,718,505,47.58620854,33.46940852,-42.64315017,56.61090111,-365.3494748,-206.0332749,11,558,386,36.98203951,25.5825578,0,0.343805535,0,6.701862281,14,501,347,33.20430429,22.99779159,14.74143979,-20.58445254,111.0706298,89.82846987
207,6983.2,,,,,,,,,,16,129,396,8.549611284,26.24531836,0.338751735,0,6.701320169,0,14,693,533,45.92930713,35.3251381,-52.69157173,48.39658527,-303.1701107,-287.5602106,11,557,386,36.91576345,25.5825578,0.014582497,0.338751735,13.25681537,6.701320169,14,509,337,33.73451274,22.33503103,17.67677449,-17.44345454,103.2904769,108.818569
208,7018.2,,,,,,,,,,16,129,396,8.549611284,26.24531836,0.321828315,0,6.430136165,0,14,662,556,43.87474938,36.8494874,-59.81957216,38.0462456,-203.0407032,-351.0494618,11,557,386,36.91576345,25.5825578,0.321828315,0.321828315,6.430136165,6.430136165,14,519,329,34.39727331,21.80482258,20.2493525,-13.88678543,87.09269344,119.4039671
209,7050.7,,,,,,,,,,16,129,396,8.549611284,26.24531836,0.309818902,0.346086287,6.297132152,-6.655505526,14,628,574,41.62136346,38.04245641,-65.53766397,26.35850504,-99.98617148,-408.8528241,11,558,387,36.98203951,25.64883385,0,0.036267385,0,-12.95263768,14,531,323,35.19258598,21.40716624,22.77534469,-9.545346504,52.22012028,134.543604
210,7082.1,,,,,,,,,,16,130,396,8.615887341,26.24531836,0.007371452,0,-13.40264034,0,15,592,584,39.23542543,38.70521698,-70.60861022,12.89875328,-59.15624913,-430.2928125,11,558,387,36.98203951,25.64883385,0.336919063,0.007371452,-6.738381266,-13.40264034,14,543,319,35.98789866,21.14206201,24.96670021,-4.746352695,44.12965891,147.9478991
211,7120.2,,,,,,,,,,16,130,396,8.615887341,26.24531836,0.317720888,-0.347013585,-6.510673943,-6.804187932,14,554,587,36.71693528,38.90404515,-71.44430949,-1.949114333,-24.8953229,-433.1732819,11,558,387,36.98203951,25.64883385,0.317720888,-0.029292696,-6.510673943,-13.31486187,14,557,317,36.91576345,21.0095099,25.60692356,0.698525938,17.95771952,166.5825304
212,7154.7,,,,,,,,,,15,130,396,8.615887341,26.24531836,0.305058964,0,-6.388669411,0,15,517,582,34.26472119,38.57266486,-70.03947612,-16.73383175,13.41286091,-419.8459604,11,558,386,36.98203951,25.5825578,0,-0.305058964,0,6.388669411,14,571,319,37.84362824,21.14206201,25.22641376,5.653571046,-5.084176704,157.7432719
213,7182.1,,,,,,,,,,16,129,396,8.549611284,26.24531836,0.000663424,0.331877933,13.26847977,6.637558666,14,481,571,31.87878316,37.84362824,-65.97006866,-27.86912189,151.9270803,-385.0646909,11,558,386,36.98203951,25.5825578,-0.331877933,-0.331214509,-6.637558666,6.630921107,14,584,323,38.70521698,21.40716624,23.86801081,9.953684303,-66.10344676,146.0528409
214,7217.8,,,,,,,,,,16,130,395,8.615887341,26.17904231,-0.326862976,0.309903486,-6.698011798,20.26560332,14,447,553,29.62539724,36.65065923,-60.650001,-40.1270427,246.0901691,-349.1613158,11,558,386,36.98203951,25.5825578,0,-0.016959489,0,13.56759152,14,596,330,39.50052966,21.87109863,21.90751351,14.27558132,-93.76530245,111.6358175
215,7250.2,,,,,,,,,,16,130,396,8.615887341,26.24531836,-0.324733614,0,-6.800703965,0,15,417,529,27.63711555,35.06003387,-52.9991144,-51.91848325,343.4533531,-317.0053798,11,558,386,36.98203951,25.5825578,0,0,0,0,14,607,338,40.22956628,22.40130709,18.93679839,17.77900774,-126.6355169,96.19257503
216,7282,,,,,,,,,,16,130,397,8.615887341,26.31159442,0.332705144,-0.324783664,-6.620997891,-19.78393698,14,393,500,26.04649019,33.13802823,-40.126618,-60.44143845,365.4593194,-267.0337388,11,557,386,36.91576345,25.5825578,-0.00396074,0.328744404,13.20246744,6.581469545,14,615,349,40.75977473,23.13034371,14.58753671,20.48513228,-119.6918305,64.78695847
217,7317.9,,,,,,,,,,16,129,397,8.549611284,26.31159442,-0.330883791,0.330221693,6.617675824,-19.85964515,14,374,466,24.78724512,30.88464231,-27.46997566,-67.57775893,416.8474002,-199.3045428,11,558,387,36.98203951,25.64883385,-0.33154589,-0.000662098,-6.6242935,-13.24196932,14,622,360,41.22370712,23.85938033,10.26070802,22.52525754,-138.9381039,53.19287828
218,7350,,,,,,,,,,16,129,396,8.549611284,26.24531836,-0.333534845,0,6.624326605,0,14,363,427,24.0582085,28.29987611,-14.0796865,-71.36690771,436.4951018,-72.74260536,11,558,386,36.98203951,25.5825578,-0.327599593,0,-6.565122097,0,15,626,372,41.48881135,24.65469301,5.681962862,24.11656883,-138.9924497,30.81265722
219,7382.5,,,,,,,,,,16,130,395,8.615887341,26.17904231,0,-0.323953798,0,19.80045171,14,360,388,23.85938033,25.71510991,0.485846079,-73.12020236,442.7489209,14.72002925,11,558,387,36.98203951,25.64883385,0.328579292,-0.004625494,-6.584755351,-13.21569636,14,628,385,41.62136346,25.51628174,0.939482939,24.49063637,-151.9112297,14.92456574
220,7417.9,,,,,,,,,,16,129,396,8.549611284,26.24531836,0.326953173,-0.332864813,6.539063458,6.597915029,14,364,349,24.12448455,23.13034371,13.99987003,-71.31354727,412.5495136,124.5887761,11,557,386,36.91576345,25.5825578,-0.00591164,-0.332864813,13.13697849,6.597915029,14,627,398,41.55508741,26.37787047,-3.893879873,24.7461303,-144.1536539,-8.775423161
221,7450.7,,,,,,,,,,16,129,396,8.549611284,26.24531836,0,0,0,0,14,375,313,24.85352118,20.74440567,27.47857045,-66.26553082,388.8923251,174.0609151,11,557,386,36.91576345,25.5825578,0.003284199,0,13.13679621,0,14,624,411,41.35625924,27.23945921,-8.613521986,23.74293576,-144.9297916,-38.23337355
222,7482.3,,,,,,,,,,16,130,396,8.615887341,26.24531836,-0.329070851,0.333039509,-6.594606237,-6.634253169,14,394,279,26.11276625,18.49101975,39.29436566,-59.99440778,334.9769224,248.3219463,11,558,386,36.98203951,25.5825578,0,-0.003968658,0,13.22885941,14,618,423,40.9586029,28.03477189,-13.20252063,21.86948518,-131.4956554,-67.45264576
223,7518.8,,,,,,,,,,16,130,396,8.615887341,26.24531836,0.326459809,0,-6.548842716,0,14,417,250,27.63711555,16.56901412,50.07020989,-50.70963541,302.4225351,283.8138376,11,558,386,36.98203951,25.5825578,0.326459809,0,-6.548842716,0,14,610,435,40.42839445,28.83008456,-16.91825104,19.10069294,-114.0102939,-103.1262093
224,7550.9,,,,,,,,,,16,129,396,8.549611284,26.24531836,0,0,0,0,14,446,226,29.55912119,14.97838876,58.58186733,-40.65481804,231.9319639,337.1309567,11,558,386,36.98203951,25.5825578,0.331870029,0,-6.578196811,0,14,600,444,39.76563388,29.42656907,-20.07428747,15.53364866,-83.82800257,-125.6246525
225,7582.7,,,,,,,,,,16,129,396,8.549611284,26.24531836,-0.328574029,0,6.604503095,0,14,479,207,31.74623105,13.71914369,65.73237344,-28.00641462,191.676619,388.8890727,11,558,387,36.98203951,25.64883385,-0.334544964,-0.005970935,-6.664242319,-13.26874541,14,588,451,38.9703212,29.89050147,-22.56992952,11.87643253,-55.10611527,-131.6121481
226,7618.5,,,,,,,,,,16,130,396,8.615887341,26.24531836,-0.332878067,-0.332878067,-6.677594116,-6.677594116,14,515,195,34.13216908,12.92383101,70.17186447,-15.27568272,100.8202851,426.9976507,11,558,386,36.98203951,25.5825578,-0.332878067,0,-6.677594116,0,14,576,456,38.17500853,30.22188175,-24.27740644,6.976423486,-33.61569195,-140.088825
227,7651.8,,,,,,,,,,16,129,396,8.549611284,26.24531836,0.343073337,0,6.800264359,0,14,553,190,36.65065923,12.59245073,72.0240426,-1.358694841,34.51353199,441.7812971,11,558,386,36.98203951,25.5825578,-0.343073337,0,-6.800264359,0,14,563,458,37.31341979,30.35443386,-25.01131772,2.129390233,-14.03186362,-140.0692707
228,7682.2,,,,,,,,,,16,129,396,8.549611284,26.24531836,0.330549755,0,6.644216187,0,14,592,194,39.23542543,12.85755495,70.45288955,11.85649528,-96.791873,412.3754479,11,557,386,36.91576345,25.5825578,-0.003330455,-0.003330455,13.3218204,13.3218204,14,550,459,36.45183106,30.42070992,-24.58723919,-2.287204646,14.55717717,-153.0840765
229,7718.1,,,,,,,,,,16,129,395,8.549611284,26.17904231,-0.333211444,-0.001998265,6.670899786,13.32176684,14,628,204,41.62136346,13.52031552,66.79965299,24.85897283,-168.5353751,378.9191275,11,557,386,36.91576345,25.5825578,-0.001998265,0.331213179,13.32176684,6.650867054,14,537,456,35.59024232,30.22188175,-23.92528125,-6.955476765,40.68647888,-139.6682081
230,7749.8,,,,,,,,,,16,130,396,8.615887341,26.24531836,0.014848601,0,-13.49872835,0,14,662,220,43.87474938,14.58073242,61.14121512,36.74777481,-256.6120519,335.901757,11,557,386,36.91576345,25.5825578,-0.3418965,0,6.824281438,0,14,525,451,34.79492965,29.89050147,-22.47645607,-11.22356877,65.7637341,-132.4400966
231,7782.2,,,,,,,,,,16,130,396,8.615887341,26.24531836,-0.001994264,0,-13.29509658,0,14,691,243,45.79675502,16.10508172,51.39846092,46.5050232,-284.2966998,280.5951105,11,558,387,36.98203951,25.64883385,-0.001994264,-0.001994264,-13.29509658,-13.29509658,14,514,444,34.06589302,29.42656907,-19.90081026,-16.28104579,79.17140139,-126.7927463
232,7818,,,,,,,,,,16,129,396,8.549611284,26.24531836,0.332210643,0.331545889,6.650863717,-6.644206196,14,716,270,47.45365643,17.89453525,42.13225331,54.77088231,-325.3064603,219.9178991,11,558,387,36.98203951,25.64883385,-0.000664753,-0.000664753,-13.29506991,-13.29506991,14,504,435,33.40313246,28.83008456,-16.25638463,-19.58646809,112.844985,-113.2044911
233,7850,,,,,,,,,,16,129,396,8.549611284,26.24531836,-0.330223014,0,6.611071357,0,14,735,301,48.7129015,19.949093,30.75046632,61.63004209,-349.9897206,160.7502846,11,557,386,36.91576345,25.5825578,0.332209314,0,6.630924425,0,14,496,424,32.87292401,28.10104794,-12.23414192,-22.53660325,138.673674,-93.36897476
234,7881.9,,,,,,,,,,16,129,396,8.549611284,26.24531836,-0.002656363,-0.330386472,13.28181477,-6.627612274,14,747,334,49.50821418,22.13620286,19.31117169,66.31902341,-359.3801151,116.8773109,11,557,386,36.91576345,25.5825578,-0.002656363,-0.002656363,13.28181477,13.28181477,14,490,410,32.47526767,27.17318315,-7.662641564,-24.53891526,166.3284721,-38.86160618
235,7917.8,,,,,,,,,,16,130,396,8.615887341,26.24531836,0.332874067,0,-6.637568637,0,14,755,369,50.03842263,24.45586484,6.39081752,68.87696014,-390.9547781,62.76903143,11,557,386,36.91576345,25.5825578,-0.332874067,-0.332874067,6.637568637,6.637568637,14,488,397,32.34271556,26.31159442,-2.689476635,-25.5021932,159.0369387,-5.347114117
236,7949.9,,,,,,,,,,16,129,396,8.549611284,26.24531836,0.329728997,0,6.601181119,0,14,755,406,50.03842263,26.90807893,-6.541664764,69.19116501,-396.5994902,-9.37645246,11,558,386,36.98203951,25.5825578,0.332374756,0.329728997,-6.627612274,6.601181119,14,488,383,32.34271556,25.38372963,1.627478915,-25.82733786,138.8362527,27.48840186
237,7982,,,,,,,,,,16,130,395,8.615887341,26.17904231,-0.000662098,0.000662098,-13.24196932,13.24196932,14,749,443,49.6407663,29.36029302,-19.2309858,66.90010098,-410.6929617,-105.2673693,11,558,387,36.98203951,25.64883385,-0.000662098,-0.000662098,-13.24196932,-13.24196932,14,491,370,32.54154373,24.52214089,6.630255695,-24.17636601,119.2439007,46.10534747
238,8018.1,,,,,,,,,,16,130,396,8.615887341,26.24531836,-0.332374756,0,-6.627612274,0,14,735,478,48.7129015,31.67995499,-31.85506136,62.86281586,-371.6749105,-182.6921477,11,557,386,36.91576345,25.5825578,0.332374756,0.332374756,6.627612274,6.627612274,14,496,358,32.87292401,23.72682822,10.61482611,-22.83067355,106.2532456,58.6176954
239,8050.2,,,,,,,,,,16,130,396,8.615887341,26.24531836,0.007168206,0,-13.03310118,0,14,715,510,47.38738038,33.8007888,-42.53968364,55.67433543,-321.2074664,-260.1515552,11,558,387,36.98203951,25.64883385,-0.325022734,0.007168206,-6.481011644,-13.03310118,14,501,346,33.20430429,22.93151554,14.06916423,-20.09161038,109.2531853,86.88303347
240,8082,,,,,,,,,,16,129,396,8.549611284,26.24531836,0,0.331380282,13.25521129,-6.627605647,14,689,536,45.66420291,35.52396627,-52.68946489,46.72461981,-258.4766202,-298.2422541,11,557,386,36.91576345,25.5825578,0,-0.331380282,13.25521129,6.627605647,14,510,337,33.8007888,22.33503103,17.89453525,-17.23177468,106.0416904,92.78647906
241,8118,,,,,,,,,,16,129,396,8.549611284,26.24531836,0.00133084,-0.332710458,13.30840499,-6.660870032,14,659,559,43.67592121,37.04831557,-60.45215949,35.82493139,-200.8395667,-358.6068406,11,558,387,36.98203951,25.64883385,-0.00133084,-0.00133084,-13.30840499,-13.30840499,14,520,328,34.46354936,21.73854652,20.59610823,-13.60120357,93.57222225,126.1564784
242,8151.6,,,,,,,,,,16,129,396,8.549611284,26.24531836,0.021298901,0,13.31181312,0,14,625,575,41.42253529,38.10873247,-66.31314521,23.30181934,-147.6971009,-378.3596103,11,557,386,36.91576345,25.5825578,0.021298901,-0.321565653,13.31181312,6.549198641,14,531,322,35.19258598,21.34089018,23.70441632,-8.746169341,80.79123456,136.8929239
243,8182,,,,,,,,,,16,130,396,8.615887341,26.24531836,0.001982335,0,-13.2155646,0,14,590,584,39.10287332,38.70521698,-69.14415431,11.64145164,-70.6171682,-403.4211093,11,558,386,36.98203951,25.5825578,0.331876608,0,-6.617679128,0,14,545,318,36.12045078,21.07578596,24.48155796,-4.656184189,25.69876391,158.7253308
244,8217.7,,,,,,,,,,16,130,395,8.615887341,26.17904231,0.033554291,-0.033554291,-12.66199675,12.66199675,14,553,586,36.65065923,38.83776909,-68.7316794,-0.631178579,34.75090265,-372.7093073,11,557,386,36.91576345,25.5825578,-0.033554291,-0.033554291,12.66199675,12.66199675,14,558,317,36.98203951,21.0095099,24.63965865,0.245760573,-12.45787076,151.6161223
245,8249.8,,,,,,,,,,16,130,396,8.615887341,26.24531836,0.347296189,0,-6.672357146,0,14,516,582,34.19844514,38.57266486,-68.45072649,-13.63925976,104.1618405,-374.0045263,11,558,386,36.98203951,25.5825578,0.347296189,0,-6.672357146,0,14,572,319,37.9099043,21.14206201,24.74666925,5.139008773,-59.56408738,145.9009277
246,8282.3,,,,,,,,,,16,129,396,8.549611284,26.24531836,0.002645759,0,13.22879339,0,14,480,571,31.81250711,37.84362824,-64.85441864,-27.55270985,156.1552675,-378.1175047,11,558,386,36.98203951,25.5825578,-0.332374756,0,-6.627612274,0,14,584,323,38.70521698,21.40716624,23.1630483,9.958013874,-51.99008313,132.6844013
247,8322.7,,,,,,,,,,16,129,396,8.549611284,26.24531836,0.047162374,0.3042343,12.92119832,-6.227928345,14,447,554,29.62539724,36.71693528,-57.90079293,-40.65840486,171.5516967,-389.7140505,11,558,387,36.98203951,25.64883385,0.3042343,-0.047162374,-6.227928345,-12.92119832,14,596,330,39.50052966,21.87109863,20.34582023,14.14554943,-69.32952782,113.1417607
248,8353.9,,,,,,,,,,16,130,396,8.615887341,26.24531836,0,0,0,0,14,417,530,27.63711555,35.12630993,-49.248577,-52.06391991,264.7555368,-364.2214132,11,558,386,36.98203951,25.5825578,-0.35805634,0,-6.879084333,0,14,606,339,40.16329022,22.46758314,17.55743077,17.5732758,-78.55768929,92.98988927
249,8382.2,,,,,,,,,,16,130,396,8.615887341,26.24531836,0.332540032,0,-6.624303432,0,14,394,501,26.11276625,33.20430429,-39.79247113,-59.82301246,345.5854234,-267.9345997,11,557,386,36.91576345,25.5825578,-0.003303904,0,13.2156173,0,14,615,348,40.75977473,23.06406765,14.58881066,20.16600141,-119.666326,71.67971363
250,8420.4,,,,,,,,,,16,130,396,8.615887341,26.24531836,0.339181456,-0.339181456,-6.943325605,-6.943325605,14,374,466,24.78724512,30.88464231,-28.49124229,-68.51465408,430.4861875,-180.5264657,11,558,386,36.98203951,25.5825578,0,-0.339181456,0,6.943325605,14,621,359,41.15743107,23.79310427,10.51462513,22.72515754,-131.9231865,62.48993045
251,8450.1,,,,,,,,,,16,130,396,8.615887341,26.24531836,0,0,0,0,14,364,429,24.12448455,28.43242823,-15.33279302,-71.93641907,440.3543174,-48.92825749,11,557,386,36.91576345,25.5825578,-0.024851554,0,13.80641876,0,14,626,371,41.48881135,24.58841695,6.36405182,23.9373871,-154.1528919,39.32011709
252,8482.6,,,,,,,,,,16,130,396,8.615887341,26.24531836,0,0,0,0,14,360,390,23.85938033,25.84766202,-0.800623088,-72.26802841,431.1446171,20.02591541,11,558,386,36.98203951,25.5825578,-0.005970935,0,-13.26874541,0,14,628,384,41.62136346,25.45000568,1.260557697,24.87591866,-145.8367211,22.14333902
253,8518.1,,,,,,,,,,16,130,395,8.615887341,26.17904231,0,-0.014274169,0,13.59444713,14,363,352,24.0582085,23.32917188,12.65502127,-71.27217514,411.8119406,124.0777235,11,558,386,36.98203951,25.5825578,-0.328513773,0,-6.724949288,0,14,627,397,41.55508741,26.31159442,-3.19949271,25.18095139,-148.8161756,-12.21779425
254,8549.9,,,,,,,,,,16,130,396,8.615887341,26.24531836,0,0,0,0,14,374,317,24.78724512,21.0095099,25.80299081,-66.66394549,384.0100879,154.5890508,11,558,386,36.98203951,25.5825578,0.332542687,0.330552411,-6.644209526,6.624296811,14,624,410,41.35625924,27.17318315,-8.267790823,23.87739434,-139.0704076,-40.52237678
255,8582.1,,,,,,,,,,16,130,396,8.615887341,26.24531836,0,0,0,0,14,391,283,25.91393808,18.75612398,37.71404648,-60.14819212,343.0195954,223.5888844,11,557,386,36.91576345,25.5825578,-0.00465333,0,13.29522994,0,14,619,423,41.02487895,28.03477189,-12.56514439,21.60285323,-132.0668384,-87.93359889
256,8617.9,,,,,,,,,,16,130,396,8.615887341,26.24531836,0,0.332210643,0,-6.650863717,14,413,254,27.37201132,16.83411834,48.77048338,-51.78630456,311.9448152,266.4206849,11,557,386,36.91576345,25.5825578,-0.332210643,0,6.650863717,0,14,611,434,40.4946705,28.76380851,-15.92483874,18.92271156,-106.2007788,-113.1978336
257,8650,,,,,,,,,,16,130,396,8.615887341,26.24531836,-0.33154589,0,-6.6242935,0,14,442,228,29.29401696,15.11094087,56.98087033,-42.04740123,238.924568,337.2499954,11,558,387,36.98203951,25.64883385,-0.33154589,-0.000662098,-6.6242935,-13.24196932,14,601,443,39.83190994,29.36029302,-19.21443334,15.89235346,-79.64372855,-119.0188997
258,8682.3,,,,,,,,,,16,130,396,8.615887341,26.24531836,-0.33270846,0,-6.640887422,0,14,474,209,31.41485077,13.8516958,63.99269536,-29.74758347,181.5043343,383.2096913,11,558,386,36.98203951,25.5825578,0.330057407,0,-6.614376893,0,14,590,449,39.10287332,29.75794935,-21.88187782,11.57586872,-53.8959047,-112.2058124
259,8717.8,,,,,,,,,,16,130,396,8.615887341,26.24531836,0,0,0,0,14,510,196,33.8007888,12.99010707,68.76302779,-17.65317633,88.30632411,416.9252254,11,557,386,36.91576345,25.5825578,0.328744404,0,6.581469545,0,14,579,454,38.3738367,30.08932964,-23.46759636,7.640336092,-44.80537976,-112.6755492
260,8750,,,,,,,,,,16,129,396,8.549611284,26.24531836,0.001328177,0,13.28177484,0,14,546,190,36.18672683,12.59245073,70.65811683,-3.93805023,34.62036205,424.9370246,11,557,386,36.91576345,25.5825578,0.001328177,-0.33104857,13.28177484,6.634239887,14,566,458,37.51224796,30.35443386,-24.21701638,3.303844816,-20.40793232,-132.7512731
261,8782.1,,,,,,,,,,16,129,396,8.549611284,26.24531836,-0.01304693,0,13.0469301,0,14,584,193,38.70521698,12.7912789,69.43867556,8.815412013,-72.36645456,389.5958294,11,558,386,36.98203951,25.5825578,-0.322291532,0,-6.458748136,0,14,553,458,36.65065923,30.35443386,-24.33230978,-0.849452225,4.789051724,-136.7986153
262,8818.3,,,,,,,,,,16,130,396,8.615887341,26.24531836,-0.331213193,0,-6.591307317,0,14,621,201,41.15743107,13.32148735,66.0234756,22.18141171,-142.8247756,375.8028948,11,558,386,36.98203951,25.5825578,0.329238752,0,-6.571631773,0,14,540,457,35.78907049,30.28815781,-24.10155987,-5.305334406,32.18919036,-144.9497344
263,8849.8,,,,,,,,,,16,130,396,8.615887341,26.24531836,0.339683179,0,-6.501113482,0,14,655,216,43.41081699,14.3156282,60.57141213,32.68752331,-236.7587328,309.0424051,11,558,386,36.98203951,25.5825578,0.029868106,0,-12.70983239,0,14,528,453,34.99375782,30.02305358,-22.51222809,-10.06342288,54.57202628,-135.129843
264,8883.9,,,,,,,,,,16,130,396,8.615887341,26.24531836,-0.023180532,-0.34300767,-13.24601856,-6.738854018,14,685,237,45.39909868,15.70742538,52.88300102,44.25706895,-252.8923773,306.7039139,11,557,386,36.91576345,25.5825578,0.023180532,0,13.24601856,0,14,516,446,34.19844514,29.55912119,-20.06578814,-14.81417107,79.03259148,-137.5573541
265,8918.5,,,,,,,,,,16,129,396,8.549611284,26.24531836,-0.329393318,-0.33471676,6.627632157,-6.680973261,14,710,263,47.05600009,17.43060285,43.70882602,52.55519473,-302.5774118,230.4602393,11,558,386,36.98203951,25.5825578,-0.33471676,0,-6.680973261,0,14,506,438,33.53568457,29.02891273,-17.22427451,-18.64299318,105.0819746,-121.2709997
266,8954.3,,,,,,,,,,16,130,396,8.615887341,26.24531836,-0.362609838,0,-6.939901201,0,14,731,293,48.44779728,19.41888455,32.08111283,60.30491069,-308.5101534,219.5200327,11,557,386,36.91576345,25.5825578,-0.302840354,0,6.342206361,0,14,497,426,32.93920007,28.23360006,-12.65153951,-22.31847322,134.1492864,-99.4165751
267,8982.2,,,,,,,,,,16,129,395,8.549611284,26.17904231,-0.339832554,-0.010798356,6.803454536,13.49794484,14,745,325,49.37566207,21.53971835,22.36415843,64.78288977,-368.0403304,110.9119726,11,558,386,36.98203951,25.5825578,0.339832554,0,-6.803454536,0,14,492,414,32.60781978,27.43828738,-9.143083893,-23.70697546,143.199438,-43.37457652
268,9017.9,,,,,,,,,,16,129,395,8.549611284,26.17904231,0.306511671,-0.036161165,6.167236835,12.6881281,14,753,359,49.90587052,23.79310427,10.75028022,65.693341,-360.5724031,33.88878028,11,557,386,36.91576345,25.5825578,-0.036161165,0.306511671,12.6881281,6.167236835,14,488,401,32.34271556,26.57669864,-4.32904102,-24.63285008,154.3794637,0.750740098
269,9049.8,,,,,,,,,,16,129,396,8.549611284,26.24531836,-0.354982159,0,7.099643172,0,14,756,395,50.10469869,26.17904231,-1.809281941,69.87845091,-401.2363339,-19.0270437,11,557,386,36.91576345,25.5825578,0.323752603,0,6.78015923,0,14,488,387,32.34271556,25.64883385,0.366439208,-25.8231505,138.4785401,26.02019223
270,9082.1,,,,,,,,,,16,129,396,8.549611284,26.24531836,0,0.331877933,0,-6.637558666,14,751,431,49.77331841,28.56498034,-15.23188688,66.97565382,-384.6332496,-67.01279229,11,558,386,36.98203951,25.5825578,0,0,0,0,14,489,375,32.40899161,24.85352118,4.966227368,-24.53574722,139.2692559,26.78254922
271,9123,,,,,,,,,,16,130,396,8.615887341,26.24531836,0.299053911,0.299053911,-6.309154241,-6.309154241,14,740,466,49.04428179,30.88464231,-29.24992488,63.24208795,-400.6113286,-80.53488974,11,558,387,36.98203951,25.64883385,0.299053911,-0.068514553,-6.309154241,-13.30379676,14,494,362,32.7403719,23.99193244,9.880829682,-23.05772492,116.02721,29.22309733
272,9149.8,,,,,,,,,,16,129,396,8.549611284,26.24531836,0.331877933,0,6.637558666,0,14,723,499,47.91758883,33.07175218,-39.13970314,57.6777643,-345.3720901,-224.9866885,11,558,386,36.98203951,25.5825578,0.331214509,0,-6.630921107,0,14,499,350,33.07175218,23.19661976,12.93594174,-20.88376311,112.9115105,72.76755566
273,9182.1,,,,,,,,,,16,129,396,8.549611284,26.24531836,0.312387144,0,6.24774288,0,14,699,527,46.32696347,34.92748176,-47.55881844,49.30518753,-261.9053815,-286.3965336,11,558,386,36.98203951,25.5825578,0,0.312387144,0,6.24774288,14,507,340,33.60196063,22.5338592,16.07819144,-18.0734706,82.97002544,102.4629832
274,9217.8,,,,,,,,,,16,130,396,8.615887341,26.24531836,-0.320591107,0,-6.763525454,0,14,671,551,44.47123389,36.51810711,-57.83228636,42.1060509,-202.3920782,-365.3730649,11,558,386,36.98203951,25.5825578,-0.320591107,-0.359585542,-6.763525454,7.163058604,14,516,331,34.19844514,21.93737469,19.45216176,-15.63542729,85.89962708,127.3654604
275,9249.7,,,,,,,,,,16,130,396,8.615887341,26.24531836,0.332209314,0,-6.630924425,0,14,638,569,42.28412403,37.71107613,-63.57165419,28.53822019,-143.7560592,-358.387568,11,558,386,36.98203951,25.5825578,-0.330223014,0,-6.611071357,0,14,527,324,34.92748176,21.4734423,21.85033533,-10.61878024,65.55482769,132.7376069
276,9286.1,,,,,,,,,,16,130,396,8.615887341,26.24531836,0.306220541,0,-6.366331406,0,14,603,581,39.96446205,38.50638881,-68.04940669,15.10434494,-132.1443924,-371.3119777,11,558,387,36.98203951,25.64883385,0,-0.051670522,0,-13.24885184,14,539,320,35.72279444,21.20833807,24.11469981,-5.76651975,71.57821256,134.2091486
277,9318.2,,,,,,,,,,16,129,396,8.549611284,26.24531836,0.001978382,0,13.18921247,0,15,568,587,37.64480007,38.90404515,-69.08904151,3.575768507,-21.84607213,-402.1624408,11,557,386,36.91576345,25.5825578,-0.329566187,0,6.584738996,0,14,552,317,36.58438317,21.0095099,24.7946209,-1.298480928,20.52386181,158.2310807
278,9349.9,,,,,,,,,,16,130,396,8.615887341,26.24531836,-0.33121451,0,-6.61106806,0,14,531,585,35.19258598,38.77149303,-68.4907004,-8.953364196,45.57150408,-389.9474496,11,557,386,36.91576345,25.5825578,-0.330553733,0,6.604470188,0,14,565,318,37.4459719,21.07578596,24.81597871,3.31610976,-6.360348912,145.4039101
279,9382.3,,,,,,,,,,16,130,396,8.615887341,26.24531836,0,0,0,0,14,495,577,32.80664795,38.24128458,-67.46886472,-21.19805356,144.213872,-383.4156419,11,558,386,36.98203951,25.5825578,0,-0.351313926,0,7.019259256,14,579,321,38.3738367,21.27461413,24.4356641,7.489700038,-64.90535831,141.3879364
280,9418.3,,,,,,,,,,16,130,396,8.615887341,26.24531836,0.330552411,0,-6.624296811,0,15,462,562,30.61953809,37.24714374,-61.30942781,-34.53468253,177.2829093,-359.2851323,11,557,386,36.91576345,25.5825578,0,0,0,0,14,591,327,39.16914937,21.67227047,21.87019657,11.95163397,-78.9539184,106.5064796
281,9450,,,,,,,,,,16,129,396,8.549611284,26.24531836,-0.331544569,0,6.604473479,0,14,431,542,28.56498034,35.92162261,-53.91712663,-45.23563801,245.6087911,-334.973106,11,557,386,36.91576345,25.5825578,0,0,0,0,14,602,334,39.89818599,22.13620286,19.51760515,15.52126489,-99.50126079,98.45533322
282,9482.4,,,,,,,,,,16,130,396,8.615887341,26.24531836,-0.332043706,0,-6.634239887,0,14,404,516,26.77552681,34.19844514,-44.37323411,-55.37044209,317.2372891,-299.3493636,11,558,386,36.98203951,25.5825578,0,0,0,0,14,611,343,40.4946705,22.73268737,15.89568119,18.56528606,-105.723671,79.90249358
283,9518.1,,,,,,,,,,16,130,396,8.615887341,26.24531836,-0.331545889,0,-6.644206196,0,15,383,483,25.38372963,32.01133527,-33.87019622,-62.71468858,372.6014912,-205.4444479,11,557,386,36.91576345,25.5825578,0,0,0,0,14,618,353,40.9586029,23.39544793,12.28514624,20.90467461,-113.1312584,72.9131726
284,9550.4,,,,,,,,,,15,129,396,8.549611284,26.24531836,0.334041971,0,6.654222537,0,14,368,448,24.38958878,29.6916733,-21.0446495,-68.31424218,409.2214306,-124.7600449,11,557,386,36.91576345,25.5825578,0,0,0,0,14,624,365,41.35625924,24.19076061,7.900359587,22.5504868,-131.9179735,41.56900772
285,9582.3,,,,,,,,,,16,129,396,8.549611284,26.24531836,0.00133084,0,13.30840499,0,14,361,410,23.92565639,27.17318315,-7.927824853,-71.05896894,412.4005337,-14.73525803,11,558,386,36.98203951,25.5825578,-0.332710458,0,-6.660870032,0,14,627,377,41.55508741,24.98607329,3.638521591,23.90990441,-139.6649095,27.09687268
286,9618,,,,,,,,,,16,129,396,8.549611284,26.24531836,-0.007874469,0,13.12411451,0,14,360,373,23.85938033,24.72096906,5.357791447,-70.26540335,412.7436073,54.27898704,11,557,386,36.91576345,25.5825578,0.325817896,0.325817896,6.522880796,6.522880796,14,628,390,41.62136346,25.84766202,-0.572891104,24.40187963,-144.2869067,-2.899058131
287,9650,,,,,,,,,,16,130,396,8.615887341,26.24531836,0.333710259,0,-6.66088342,0,14,367,336,24.32331272,22.26875497,18.79038005,-68.04003868,390.6787611,130.2661392,11,557,386,36.91576345,25.5825578,0.329725695,0.329725695,6.620997891,6.620997891,14,626,402,41.48881135,26.6429747,-5.597367686,24.21740462,-139.1207268,-8.096762481
288,9682,,,,,,,,,,16,130,396,8.615887341,26.24531836,0.333208774,0,-6.650873729,0,14,380,302,25.18490146,20.01536905,30.74294761,-63.03766155,363.3421436,175.6441323,11,557,386,36.91576345,25.5825578,-0.00331714,0,13.26855946,0,14,622,415,41.22370712,27.50456343,-9.913334717,22.88857406,-132.1877748,-47.58494387
289,9719.1,,,,,,,,,,16,130,396,8.615887341,26.24531836,0.324003465,0,-6.558774587,0,14,400,270,26.51042259,17.89453525,42.47612684,-55.76379622,321.5459157,232.5975141,11,558,387,36.98203951,25.64883385,-0.015260768,-0.015260768,-13.2702332,-13.2702332,14,616,427,40.82605078,28.29987611,-14.06596856,20.46973401,-122.6384633,-74.88819445
290,9750.2,,,,,,,,,,16,130,396,8.615887341,26.24531836,-0.33270846,0,-6.640887422,0,14,425,243,28.167324,16.10508172,51.74875867,-47.33076184,267.1731075,283.09268,11,558,387,36.98203951,25.64883385,-0.002651053,-0.002651053,-13.25526431,-13.25526431,14,607,438,40.22956628,29.02891273,-17.58317837,17.87081893,-100.1170114,-118.5815946
291,9782.2,,,,,,,,,,16,130,396,8.615887341,26.24531836,0,0,0,0,14,454,220,30.08932964,14.58073242,59.27843557,-36.71148202,206.2284744,349.828513,11,558,386,36.98203951,25.5825578,0.330388456,0,-6.607769124,0,14,597,446,39.56680571,29.55912119,-20.20131934,14.22257812,-73.16121974,-125.3890269
292,9817.9,,,,,,,,,,16,130,396,8.615887341,26.24531836,0,0,0,0,14,487,204,32.2764395,13.52031552,65.66814631,-25.22155547,147.9281628,385.6664687,11,557,386,36.91576345,25.5825578,-0.337093992,-0.337093992,6.755390616,6.755390616,14,586,452,38.83776909,29.95677752,-22.66697269,10.40958447,-51.47093211,-128.7585574
293,9850,,,,,,,,,,16,129,396,8.549611284,26.24531836,0,0,13.30839163,0,14,523,193,34.66237753,12.7912789,68.73318481,-12.28564173,73.19615395,419.2143362,11,557,386,36.91576345,25.5825578,0,-0.332044371,13.30839163,6.654195813,14,573,456,37.97618036,30.22188175,-23.57515035,5.644754308,-19.96258744,-126.4297205
294,9882.2,,,,,,,,,,16,130,396,8.615887341,26.24531836,0,0,0,0,14,559,191,37.04831557,12.65872679,69.52047772,0.622413526,-1.387631516,396.849398,11,558,386,36.98203951,25.5825578,0,0,0,0,14,561,458,37.18086768,30.35443386,-24.16598082,1.667816786,-6.132009747,-125.7061998
295,9917.7,,,,,,,,,,16,130,396,8.615887341,26.24531836,-0.328579292,0,-6.584755351,0,14,597,195,39.56680571,12.92383101,68.19613847,13.10154224,-97.26699739,382.3314813,11,557,386,36.91576345,25.5825578,0.328579292,0,6.584755351,0,14,548,458,36.31927894,30.35443386,-24.16205708,-2.600881374,21.50932109,-131.972221
296,9949.8,,,,,,,,,,16,130,396,8.615887341,26.24531836,0.003310512,0,-13.2420487,0,14,632,206,41.88646769,13.65286763,64.2961755,25.74899395,-162.1141764,343.0028116,11,558,386,36.98203951,25.5825578,0.332874067,0,-6.637568637,0,13,536,455,35.52396627,30.15560569,-22.86237424,-6.924145167,34.24667767,-125.4520326
297,9982.4,,,,,,,,,,16,130,396,8.615887341,26.24531836,-0.33270846,0,-6.640887422,0,14,664,222,44.0073015,14.71328454,58.27832838,36.51574794,-223.0065668,319.5844226,11,558,386,36.98203951,25.5825578,-0.33270846,0,-6.640887422,0,14,524,451,34.72865359,29.89050147,-21.52796093,-11.29353026,58.78709724,-133.0033221
298,10018.2,,,,,,,,,,16,129,396,8.549611284,26.24531836,-0.331850513,0,6.519656435,0,14,693,244,45.92930713,16.17135778,49.6462484,45.0458629,-271.8850439,253.3763925,11,558,386,36.98203951,25.5825578,0.008421436,0,-12.95605596,0,13,513,444,33.99961697,29.42656907,-19.05363669,-15.31906669,80.15078614,-121.1259943
299,10050.1,,,,,,,,,,16,129,396,8.549611284,26.24531836,-0.028373111,0,12.61027156,0,14,717,271,47.51993249,17.9608113,40.4512986,51.63590303,-313.3569481,173.1868013,11,558,386,36.98203951,25.5825578,-0.309264912,0,-6.166797845,0,14,504,435,33.40313246,28.83008456,-15.75265532,-18.1955622,107.5223935,-99.30204585
300,10082.2,,,,,,,,,,16,129,396,8.549611284,26.24531836,-0.000664753,0,13.29506991,0,14,735,301,48.7129015,19.949093,30.5494193,60.06232147,-332.6829938,152.2907983,11,557,386,36.91576345,25.5825578,-0.000664753,0,13.29506991,0,14,496,424,32.87292401,28.10104794,-12.285811,-21.89997703,126.4263283,-79.55072128
301,10120,,,,,,,,,,16,129,396,8.549611284,26.24531836,0.345098984,0,6.779940746,0,14,748,333,49.57449024,22.0699268,18.24420216,64.98606272,-345.0510315,138.3760598,11,557,386,36.91576345,25.5825578,-0.319163713,0,6.520198418,0,14,490,411,32.47526767,27.23945921,-7.340765389,-23.99126289,149.9645636,-49.25114127
302,10154.9,,,,,,,,,,16,130,396,8.615887341,26.24531836,0.301686274,0,-6.311428333,0,14,755,367,50.03842263,24.32331272,4.938262226,67.39168884,-364.3727537,127.4961339,11,557,386,36.91576345,25.5825578,0.06085907,0,13.23023261,0,14,488,398,32.34271556,26.37787047,-2.651708323,-24.93911524,142.495679,-29.39171437
303,10182.1,,,,,,,,,,16,130,396,8.615887341,26.24531836,0.001986299,0,-13.24199578,0,14,756,403,50.10469869,26.70925076,-5.241855942,67.23787444,-383.8590531,-8.636084206,11,558,386,36.98203951,25.5825578,0.001986299,0,-13.24199578,0,14,487,385,32.2764395,25.51628174,1.303015363,-24.84419175,145.6222475,20.60748369
304,10217.9,,,,,,,,,,16,130,396,8.615887341,26.24531836,0.017513835,0,-13.47218076,0,14,750,439,49.70704235,29.09518879,-17.21173119,66.61316486,-379.2785568,-105.1359752,11,557,386,36.91576345,25.5825578,0,0,0,0,14,490,372,32.47526767,24.65469301,5.8573898,-24.43800931,119.6606701,40.12455451
305,10250.5,,,,,,,,,,16,130,396,8.615887341,26.24531836,0,0,0,0,14,737,473,48.84545362,31.34857471,-29.15058194,63.37760111,-348.7829819,-211.4728645,11,558,386,36.98203951,25.5825578,0.18811132,0,-10.56805166,0,14,494,360,32.7403719,23.85938033,9.858814245,-22.90507961,119.2307345,71.94476087
306,10282.3,,,,,,,,,,16,129,396,8.549611284,26.24531836,-0.380725887,0,5.603029981,0,14,719,504,47.6524846,33.40313246,-38.71637501,54.59703176,-284.2950201,-243.676145,11,557,386,36.91576345,25.5825578,-0.380725887,0,5.603029981,0,14,500,349,33.13802823,23.13034371,13.22826584,-19.70828319,92.40670418,81.90566123
307,10318.4,,,,,,,,,,16,129,396,8.549611284,26.24531836,-0.159266596,0,9.954162241,0,14,695,532,46.06185925,35.25886204,-48.88917362,46.74280204,-251.1183075,-290.2941306,11,557,386,36.91576345,25.5825578,0,0,0,0,14,508,338,33.66823669,22.40130709,16.4590524,-17.06556741,91.31769008,106.5907073
308,10381.7,,,,,,,,,,16,130,396,8.615887341,26.24531836,-0.369196939,0,-5.62800212,0,14,634,571,42.0190198,37.84362824,-61.80461543,26.36882729,-148.9919189,-352.6852731,11,557,386,36.91576345,25.5825578,0.149102377,0,9.973403148,0,14,529,324,35.06003387,21.4734423,21.73279336,-10.13858587,61.77504461,122.6664243
309,10418.2,,,,,,,,,,16,129,396,8.549611284,26.24531836,0,0,0,0,14,600,582,39.76563388,38.57266486,-64.40019564,13.32757267,-93.68615173,-363.6742463,11,557,386,36.91576345,25.5825578,0,0,0,0,14,540,320,35.78907049,21.20833807,22.9127912,-5.162010986,50.1175837,132.1675132
310,10450.9,,,,,,,,,,16,130,396,8.615887341,26.24531836,-0.004571485,0,-7.6191417,0,14,564,587,37.37969585,38.90404515,-66.58715226,2.030357574,-16.0209928,-384.6106916,11,557,386,36.91576345,25.5825578,0.253532139,0,3.826900209,0,14,553,318,36.65065923,21.07578596,23.62630423,-0.922698855,16.86724319,137.0752332
311,10483,,,,,,,,,,16,129,396,8.549611284,26.24531836,-0.256439781,0,7.85420464,0,14,528,584,34.99375782,38.70521698,-64.93915046,-9.903633274,87.10573873,-363.4541259,11,558,386,36.98203951,25.5825578,0.256439781,0,-7.85420464,0,14,567,318,37.57852402,21.07578596,23.282911,2.974094413,-31.1705501,136.2216366
312,10549.7,,,,,,,,,,16,129,396,8.549611284,26.24531836,0,0,0,0,14,460,561,30.48698598,37.18086768,-58.09881035,-33.24662074,189.5247113,-344.6785053,11,557,386,36.91576345,25.5825578,0,0,0,0,14,592,327,39.23542543,21.67227047,21.38001121,10.99906237,-73.42982688,113.6282792
313,10582.2,,,,,,,,,,16,129,396,8.549611284,26.24531836,-0.017444193,0,7.423060847,0,14,430,541,28.49870428,35.85534655,-50.93117576,-42.69351383,254.4974056,-296.6363975,11,558,386,36.98203951,25.5825578,0.256821798,0,-3.776791153,0,14,602,334,39.89818599,22.13620286,18.56870826,14.40238581,-93.90602415,96.3609384
314,10649.6,,,,,,,,,,16,130,396,8.615887341,26.24531836,0.149590534,0,-2.979891124,0,15,383,483,25.38372963,32.01133527,-31.16421602,-59.59332058,318.3556591,-233.0607277,11,557,386,36.91576345,25.5825578,-0.149590534,0,2.979891124,0,14,619,354,41.02487895,23.46172399,11.48576417,20.21348477,-110.4518608,70.73382994
315,10682.1,,,,,,,,,,16,129,396,8.549611284,26.24531836,0.378120259,0,5.711786386,0,14,369,449,24.45586484,29.75794935,-20.72399581,-65.7035485,375.0495264,-145.6074124,11,557,386,36.91576345,25.5825578,0.378120259,0,5.711786386,0,14,625,364,41.42253529,24.12448455,7.860174102,22.33358627,-130.7973198,57.588094
316,10718.2,,,,,,,,,,16,130,396,8.615887341,26.24531836,-0.177430885,0,-9.775806311,0,14,361,412,23.92565639,27.30573527,-7.319167545,-68.01670929,386.8556564,-75.7635358,11,558,386,36.98203951,25.5825578,-0.383566639,0,-5.640685865,0,14,627,377,41.55508741,24.98607329,3.235560662,23.05580307,-131.5814405,30.8951978
317,10750,,,,,,,,,,16,130,396,8.615887341,26.24531836,-0.324224101,0,-6.45864743,0,14,360,375,23.85938033,24.85352118,4.359813454,-68.92910415,389.2943306,47.08894341,11,557,386,36.91576345,25.5825578,0,0,0,0,14,628,390,41.62136346,25.84766202,-0.578277957,23.62481625,-129.8677035,-2.779019611
318,10782,,,,,,,,,,16,130,396,8.615887341,26.24531836,0.332209314,0,-6.630924425,0,14,366,339,24.25703667,22.46758314,17.49586086,-67.25376483,390.1127693,114.5720505,11,558,386,36.98203951,25.5825578,0.332209314,0,-6.630924425,0,14,627,402,41.55508741,26.6429747,-5.27959563,24.18175942,-132.2611333,-20.58763062
319,10817.9,,,,,,,,,,16,129,396,8.549611284,26.24531836,-0.33287673,0,6.657534594,0,14,379,304,25.1186254,20.14792117,29.1535537,-62.75216649,344.7937166,181.3712149,11,557,386,36.91576345,25.5825578,-0.001994264,0,13.29509658,0,15,622,414,41.22370712,27.43828738,-9.605562813,22.57379542,-126.0138148,-40.56435828
320,10851.6,,,,,,,,,,16,129,396,8.549611284,26.24531836,0.020529975,0,13.24514498,0,14,397,273,26.31159442,18.09336342,40.57867244,-55.64288122,323.6753346,214.4508781,11,557,386,36.91576345,25.5825578,0,0,0,0,14,617,426,40.89232684,28.23360006,-13.43971788,20.10088101,-123.3102478,-66.58978438
321,10882.2,,,,,,,,,,16,130,396,8.615887341,26.24531836,-0.33121451,0,-6.61106806,0,14,422,246,27.96849583,16.30390989,49.64517296,-47.63343716,251.5900671,277.0512564,11,558,386,36.98203951,25.5825578,0,0.33121451,0,6.61106806,14,609,437,40.36211839,28.96263668,-16.88004602,17.86245634,-99.2847826,-105.5461634
322,10917.9,,,,,,,,,,16,129,396,8.549611284,26.24531836,0.331877933,0,6.637558666,0,14,449,223,29.75794935,14.77956059,57.36844278,-37.44846912,219.5040651,324.7027324,11,558,386,36.98203951,25.5825578,0.331214509,0.331877933,-6.630921107,6.637558666,14,598,445,39.63308177,29.49284513,-19.56487589,14.58206292,-73.17244674,-119.2702917
323,10950.1,,,,,,,,,,15,130,396,8.615887341,26.24531836,0.014699875,0,-13.36352264,0,14,481,206,31.87878316,13.65286763,63.71972327,-27.02028069,146.1937176,366.7186756,11,557,386,36.91576345,25.5825578,0.325442363,0,6.60796677,0,14,588,451,38.9703212,29.89050147,-21.90549236,11.10709487,-48.5836501,-116.0251627
324,10982.3,,,,,,,,,,16,129,396,8.549611284,26.24531836,-0.331379622,0,6.607769124,0,14,516,195,34.19844514,12.92383101,66.79609804,-14.25988562,91.08575863,389.7529702,11,558,387,36.98203951,25.64883385,0,0.001320236,0,-13.20236224,14,576,456,38.17500853,30.22188175,-23.14772477,6.626272195,-25.94356412,-118.9530202
325,11017.8,,,,,,,,,,16,130,396,8.615887341,26.24531836,0.001325522,0,-13.25522455,0,14,552,191,36.58438317,12.65872679,68.92591106,-2.026725822,11.8766812,384.4412776,11,558,387,36.98203951,25.64883385,-0.330718184,0.001325522,-6.620984662,-13.25522455,14,563,458,37.31341979,30.35443386,-23.52738434,2.332259079,-6.157051803,-125.9710265
326,11050.8,,,,,,,,,,16,129,396,8.549611284,26.24531836,0.009951918,0,13.26922359,0,14,589,193,39.03659726,12.7912789,67.91986017,10.89927421,-62.77491122,386.4005876,11,558,386,36.98203951,25.5825578,0.326607435,0.336559353,-6.584827316,6.684396278,13,551,459,36.51810711,30.42070992,-23.86405243,-2.098971457,9.684740982,-146.2601664
327,11082.6,,,,,,,,,,16,129,396,8.549611284,26.24531836,0,0,0,0,14,624,203,41.35625924,13.45403946,64.27042792,22.6664293,-141.4480743,346.564376,11,558,386,36.98203951,25.5825578,0,-0.329232175,0,6.611087844,13,539,457,35.72279444,30.28815781,-23.19950501,-6.348291792,24.91105691,-139.7621141
328,11117.9,,,,,,,,,,16,129,396,8.549611284,26.24531836,0.000662098,0,13.24196932,0,14,657,217,43.5433691,14.38190425,58.94564802,33.4689203,-211.282536,324.7624411,11,557,386,36.91576345,25.5825578,-0.330883791,-0.330883791,6.617675824,6.617675824,14,527,452,34.92748176,29.95677752,-21.52664728,-10.27394999,46.13181817,-125.9012826
329,11150,,,,,,,,,,16,130,396,8.615887341,26.24531836,0.004681419,0,-13.37548364,0,14,686,238,45.46537474,15.77370144,51.68868958,43.18161192,-264.4664312,264.4529953,11,558,387,36.98203951,25.64883385,0,0.335227174,0,-6.711254726,14,516,445,34.19844514,29.49284513,-19.66604918,-14.60955306,74.9524214,-105.9693013
330,11182.2,,,,,,,,,,16,129,396,8.549611284,26.24531836,0,0,0,0,14,710,263,47.05600009,17.43060285,42.90544325,50.83184381,-287.5676821,219.0061966,11,558,386,36.98203951,25.5825578,-0.331711328,0,-6.660870032,0,14,506,437,33.53568457,28.96263668,-16.96128359,-18.27079325,100.3544334,-99.64554566
331,11217.9,,,,,,,,,,16,130,396,8.615887341,26.24531836,0.346407073,0,-6.32706983,0,14,730,292,48.38152122,19.35260849,32.7993061,54.58235301,-311.6443025,97.50621313,11,557,386,36.91576345,25.5825578,0.288907298,0,5.778145963,0,14,498,427,33.00547612,28.29987611,-13.2237854,-19.34974686,119.9254195,-55.6146549
332,11249.9,,,,,,,,,,16,129,396,8.549611284,26.24531836,-0.332374756,0,6.627612274,0,14,744,323,49.30938601,21.40716624,21.9155678,62.2139409,-331.592063,116.5746119,11,558,387,36.98203951,25.64883385,-0.329728997,-0.329728997,-6.601181119,-6.601181119,14,492,415,32.60781978,27.50456343,-8.966181124,-22.83067355,139.2591512,-58.6176954
333,11282,,,,,,,,,,16,129,396,8.549611284,26.24531836,0,0,0,0,14,753,356,49.90587052,23.5942761,11.0058897,65.26785709,-351.7019281,70.29266666,11,557,386,36.91576345,25.5825578,-0.002651053,0,13.25526431,0,14,488,402,32.34271556,26.6429747,-4.668522649,-24.18697756,145.9934812,-18.91526218
334,11327.4,,,,,,,,,,16,130,396,8.615887341,26.24531836,-0.398390687,0,,,,,,,,,,,,,,,,,,,,,,,,,,,,,
