frame_no,timestamp,position_px_x-darkorange,position_px_y-darkorange,rx-green,ry-green,vx-green,vy-green,ax-green,ay-green,position_px_x-hotpink,position_px_y-hotpink,position_px_x-yellowneon,position_px_y-yellowneon
63,2114.3,383.0,868.0,12.69885557590468,21.50612637854825,8.534299794512325,7.886880081956217,47.25834434643057,-35.02070321217981,1023.0,859.0,114.0,344.0
64,2149.2,383.0,868.0,12.971949244203705,21.64267321269776,10.542770946470323,8.436294237959341,75.53093995479,-5.028347940303037,1023.0,859.0,113.0,344.0
65,2178.6,383.0,868.0,13.313316329577487,21.84749346392203,13.005875595441292,8.552172122034397,96.26131092941048,34.49660829117484,1023.0,859.0,113.0,344.0
66,2214.5,383.0,868.0,13.79123024910078,22.12058713222105,16.07810832118033,9.23701443932026,103.316676145945,61.96949278032438,1023.0,859.0,113.0,345.0
67,2249.3,382.0,869.0,14.405691002773588,22.46195421759484,19.528981881908877,11.15941821823363,104.01373407994558,59.43641947425471,1023.0,859.0,113.0,344.0
68,2278.3,382.0,869.0,15.088425173521152,22.871594720043376,22.376268448568077,12.883593431887212,91.71046145026372,52.39248518631378,1024.0,859.0,113.0,345.0
69,2314.2,383.0,869.0,15.907706178418229,23.349508639566668,25.811141750638505,14.607422908562713,91.92973166665664,45.76187069495073,1023.0,859.0,113.0,345.0
70,2346.5,382.0,868.0,16.795260600390062,23.827422559089964,29.30152719946708,16.368796440826955,97.06744529368052,47.75243284248057,1023.0,859.0,113.0,344.0
71,2379.4,383.0,868.0,17.819361856511406,24.441883312762773,32.83152043728287,18.461263103667896,115.11944930571651,57.94717202003016,1023.0,859.0,113.0,344.0
72,2415.1,382.0,868.0,18.980009946782264,25.056344066435575,35.753311013129206,19.748480385785992,105.14002576626092,56.1421427287019,1023.0,859.0,113.0,344.0
73,2448.2,383.0,869.0,20.277204871202635,25.739078237183143,39.43083991753864,22.30617794354461,102.13241150222072,69.01023191106256,1023.0,859.0,113.0,345.0
74,2478.6,382.0,869.0,21.64267321269776,26.55835924208022,42.80784821394357,23.970412868344937,86.0161913527658,53.12439581620074,1024.0,859.0,113.0,345.0
75,2515.0,382.0,869.0,23.07641497126765,27.309366829902537,45.146006743465605,25.258954564910297,82.90193079703052,54.17766065717012,1023.0,859.0,113.0,345.0
76,2546.5,383.0,869.0,24.64670356398704,28.26519466894913,48.814224786067314,28.188994899138574,88.78081064485269,50.68085569003509,1024.0,859.0,114.0,345.0
77,2578.6,383.0,869.0,26.35353899085595,29.22102250799572,51.91856375971979,29.03312410702709,96.1981195627585,48.12982895744218,1023.0,859.0,113.0,345.0
78,2617.3,383.0,868.0,28.12864783479961,30.176850347042304,55.46822424913327,31.34526321395657,118.90095298923808,64.81175574647146,1024.0,859.0,113.0,345.0
79,2646.5,382.0,869.0,29.972030095818035,31.33749843731316,58.10018885562604,32.808214593943724,96.9384707463216,41.70353820606789,1024.0,859.0,113.0,345.0
80,2678.5,382.0,869.0,32.020232608060724,32.361599693434506,60.720970772420245,34.111617456585854,80.02624505586878,53.5417095722628,1023.0,859.0,113.0,345.0
81,2714.3,383.0,868.0,34.06843512030341,33.52224778370537,64.39932786010102,36.35215242899895,65.24551321628272,38.42307342966001,1023.0,859.0,113.0,345.0
82,2746.3,383.0,868.0,36.25318446669562,34.819442708125734,66.30935930403477,36.873928980263365,67.57396308952428,39.77370400474628,1023.0,859.0,113.0,344.0
83,2778.7,383.0,869.0,38.50620723016258,36.04836421547135,67.19179652621357,37.89597654482839,49.131953622641085,21.99439997349662,1023.0,859.0,113.0,345.0
84,2814.2,382.0,868.0,40.827503410704296,37.34555913989172,72.61868938018806,40.572885839631525,99.30626896764272,46.0760939503717,1023.0,859.0,113.0,345.0
85,2848.1,382.0,869.0,43.35361984247028,38.77930089846161,75.3824967544751,42.303248905645226,110.68021078946116,66.8926992444066,1023.0,859.0,113.0,345.0
86,2885.3,383.0,869.0,45.94800969131102,40.21304265703149,80.35968252206912,45.64816596538857,197.9203164684568,123.45005444601846,1023.0,860.0,113.0,345.0
87,2914.5,383.0,868.0,48.61067295722652,41.64678441560137,82.20565219278797,46.05115030397437,91.85949000742993,63.16148260681344,1023.0,859.0,114.0,344.0
88,2946.9,383.0,869.0,51.34160964021677,43.28534642539552,85.79065017271506,48.57936733555953,100.01115395223847,60.15423253523506,1023.0,859.0,113.0,344.0
89,2978.3,383.0,869.0,54.27736657443129,44.99218185226443,90.86391522871284,51.65430795604605,27.97716109377328,5.714289439088848,1023.0,859.0,113.0,345.0
91,3046.2,382.0,869.0,60.35370069408461,48.40585270600225,91.41397037773906,43.88832094144281,13.248064678657546,-154.63653654564274,1023.0,859.0,113.0,344.0
102,3414.3,383.0,869.0,72.91600943583978,53.731179237833246,0.0034034536857855,0.3418770076948187,68.06907371546117,20.42412047079033,1023.0,859.0,113.0,345.0
103,3446.5,382.0,869.0,72.98428285291453,53.731179237833246,1.92759227970625,1.327464360937057,52.80578933787318,12.886574751798648,1023.0,860.0,113.0,344.0
104,3478.5,382.0,869.0,73.12082968706405,53.799452654908,3.755037939111574,1.0241012561213485,34.13670853737897,-6.827341707475653,1023.0,859.0,113.0,345.0
105,3514.4,382.0,869.0,73.25737652121356,53.86772607198276,5.802730360901734,0.6817112629974388,47.80159376138102,-13.634225259948774,1023.0,859.0,113.0,345.0
106,3549.4,382.0,869.0,73.46219677243782,53.93599948905752,9.49992128630468,0.9658650690142996,94.37261701000676,-19.914743691016486,1023.0,859.0,113.0,345.0
138,4610.8,,,19.321377032156047,60.28542727700985,2.93856065808618,-0.8392029943676188,-56.40231589416862,41.25975555693864,1024.0,859.0,113.0,345.0
178,5949.0,382.0,869.0,8.670723968494055,18.84346311263275,12.941076931960822,9.816876425335831,-7.16532879555365,-29.15171791346938,1022.0,859.0,113.0,343.0
180,6016.8,383.0,869.0,9.421731556316375,19.45792386630556,12.804467214383838,8.904562468302888,53.35008488988106,-10.29087931886007,1023.0,859.0,113.0,344.0
181,6046.6,382.0,869.0,9.89964547583967,19.662744117529822,14.802693650292696,8.969206629682823,45.31321236792801,11.781435215661835,1022.0,859.0,112.0,344.0
182,6079.1,382.0,869.0,10.377559395362963,19.93583778582885,16.763712301121963,9.237273122688336,63.01653416960156,35.00234791820641,1023.0,859.0,113.0,344.0
183,6114.3,382.0,869.0,10.923746731961016,20.277204871202635,18.85858272636432,10.286499668925986,70.83689997125701,38.6383090752313,1022.0,859.0,113.0,344.0
184,6146.6,383.0,869.0,11.60648090270858,20.618571956576417,20.46838919288888,11.598640200617272,68.00069848399558,40.80723620302712,1022.0,859.0,113.0,343.0
185,6178.6,382.0,868.0,12.357488490530898,21.028212459024957,23.284284991234014,13.011381661525082,68.05025357134417,40.859130249366366,1022.0,859.0,112.0,343.0
186,6214.8,382.0,868.0,13.176769495427974,21.50612637854825,25.962675155077054,14.349248041633423,70.5380737344691,42.21240480949386,1022.0,859.0,112.0,344.0
187,6246.7,382.0,869.0,13.996050500325053,21.984040298071545,28.398643620079675,16.08054085298147,90.44594341791937,48.7412283796747,1023.0,859.0,112.0,343.0
188,6278.4,382.0,869.0,15.020151756446396,22.530227634669597,30.706897783284216,17.40030231576706,80.69950178036451,47.09519147893044,1022.0,859.0,113.0,344.0
189,6314.4,382.0,869.0,16.112526429642497,23.1446883883424,33.69808902829382,19.05912500280991,84.79152211325808,52.363437784412,1022.0,859.0,113.0,344.0
190,6346.3,383.0,869.0,17.273174519913354,23.827422559089964,36.88058750566042,20.83024613036493,79.87421492707493,46.63437959991257,1022.0,859.0,112.0,344.0
191,6378.6,382.0,869.0,18.50209602725897,24.51015672983753,39.98605726880946,22.555448870195484,104.51326240177454,55.80194533600738,1022.0,859.0,112.0,344.0
192,6415.1,382.0,869.0,19.93583778582885,25.329437734734604,42.79022905269783,24.30274840676269,95.78722713011686,51.78002604781713,1023.0,859.0,113.0,344.0
193,6446.5,382.0,869.0,21.369579544398736,26.14871873963168,45.70712236068791,25.58177510038559,96.30412549263563,48.20651800529028,1023.0,859.0,113.0,344.0
194,6478.3,382.0,868.0,23.00814155419289,27.03627316160351,48.849698967949166,27.328713412803744,73.29299033924293,39.95060316165096,1022.0,859.0,113.0,344.0
195,6514.2,383.0,869.0,24.64670356398704,27.992101000650106,51.65170340813111,29.07677224762684,83.05181132464256,44.56757921684841,1022.0,859.0,112.0,344.0
196,6546.5,382.0,868.0,26.421812407930705,28.94792883969669,54.86475678462725,30.329155186186814,86.84856298615128,46.74108371073412,1023.0,859.0,112.0,345.0
197,6578.4,383.0,869.0,28.26519466894913,29.972030095818035,57.19264382633043,32.00047611675193,93.3992146234209,53.391309005146894,1023.0,859.0,112.0,345.0
198,6614.5,382.0,869.0,30.24512376411706,31.13267818608889,60.379810139311815,33.428997126000866,90.98820325523197,42.2165659152358,1022.0,859.0,113.0,344.0
199,6646.8,383.0,869.0,32.361599693434506,32.22505285928499,62.99918991322404,35.41637772427646,75.3534934165762,54.69904665994659,1022.0,859.0,112.0,344.0
200,6678.8,382.0,869.0,34.47807562275195,33.45397436663061,66.26010556783164,37.22931987583807,87.22751329492894,50.76892523959618,1022.0,859.0,112.0,344.0
201,6714.4,382.0,869.0,36.73109838621891,34.68289587397622,68.4941508707667,38.50186997632718,71.46106063775946,59.34245010731348,1023.0,859.0,112.0,345.0
202,6747.0,382.0,869.0,39.05239456676063,36.04836421547135,71.78887356347337,40.33467890308234,100.08929401355044,43.47063754775586,1023.0,859.0,113.0,344.0
203,6778.4,382.0,869.0,41.510237581451854,37.41383255696648,74.89198941954388,42.06303735819999,86.10348774346994,46.29367480783236,1023.0,859.0,113.0,344.0
204,6814.8,382.0,869.0,43.96808059614309,38.84757431553636,77.83289848460238,43.68854255494117,114.56976832310932,43.97772078141092,1023.0,859.0,113.0,345.0
205,6846.6,382.0,869.0,46.699017279133336,40.28131607410624,81.00429769406932,45.4551896798085,84.95938330765242,59.35086399292956,1022.0,859.0,113.0,344.0
206,6878.4,383.0,869.0,49.42995396212359,41.85160466682564,84.02313813235473,47.13498115358349,96.51948651274708,55.145201099837536,1023.0,859.0,112.0,344.0
207,6914.5,382.0,869.0,52.29743747926336,43.42189325954504,87.55705420870427,48.90724880127584,80.49855111724979,60.71046871376805,1022.0,859.0,113.0,344.0
208,6946.7,382.0,869.0,55.23319441347788,45.12872868641394,90.23099972185048,50.92459592744744,99.3903075571064,49.927982113742864,1023.0,859.0,113.0,345.0
209,6978.3,382.0,868.0,58.30549818184192,46.83556411328285,92.21184972707393,49.52335536870992,67.41868355170028,-7.329901497707016,1023.0,859.0,113.0,344.0
210,7014.4,382.0,869.0,61.44607536728071,48.61067295722652,94.45694021893324,45.36494210643903,57.63730494339103,-131.627519661452,1023.0,859.0,113.0,344.0
294,9814.4,382.0,869.0,9.216911305092106,19.321377032156047,14.717141769805089,7.87199143380321,89.40696586119294,48.14115569801783,1022.0,859.0,112.0,344.0
295,9847.2,382.0,869.0,9.763098641690156,19.59447070045507,16.80013727303836,9.25632670588672,91.43761215369528,49.26925099320989,1021.0,859.0,112.0,343.0
296,9878.4,382.0,869.0,10.44583281243772,20.00411120290361,19.37128969211638,10.87975826766682,58.63180503956491,25.764924036110425,1022.0,859.0,112.0,343.0
297,9914.1,382.0,869.0,11.128566983185284,20.34547828827739,21.178300816246008,11.754250321267753,40.20505111856365,29.737658493847977,1022.0,859.0,112.0,343.0
298,9946.4,382.0,869.0,11.879574571007604,20.755118790725927,23.263375431731696,12.997899350101124,38.8696087877039,26.165681349823284,1022.0,859.0,112.0,343.0
299,9979.3,382.0,869.0,12.69885557590468,21.233032710249223,24.87554426268536,13.975547084975569,50.471357905310974,35.59858076683814,1022.0,859.0,112.0,343.0
300,10016.9,382.0,869.0,13.518136580801755,21.71094662977252,26.42602753959572,14.901342023019724,61.89079953026429,31.48980652078225,1021.0,859.0,112.0,344.0
301,10046.6,382.0,869.0,14.405691002773588,22.18886054929581,28.67086456484491,16.383643488546262,69.06430604489456,41.41404197243459,1022.0,859.0,112.0,344.0
302,10079.0,382.0,869.0,15.429792258894931,22.80332130296862,30.834399212031364,17.472597040587395,69.0643481999242,34.552872705815936,1022.0,859.0,112.0,343.0
303,10116.4,382.0,869.0,16.45389351501628,23.349508639566668,33.59338675059178,18.700823395662752,82.17672229880218,44.88167835646457,1021.0,859.0,112.0,344.0
304,10146.5,382.0,869.0,17.614541605287137,24.032242810314237,35.857733853548126,20.14903494523635,74.81696099621117,33.969170373713474,1021.0,859.0,112.0,344.0
305,10178.6,382.0,868.0,18.84346311263275,24.714976981061795,38.31675832759591,21.21172430207653,81.18382681141176,40.53000403091349,1022.0,859.0,112.0,344.0
306,10214.4,382.0,869.0,20.14065803705312,25.39771115180936,41.35113634893477,23.08583302297107,76.14469807554461,44.608314037582666,1022.0,859.0,112.0,344.0
307,10246.5,382.0,869.0,21.574399795623005,26.21699215670644,43.03720826828248,23.909712019621,68.7725272984757,41.244371113979554,1022.0,859.0,112.0,344.0
308,10278.5,382.0,869.0,23.07641497126765,27.03627316160351,45.473131741417134,25.301180036222583,62.08691220402859,41.34098163767647,1022.0,859.0,112.0,344.0
309,10314.2,382.0,869.0,24.64670356398704,27.923827583575346,48.06714099134511,26.931322007800635,58.44457331544269,32.45559347403114,1022.0,859.0,112.0,344.0
310,10346.4,382.0,869.0,26.21699215670644,28.811382005547177,50.20233091366172,28.34526413342721,74.67337150791622,47.55547100426322,1021.0,859.0,112.0,344.0
311,10378.3,382.0,869.0,27.923827583575346,29.767209844593765,52.55456602785309,29.689615703337044,79.82559854619184,46.60362090970816,1022.0,859.0,112.0,343.0
312,10414.6,382.0,869.0,29.767209844593765,30.791311100715117,54.960238270486165,30.722758703596003,78.86812148816455,43.07103393225142,1022.0,859.0,112.0,344.0
313,10446.4,382.0,869.0,31.610592105612188,31.88368577391121,57.2856786065952,32.39413344335483,66.99358235075346,33.42191519428926,1022.0,859.0,112.0,344.0
314,10478.5,382.0,869.0,33.590521200780124,32.976060447107315,59.752007120473536,33.45970389470968,63.83590030850657,28.647640395134268,1022.0,859.0,112.0,344.0
315,10514.3,382.0,869.0,35.63872371302281,34.06843512030341,61.87129750076443,34.86574463186081,59.76897440508159,40.0380117701529,1022.0,859.0,112.0,344.0
316,10546.6,382.0,869.0,37.6869262252655,35.29735662764903,64.15545874714161,36.173128705596326,70.12777773999278,42.0071319562391,1022.0,859.0,112.0,344.0
317,10578.3,382.0,869.0,39.8716755716577,36.45800471791989,66.62582327011661,37.582569866058485,73.91592633764819,53.97492416095458,1022.0,858.0,112.0,344.0
318,10614.3,382.0,869.0,42.12469833512466,37.75519964234026,68.91763251401059,38.894372805259714,81.15772585984215,40.53455169782539,1022.0,859.0,112.0,344.0
319,10646.5,382.0,869.0,44.44599451566638,39.12066798383538,72.10055556943763,39.97992891765027,88.9332197033712,34.205084501297364,1021.0,859.0,112.0,344.0
320,10678.3,382.0,869.0,46.903837530357606,40.48613632533051,74.21298666732595,41.87547211354358,77.82734160653878,31.883120788747465,1021.0,859.0,112.0,344.0
321,10714.4,382.0,869.0,49.42995396212359,41.85160466682564,75.61565837059757,42.16557443769951,52.66896458145588,24.824122276995453,1022.0,859.0,112.0,344.0
322,10746.4,382.0,869.0,52.09261722803909,43.28534642539552,76.79340064970826,43.08400954017784,5.017632754499983,27.93867170546137,1022.0,859.0,112.0,344.0
323,10778.8,382.0,869.0,54.75528049395459,44.85563501811492,81.30240000783068,45.73028790282162,63.25551094081894,44.82963123668594,1022.0,858.0,112.0,344.0
324,10818.1,382.0,868.0,57.5544905940196,46.35765019375956,86.42372491202136,49.320257715816446,155.77976331485502,113.16398337617484,1022.0,859.0,112.0,345.0
408,13614.5,381.0,869.0,12.220941656381386,20.89166562487544,25.152676893496373,14.078869276986907,15.290781506553811,4.879624659753534,1021.0,858.0,111.0,344.0
409,13646.4,381.0,869.0,13.108496078353218,21.369579544398736,25.60253140303363,14.67878467107262,6.827341707475619,6.827341707475647,1021.0,858.0,110.0,344.0
410,13678.7,381.0,869.0,13.859503666175538,21.84749346392203,25.915306754684128,14.662105705940194,26.737532155436845,20.14844581977841,1021.0,858.0,110.0,344.0
411,13714.6,381.0,869.0,14.815331505222126,22.325407383445324,27.327251934764547,15.029783538433543,28.15727126603666,14.11966128323603,1021.0,858.0,111.0,344.0
412,13746.4,381.0,869.0,15.70288592719396,22.871594720043376,27.666288588475638,15.71143257866514,34.447802001364344,13.825616444374718,1021.0,859.0,110.0,344.0
413,13778.9,381.0,869.0,16.590440349165792,23.417782056641425,29.38287431819617,16.397439243982035,42.47539326396595,14.488950149120994,1021.0,859.0,110.0,345.0
414,13814.4,381.0,869.0,17.682815022361893,23.89569597616472,30.10050452193658,16.760508199714693,27.41893288570794,20.56419966428231,1021.0,858.0,110.0,343.0
415,13846.3,381.0,868.0,18.63864286140848,24.51015672983753,31.74242329012868,17.74839300223509,47.15649633002817,26.95437201548423,1021.0,858.0,111.0,344.0
416,13878.6,381.0,869.0,19.731017534604582,25.12461748351033,33.5357772844149,18.47865963152277,40.83259001023077,27.260706571856307,1021.0,859.0,110.0,345.0
417,13914.2,381.0,869.0,20.823392207800683,25.670804820108387,34.48625251313116,19.46261974530649,60.47180842079568,33.586332311504535,1021.0,859.0,111.0,345.0
418,13946.4,381.0,869.0,22.052313715146298,26.421812407930705,36.16889185750725,20.131625874101804,41.284434087126,20.662668381453,1021.0,859.0,111.0,344.0
419,13978.4,381.0,869.0,23.28123522249191,27.104546578678267,37.56318243330086,21.17134183755533,39.87693201153246,26.700860683305702,1021.0,858.0,111.0,344.0
420,14014.3,381.0,868.0,24.57843014691228,27.787280749425832,39.45079031842761,22.445145721551302,38.7197561205934,26.0045962847964,1020.0,858.0,111.0,344.0
421,14046.4,381.0,869.0,25.875625071332653,28.53828833724815,40.5099953015063,22.806350368854385,45.53763479285508,32.83182151359862,1021.0,859.0,111.0,344.0
422,14078.5,381.0,869.0,27.24109341282778,29.35756934214523,42.31111374567047,23.543592449682144,54.986830473374646,20.69675394460263,1021.0,858.0,111.0,345.0
423,14114.9,381.0,869.0,28.74310858847242,30.176850347042304,43.62548182462294,24.53559340401914,44.27609887334911,15.554999788122558,1021.0,859.0,111.0,344.0
424,14146.9,381.0,869.0,30.176850347042304,30.99613135193938,45.35160611246668,25.22871034518356,50.812829106853776,15.374347169568946,1021.0,859.0,111.0,344.0
425,14178.5,381.0,869.0,31.7471389397617,31.815412356836458,46.450538267925445,25.95825675347745,27.801659971724646,27.596532131303317,1021.0,858.0,111.0,344.0
426,14214.7,381.0,869.0,33.3174275324811,32.70296677880829,47.22812064666003,26.35218591535001,27.92107190895656,20.849659757585705,1021.0,858.0,111.0,344.0
428,14278.4,381.0,869.0,36.52627813499464,34.54634903982671,49.54777515435286,28.020121121771965,34.20508450129697,13.682033800519,1021.0,858.0,111.0,344.0
430,14378.3,381.0,869.0,39.8716755716577,36.389731300845135,63.78083582834507,35.684490356097406,401.6352359119625,219.0561837470781,1021.0,858.0,111.0,344.0
432,14421.9,381.0,869.0,43.42189325954504,38.36966039601307,55.54563863077596,31.276605930192403,123.587329462789,73.80909954027643,1021.0,858.0,111.0,344.0
433,14447.7,381.0,869.0,45.265275520563456,39.39376165213441,70.1308242453931,39.37319268571316,-218.63845155899776,-112.75352295123756,1021.0,859.0,111.0,344.0
435,14514.4,381.0,868.0,49.08858687674981,41.57851099852661,61.49948856237065,34.977768072177646,5.144560950069095,6.216027853998943,1021.0,858.0,111.0,343.0
437,14579.3,381.0,869.0,53.18499190123519,43.89980717906833,63.91828262295315,36.08340351999448,57.27835182556411,35.68148208411528,1021.0,858.0,111.0,344.0
438,14615.0,381.0,869.0,55.30146783055264,45.12872868641394,65.58816514525031,36.88668599639021,76.1412558069815,31.734626702910838,1021.0,858.0,111.0,344.0
439,14651.9,381.0,869.0,57.5544905940196,46.35765019375956,67.80109207846614,38.20019667883105,129.20775232175626,72.31736501375306,1021.0,858.0,111.0,345.0
440,14678.5,381.0,868.0,59.80751335748656,47.65484511817993,68.70671270588868,38.77891942807895,39.26257726587732,18.66359670790996,1020.0,858.0,111.0,344.0
441,14714.4,381.0,869.0,62.19708295510303,48.9520400426003,70.22177109137515,35.64107025652977,17.090252163337404,-56.79731764577679,1021.0,859.0,111.0,344.0
442,14747.0,381.0,869.0,64.5866525527195,50.31750838409543,71.70919786304921,33.36978519252878,-47.01835622116602,-173.90330584029869,1021.0,858.0,112.0,344.0
513,17115.6,380.0,868.0,10.036192309989184,19.662744117529822,15.143021659075254,13.809004195389296,-7.074955227663936,-86.63877704851741,1020.0,858.0,110.0,344.0
514,17146.8,380.0,869.0,10.44583281243772,19.93583778582885,17.072757943723474,11.259171928369788,14.678916781321394,-19.806296550057464,1020.0,858.0,110.0,344.0
515,17185.8,381.0,869.0,10.992020149035772,20.20893145412788,17.54737921455553,11.432077890513249,66.33399429179299,23.482151730075397,1020.0,858.0,110.0,343.0
516,17217.2,381.0,869.0,11.538207485633825,20.618571956576417,18.687850490301557,10.688501715811649,76.85505033054228,25.21156288360441,1020.0,858.0,110.0,343.0
517,17246.5,381.0,869.0,12.220941656381386,20.9599390419502,20.18006126896576,11.440529551453388,47.65414892062978,23.444363211714386,1020.0,858.0,110.0,344.0
518,17278.5,381.0,869.0,12.903675827128948,21.369579544398736,23.19595319670312,13.730827333385864,55.53383703825104,26.113305505579397,1020.0,858.0,110.0,343.0
519,17314.6,380.0,869.0,13.722956832026023,21.779220046847275,25.5431491051776,14.139984456511367,63.91083498519078,45.66077265437906,1020.0,858.0,110.0,343.0
520,17349.1,381.0,869.0,14.542237836923102,22.257133966370567,27.540048193958985,15.49562801662282,95.81538178099458,55.602390495293285,1020.0,858.0,110.0,344.0
521,17378.4,381.0,869.0,15.49806567596969,22.871594720043376,29.84430943380288,16.62467538732579,77.56638792870928,31.82159046919314,1020.0,858.0,110.0,343.0
522,17414.4,381.0,869.0,16.590440349165792,23.417782056641425,32.79590075118443,18.44820724932286,81.4348893836795,40.67635746208121,1020.0,859.0,111.0,344.0
523,17446.6,380.0,869.0,17.682815022361893,24.032242810314237,35.879484107457536,20.01553549381703,75.24997029077058,37.11366031894682,1020.0,859.0,110.0,344.0
524,17479.5,381.0,869.0,18.911736529707508,24.714976981061795,38.070827267229134,21.423197247176404,85.17382638239604,63.1046579947175,1020.0,858.0,110.0,344.0
525,17514.4,381.0,869.0,20.277204871202635,25.46598456888412,40.81782459162308,23.12765741800854,79.00358742509295,52.91264591163227,1020.0,858.0,110.0,343.0
526,17546.5,381.0,869.0,21.64267321269776,26.21699215670644,44.28798213512473,24.86746799065183,93.0883285614228,60.02212540347022,1020.0,858.0,110.0,343.0
527,17579.5,381.0,869.0,23.1446883883424,27.172819995753024,47.25133366847517,26.70399389307163,98.43630164252428,42.51127492318691,1020.0,858.0,110.0,344.0
528,17615.0,380.0,869.0,24.783250398136552,28.06037441772486,49.87021757618878,28.002311374638182,100.96446395792556,43.99896356410753,1020.0,858.0,111.0,344.0
529,17646.9,381.0,869.0,26.55835924208022,29.016202256771447,52.97434345753824,30.07500230655539,79.94675754242961,43.71361794122073,1020.0,858.0,110.0,343.0
530,17679.0,381.0,869.0,28.33346808602388,30.04030351289279,55.8905986705172,30.85986511577069,75.21726623771785,41.02382503056324,1020.0,858.0,110.0,344.0
531,17714.5,380.0,868.0,30.24512376411706,31.064404769014136,58.16142588899244,32.49955153209906,65.69298956576623,46.39782352053325,1021.0,858.0,111.0,343.0
532,17746.4,380.0,869.0,32.22505285928499,32.22505285928499,60.1815326338922,33.853397380657256,64.92136660538871,32.234021739218875,1020.0,859.0,110.0,343.0
533,17778.6,381.0,869.0,34.27325537152768,33.3174275324811,62.99380360770415,35.261872632346055,67.4173710551949,47.36990020187509,1020.0,858.0,111.0,344.0
534,17814.5,381.0,869.0,36.389731300845135,34.54634903982671,64.82395467543354,36.5063372284132,67.55758616305579,33.73789040574933,1020.0,859.0,111.0,343.0
535,17846.5,381.0,869.0,38.57448064723734,35.775270547172326,67.37276543028386,37.76921044246697,78.75960834749363,46.0040014737636,1020.0,858.0,110.0,343.0
536,17878.4,381.0,869.0,40.89577682777905,37.07246547159269,69.85093928048632,39.52594414173788,70.0001774975493,38.08243465567384,1020.0,859.0,111.0,343.0
537,17914.6,381.0,869.0,43.21707300832077,38.36966039601307,72.7612173281315,40.99292815901593,91.02908022451832,55.9042860298711,1020.0,859.0,111.0,344.0
538,17947.0,380.0,869.0,45.74318944008675,39.80340215458295,75.31533321466746,42.25802622906636,79.30144208800097,43.325665921249175,1020.0,859.0,111.0,343.0
539,17978.9,380.0,869.0,48.26930587185274,41.23714391315284,78.04494789477415,43.96352539100735,93.06467054797989,50.22763995665397,1021.0,858.0,110.0,343.0
540,18014.4,380.0,869.0,50.93196913776824,42.73915908879747,80.97762138623001,45.44394018915181,73.62831572935553,33.29435184860102,1020.0,858.0,111.0,344.0
541,18046.9,380.0,869.0,53.66290582075849,44.24117426444211,83.46888308978977,47.20864248646747,83.93278964617699,55.78577066335611,1020.0,858.0,111.0,344.0
542,18078.8,381.0,869.0,56.53038933789826,45.879736274236265,85.42719854198766,48.18093997768101,54.72813520204349,34.205084501279046,1020.0,858.0,111.0,343.0
543,18114.4,380.0,869.0,59.39787285503802,47.45002486695566,88.79302601197719,46.92258501107755,82.67977678558734,-3.721455410086277,1020.0,859.0,110.0,343.0
623,20778.6,380.0,869.0,5.80324045135429,17.34144793698811,11.609235055107485,8.871465561703685,27.54152398947721,-40.78658014704192,1020.0,858.0,109.0,343.0
624,20814.5,380.0,869.0,6.076334119653315,17.477994771137624,11.617119925622108,7.880951523892969,95.37000344638815,19.891853916506903,1019.0,858.0,109.0,343.0
625,20846.7,380.0,869.0,6.554248039176609,17.682815022361893,14.040059262723275,7.875929575081515,102.98936319483036,61.79913754512563,1019.0,858.0,109.0,343.0
626,20878.5,380.0,869.0,7.100435375774659,18.02418210773568,17.085439708397228,9.909555030870406,82.09220280310868,61.56915210233129,1020.0,858.0,109.0,343.0
627,20914.5,380.0,869.0,7.714896129447466,18.36554919310945,20.14065803705312,11.606480902708574,75.10075878223208,54.61873365980523,1019.0,859.0,109.0,343.0
628,20946.4,380.0,869.0,8.465903717269788,18.775189695557994,22.51015097295468,12.959893415714218,66.9222057165306,40.18609496505826,1019.0,859.0,109.0,343.0
629,20978.4,380.0,869.0,9.216911305092106,19.321377032156047,24.21585176783901,13.645874678900912,60.65878937790574,13.23204205243252,1019.0,858.0,109.0,343.0
630,21014.5,380.0,869.0,10.10446572706394,19.79929095167934,25.275180702995616,14.344597060113468,27.589694536617767,0.1435894882926072,1019.0,858.0,109.0,343.0
631,21046.7,380.0,869.0,11.060293566110529,20.277204871202635,25.94436548278314,14.677000670628454,1.5566479191321585,-5.94666814722676,1019.0,858.0,109.0,343.0
632,21078.6,380.0,869.0,11.94784798808236,20.755118790725927,26.87507801437749,14.626636506329325,-7.580421183523212,6.344042327376673,1019.0,858.0,109.0,343.0
633,21114.4,380.0,869.0,12.767128992979435,21.233032710249223,27.531777915345536,14.95427938297827,17.58742683174833,12.062262821312858,1019.0,858.0,109.0,343.0
634,21146.4,380.0,869.0,13.654683414951268,21.71094662977252,28.38550727347756,16.073010736006665,47.413097129902944,33.95088209663902,1019.0,858.0,109.0,343.0
635,21179.1,380.0,869.0,14.610511253997858,22.257133966370567,29.65854897673593,16.704099535000534,62.9728781458802,34.99850550687627,1019.0,859.0,109.0,343.0
636,21215.3,380.0,869.0,15.634612510119204,22.80332130296862,30.45674894386828,16.876516347486582,40.39019514095341,26.039560062896356,1019.0,859.0,109.0,344.0
637,21246.3,380.0,869.0,16.726987183315305,23.48605547371618,33.20118025640005,18.97499149726806,48.99677239807691,24.146830841528253,1019.0,859.0,109.0,343.0
638,21279.0,380.0,869.0,17.887635273586163,24.10051622738899,35.23638142988638,19.653391888430043,48.695439234507454,24.046386453673605,1019.0,859.0,109.0,344.0
639,21320.1,380.0,869.0,19.04828336385702,24.714976981061795,38.21220436398728,21.929871304584665,107.6146792887999,70.39851163744959,1019.0,858.0,109.0,344.0
640,21347.7,380.0,869.0,20.34547828827739,25.534257985958877,39.66096251899117,22.21846906687473,78.41510654849175,39.82708571876018,1019.0,858.0,109.0,344.0
641,21380.4,380.0,869.0,21.71094662977252,26.21699215670644,41.91319587860648,23.720704981825,82.99715344241586,56.17675148310939,1019.0,859.0,109.0,344.0
642,21414.7,380.0,869.0,23.1446883883424,27.104546578678267,45.224579763462266,25.630838933231647,40.638500404113614,7.846047107727747,1019.0,859.0,109.0,344.0
643,21446.5,380.0,869.0,24.64670356398704,27.923827583575346,46.53732000710362,26.003742855823795,60.78241345378557,36.79788976603929,1019.0,859.0,109.0,344.0
644,21478.4,380.0,869.0,26.21699215670644,28.811382005547177,48.87697034283997,27.54826066283152,59.12069276643056,21.936629761921587,1019.0,858.0,109.0,343.0
645,21514.4,380.0,868.0,27.85555416650059,29.69893642751901,50.89996816789822,28.012136479453464,73.21081563271511,39.92321159280986,1019.0,858.0,109.0,344.0
646,21547.0,380.0,869.0,29.63066301044425,30.72303768364036,52.915218931889086,29.700641888435385,66.14094823348728,36.77224023618125,1019.0,858.0,109.0,344.0
647,21578.5,380.0,869.0,31.40577185438792,31.678865522686944,54.93573110137739,30.709745336578997,61.93346824330977,41.2298971860808,1019.0,858.0,109.0,344.0
648,21614.5,380.0,869.0,33.3174275324811,32.70296677880829,56.73232378510572,31.78601364352893,43.31976612967418,35.47892954756013,1019.0,859.0,109.0,344.0
649,21646.6,380.0,869.0,35.229083210574274,33.86361486907915,58.20218611277742,32.338473042050914,40.02305138274578,16.196256824372355,1019.0,859.0,109.0,344.0
650,21678.5,380.0,869.0,37.209012305742206,34.95598954227525,60.112742695145215,34.155169359256334,41.6067636320466,27.678583267466003,1019.0,858.0,109.0,344.0
651,21714.2,380.0,869.0,39.18894140091014,36.04836421547135,61.60344140202908,35.056556166892285,54.39573270529716,30.12874394016981,1020.0,858.0,109.0,343.0
652,21747.5,380.0,869.0,41.30541733022759,37.209012305742206,63.82908193831911,35.850469956585805,71.5110581423606,53.41716070852834,1019.0,858.0,110.0,343.0
653,21778.4,380.0,869.0,43.42189325954504,38.50620723016258,65.83996416739723,36.84529394534336,73.05232490152565,26.177764802343763,1019.0,859.0,110.0,343.0
654,21815.0,380.0,869.0,45.674916023012,39.73512873750819,68.2211505473712,38.19676482641325,76.90802017847633,32.17698343127801,1019.0,859.0,109.0,345.0
655,21846.8,380.0,869.0,47.99621220355371,41.032323661928565,69.23613634266808,39.33313376146457,37.392353828414926,16.72712539174947,1019.0,858.0,110.0,344.0
656,21878.6,380.0,869.0,50.38578180117018,42.32951858634893,73.06679543081081,40.97530174899354,71.19580410872992,56.25752069965828,1019.0,858.0,109.0,343.0
657,21914.5,380.0,869.0,52.84362481586141,43.69498692784406,75.27277295189995,42.42241741609615,64.83313368139751,52.76075706486071,1019.0,858.0,110.0,343.0
658,21950.4,380.0,869.0,55.3697412476274,45.1970021034887,77.69181265203238,43.64297209029704,125.84464056085406,66.47438674787176,1019.0,858.0,109.0,344.0
659,21978.4,380.0,869.0,58.03240451354289,46.699017279133336,78.53032119740388,44.68475243997266,38.29369021176924,18.08016849831789,1019.0,859.0,109.0,344.0
660,22014.5,380.0,869.0,60.69506777945839,48.20103245477798,80.22126506283871,41.98815150097513,34.13670853737826,-61.44607536728085,1019.0,858.0,109.0,344.0
661,22046.6,380.0,869.0,63.426004462448645,49.70304763042262,81.92648405874803,38.95994956531436,-37.80573397632684,-163.83452240240035,1019.0,858.0,110.0,343.0
705,23514.4,380.0,869.0,0.204820251224269,61.855715869729245,0.0,-1.3647920839345056,0.0,0.0409027575030429,1019.0,858.0,109.0,344.0
749,24978.9,380.0,870.0,6.827341707475634,17.887635273586163,12.823209624685136,11.523334880149548,25.362634986262425,-68.10128861951151,1018.0,858.0,108.0,343.0
750,25014.5,379.0,869.0,7.168708792849416,18.02418210773568,14.699664516449396,9.22957644366558,61.8636722748164,34.39001130884722,1018.0,859.0,108.0,342.0
751,25050.0,379.0,869.0,7.578349295297954,18.36554919310945,16.777958837900105,9.735201188202984,107.41049081107369,47.81570042872644,1018.0,858.0,108.0,343.0
752,25080.5,379.0,869.0,8.261083466045518,18.70691627848324,18.26263204387715,10.33462475211056,81.71260948602281,44.70148294945236,1018.0,858.0,108.0,343.0
753,25114.3,379.0,869.0,8.943817636793082,19.116556780931777,20.131260846338154,11.603842807320415,46.98595357465854,13.190476940749042,1019.0,858.0,108.0,342.0
754,25146.4,379.0,869.0,9.694825224615402,19.526197283380316,21.87036078216055,12.144080796063353,-1.7589981915639548,2.161054921072982,1018.0,858.0,108.0,342.0
755,25178.6,379.0,869.0,10.44583281243772,19.93583778582885,21.9659755608854,12.355861252998036,-6.2112126051196,-3.493807090379866,1018.0,859.0,108.0,342.0
756,25214.5,379.0,869.0,11.19684040026004,20.34547828827739,22.198529754280248,12.29551660163779,-5.723101120724822,0.6153872172822452,1018.0,859.0,108.0,343.0
757,25246.7,379.0,869.0,11.879574571007604,20.755118790725927,22.52265963921038,12.626132811009802,14.765954463744286,7.451148766792478,1018.0,858.0,108.0,343.0
758,25279.5,379.0,869.0,12.630582158829924,21.164759293174463,23.268221827858323,13.001220032640616,32.0238244380811,16.28585425871625,1019.0,858.0,108.0,342.0
759,25314.2,379.0,869.0,13.381589746652244,21.574399795623005,23.97133217947309,13.17415298175795,41.2858378347234,17.010217198367823,1019.0,858.0,108.0,343.0
760,25346.5,379.0,869.0,14.20087075154932,22.052313715146298,25.59317790748036,13.992066047766745,46.76747776611542,19.922262791463083,1018.0,859.0,108.0,343.0
761,25378.4,379.0,869.0,15.088425173521152,22.530227634669597,27.060867031727152,15.071421822815386,44.672741868668766,25.57869154865972,1018.0,859.0,108.0,342.0
762,25416.3,379.0,869.0,16.04425301256774,23.00814155419289,28.750866445472308,16.10919115752682,52.33873152863198,40.48318487350125,1018.0,858.0,108.0,343.0
763,25446.7,379.0,869.0,17.000080851614328,23.554328890790934,30.39147196922735,17.07668365888981,49.006854803684014,41.64695100340796,1019.0,858.0,108.0,343.0
764,25478.6,379.0,869.0,18.02418210773568,24.168789644463747,32.40367264334582,18.077824077415503,61.97008471054925,34.42933748527641,1018.0,858.0,108.0,343.0
765,25514.4,379.0,869.0,19.116556780931777,24.783250398136552,34.10841012800045,19.449953273050028,56.88743936898306,27.626134505155868,1019.0,858.0,108.0,343.0
766,25546.5,379.0,869.0,20.277204871202635,25.46598456888412,35.59682255583986,20.16678939586286,55.30878821460341,20.27901566939909,1018.0,858.0,108.0,344.0
767,25578.6,379.0,870.0,21.574399795623005,26.14871873963168,36.787686994322165,20.86090595895814,25.7102023089774,21.232300145576165,1018.0,858.0,108.0,343.0
768,25615.9,379.0,869.0,22.871594720043376,26.899726327454,40.0533221641793,22.59472509354162,60.253684496610006,34.33981269664894,1018.0,859.0,108.0,343.0
769,25649.5,379.0,869.0,24.237063061538503,27.65073391527632,42.1811685589525,23.68421830780363,72.54259048661314,48.02057485372259,1019.0,858.0,108.0,343.0
770,25684.2,379.0,869.0,25.60253140303363,28.470014920173394,43.72149074546465,24.54380206121264,105.6118384323549,48.51951997287902,1019.0,858.0,108.0,343.0
771,25714.3,379.0,869.0,27.104546578678267,29.289295925070476,44.78676276429534,24.937453058957924,35.95445778217336,13.276609364659125,1018.0,858.0,108.0,344.0
772,25746.6,379.0,869.0,28.674835171397664,30.176850347042304,46.17305182668746,25.976855935115644,9.679515954890872,-0.7983786166053205,1018.0,859.0,108.0,343.0
773,25780.7,379.0,869.0,30.313397181191817,31.064404769014136,49.53511486483291,27.747513969439574,14.877780621909796,17.87865429089158,1018.0,858.0,108.0,344.0
774,25818.2,379.0,869.0,31.95195919098597,31.95195919098597,49.66929554072577,27.780630305578224,58.03077371792988,41.45250029116866,1019.0,858.0,108.0,344.0
775,25851.9,379.0,869.0,33.590521200780124,32.90778703003256,50.95210997758223,28.60195442099521,81.09081929476983,50.65779905116363,1019.0,858.0,108.0,343.0
776,25878.5,379.0,869.0,35.229083210574274,33.86361486907915,52.07889071665447,29.32315318497131,37.14217544806093,14.34300655842851,1018.0,858.0,108.0,343.0
777,25914.5,379.0,869.0,37.00419205451794,34.819442708125734,53.91156957504754,30.27159179012705,30.074606018763543,10.2808638739163,1018.0,858.0,108.0,343.0
778,25946.6,379.0,869.0,38.77930089846161,35.84354396424708,56.0074096325225,31.18231837730325,25.673692953180154,3.8377438486911712,1018.0,859.0,108.0,343.0
779,25978.5,379.0,869.0,40.622683159480026,36.86764522036842,56.05417592099614,31.254154341435747,42.363528638772266,24.277016570860297,1018.0,858.0,108.0,343.0
780,26014.3,379.0,869.0,42.5343388375732,37.89174647648977,57.959118503769496,32.387836977080795,51.03859896564509,32.12885931152993,1019.0,858.0,108.0,343.0
781,26046.7,379.0,869.0,44.514267932741134,38.98412114968587,60.152175536080776,33.49593951901638,57.13881261241804,42.38845278893286,1018.0,858.0,108.0,343.0
782,26079.4,379.0,869.0,46.494197027909074,40.14476923995673,61.78266418075382,34.82180976363275,71.18430604423234,46.439641946423045,1018.0,859.0,108.0,343.0
783,26114.7,379.0,869.0,48.61067295722652,41.30541733022759,63.862266561628616,35.85834587789956,66.5539918283597,37.00478413107386,1018.0,859.0,108.0,343.0
784,26146.4,379.0,869.0,50.79542230361872,42.5343388375732,65.76025757603576,37.13946676942102,55.36032560132171,30.70136166251374,1018.0,859.0,108.0,343.0
785,26178.7,379.0,869.0,52.98017165001093,43.831533761993576,68.49083958296265,38.69888853379833,63.9249669106297,31.64855080615744,1018.0,858.0,108.0,343.0
786,26214.3,379.0,869.0,55.30146783055264,45.06045526933919,70.14548800478056,39.49789569046056,59.61511345581752,36.0785454384253,1018.0,858.0,108.0,343.0
787,26247.0,379.0,869.0,57.69103742816911,46.42592361083432,71.9510468003721,40.92272685095987,67.71699496202709,44.51255645953208,1019.0,858.0,108.0,343.0
788,26278.7,379.0,869.0,60.14888044286034,47.8596653694042,73.73529044073689,40.62268315948,40.96405024485461,6.827341707475674,1018.0,858.0,108.0,343.0
835,27848.4,379.0,869.0,2.594389848840741,65.47420697469133,1.1548280863208131,-22.65926492350866,-109.07258184893304,477.1530961397339,1018.0,858.0,107.0,342.0
882,29414.4,378.0,869.0,6.485974622101852,17.75108843943665,18.74409008697757,10.905392513623603,19.860032950818493,13.287599048203171,1018.0,858.0,107.0,342.0
883,29446.7,378.0,869.0,7.100435375774659,18.092455524810436,20.943297037125653,11.523668751322914,33.19407547929927,16.098794445263547,1017.0,859.0,107.0,342.0
884,29479.2,378.0,869.0,7.714896129447466,18.50209602725897,21.50146115386666,11.937095767127726,63.76862545889382,21.826298369072585,1017.0,859.0,107.0,343.0
885,29514.7,378.0,869.0,8.465903717269788,18.911736529707508,22.18998459394522,12.286637203675845,48.85172192391085,14.254667951841782,1018.0,858.0,107.0,343.0
886,29546.4,378.0,869.0,9.35345813924162,19.321377032156047,22.869958191507337,12.968086299499124,5.455095120132347,12.8764823486421,1018.0,858.0,107.0,343.0
887,29578.8,378.0,869.0,10.172739144138696,19.79929095167934,23.627312588868072,13.35271647692434,-21.080845639587707,6.59982030154257,1018.0,858.0,107.0,342.0
888,29614.5,378.0,869.0,10.923746731961016,20.20893145412788,23.92103173160895,13.325985576873933,-14.16139852383595,6.573956761546835,1017.0,858.0,107.0,342.0
891,29714.5,378.0,870.0,13.245042912502733,21.574399795623005,24.01908037844631,13.541520609488815,16.122371460583267,-2.263256109249057,1018.0,858.0,107.0,343.0
892,29746.5,378.0,870.0,14.064323917399808,21.984040298071545,25.269814550709373,14.340553982299143,26.577783732656904,26.905988934396987,1017.0,858.0,107.0,343.0
893,29779.0,378.0,869.0,14.883604922296882,22.46195421759484,26.299761617631265,14.348800311917202,36.24010962504243,28.456815545811413,1018.0,858.0,107.0,342.0
894,29816.2,378.0,869.0,15.771159344268716,22.939868137118133,27.747989512666,15.428449547198168,57.20917493508362,39.37100316351327,1018.0,858.0,107.0,342.0
895,29846.6,378.0,870.0,16.726987183315305,23.554328890790934,28.97037516749201,16.36040594553884,47.35949132793621,13.450693647815235,1018.0,858.0,106.0,343.0
896,29878.6,378.0,870.0,17.682815022361893,24.032242810314237,30.684371918453163,17.048237419522163,51.80427392559932,25.74874886392752,1018.0,858.0,107.0,344.0
897,29914.5,378.0,870.0,18.775189695557994,24.64670356398704,32.279716195882045,18.20291750441837,34.99279217002482,17.077988845036497,1017.0,859.0,107.0,343.0
898,29946.8,378.0,869.0,19.867564368754092,25.261164317659848,33.80517013244122,19.124902556818128,49.143402184023415,41.72887943161136,1017.0,858.0,107.0,344.0
899,29979.1,378.0,869.0,21.028212459024957,25.875625071332653,35.827958491166775,20.134807713793155,50.555657869696745,35.67553559917682,1018.0,858.0,107.0,343.0
900,30014.8,378.0,869.0,22.18886054929581,26.55835924208022,37.18440196974947,21.151960970920275,62.807522363723,41.72646711711565,1018.0,858.0,107.0,342.0
901,30046.6,378.0,870.0,23.48605547371618,27.377640246977293,38.90523527021113,21.844937296962065,53.06231199974313,12.780834799730435,1018.0,858.0,107.0,344.0
902,30078.8,378.0,870.0,24.85152381521131,28.06037441772486,40.72211329691212,23.269779026806937,47.621971132215066,27.212554932693983,1018.0,859.0,107.0,343.0
903,30114.7,378.0,870.0,26.21699215670644,28.879655422621934,42.46547317990917,23.97053907708124,42.91962899082391,14.701522996216166,1017.0,858.0,107.0,344.0
904,30146.8,378.0,869.0,27.65073391527632,29.63066301044425,44.07089436882906,24.60128452867014,50.04465603654221,42.236076012805526,1018.0,858.0,107.0,342.0
905,30178.6,378.0,869.0,29.15274909092096,30.518217432416087,45.44257198440162,25.62615861450702,46.97639935855696,20.00948089295924,1018.0,858.0,107.0,343.0
906,30214.2,378.0,869.0,30.6547642665656,31.33749843731316,47.08370322377712,26.269511088929058,49.909115609536926,31.50896970424243,1017.0,858.0,107.0,343.0
907,30246.5,378.0,869.0,32.29332627635975,32.29332627635975,48.51482847894358,27.33418624825916,39.10146452743933,12.586425884666896,1017.0,859.0,107.0,342.0
909,30314.7,378.0,869.0,35.63872371302281,34.13670853737817,51.39944840416874,28.59200995011648,35.976360617161994,14.70991310545758,1018.0,858.0,107.0,343.0
910,30346.6,378.0,869.0,37.34555913989172,35.09253637642476,52.85903919374214,29.669267160358487,47.69595235165434,34.06853739404174,1018.0,858.0,106.0,343.0
911,30385.2,378.0,869.0,39.12066798383538,36.11663763254611,54.95614552938336,30.721133274587547,117.84078506223102,59.68479470457532,1018.0,858.0,107.0,342.0
912,30414.8,378.0,870.0,40.96405024485381,37.07246547159269,56.02066144058078,31.427774904788222,56.35556818228095,41.94872734752533,1018.0,859.0,107.0,342.0
913,30446.7,378.0,869.0,42.875705922946985,38.233113561863554,57.35649880907173,31.90818531832028,42.16338062196167,10.665092135663327,1018.0,858.0,107.0,344.0
914,30478.9,379.0,870.0,44.78736160104016,39.257214817984895,60.57048527021815,33.74958332517562,1.995708872341997,4.956615126546314,1018.0,858.0,107.0,343.0
915,30514.6,378.0,869.0,46.83556411328285,40.41786290825576,61.16120801633682,34.851630443919575,46.66139726373235,26.66561211402501,1018.0,858.0,107.0,342.0
916,30547.7,378.0,869.0,48.883766625525546,41.510237581451854,62.87873146995351,35.21563883031422,67.1877611776774,54.829036814711685,1018.0,858.0,107.0,342.0
917,30581.3,378.0,869.0,51.00024255484299,42.73915908879747,65.1817558253629,36.716265152535726,88.06816915783058,52.98638931408176,1017.0,858.0,107.0,342.0
918,30614.6,378.0,869.0,53.18499190123519,44.03635401321784,66.5302789892817,37.53026822714587,60.720022195165306,26.907143550500827,1017.0,858.0,107.0,343.0
919,30646.7,378.0,870.0,55.43801466470215,45.265275520563456,68.665642443805,39.48163878518709,49.71953122336291,31.352780455447395,1017.0,859.0,107.0,343.0
920,30678.6,378.0,869.0,57.75931084524387,46.56247044498382,71.19800742133823,40.43322514824758,35.59578964947434,23.41566609623448,1017.0,858.0,107.0,343.0
921,30714.7,378.0,869.0,60.14888044286034,47.92793878647896,71.69132771193436,39.600026570308685,42.397834401289565,14.44666949970455,1018.0,858.0,107.0,343.0
922,30746.5,378.0,869.0,62.53845004047681,49.361680545048834,72.09864775240248,35.54873144933982,19.07817035173734,-110.16855872894034,1018.0,858.0,107.0,342.0
999,33314.6,377.0,869.0,8.670723968494055,19.116556780931777,34.23641159888869,24.682255847795883,80.780247205627,-69.99620839606143,1017.0,858.0,106.0,343.0
1000,33346.3,377.0,869.0,9.831372058764911,19.731017534604582,36.16009818108282,24.26193297271333,78.02613602867255,-23.173304267909284,1016.0,858.0,106.0,342.0
1001,33378.8,377.0,869.0,11.128566983185284,20.482025122426904,38.82221671064329,23.155764973413103,68.31959717861092,13.817065924149706,1016.0,857.0,105.0,342.0
1002,33414.5,377.0,869.0,12.49403532468041,21.233032710249223,40.70897139511432,22.920902968050136,48.80052949558519,34.733888481232285,1017.0,858.0,106.0,343.0
1003,33446.8,377.0,870.0,13.859503666175538,22.052313715146298,42.23467392549037,23.83979886827819,42.86094346202467,14.77262557268248,1016.0,858.0,106.0,343.0
1004,33479.0,377.0,870.0,15.361518841820178,22.871594720043376,43.7242265783101,24.594450311741323,29.52491115805493,14.899208293979258,1016.0,858.0,106.0,344.0
1005,33514.2,377.0,869.0,16.795260600390062,23.69087572494045,45.02471537531728,25.244383604238195,37.77407391871955,11.875552565671068,1016.0,858.0,106.0,344.0
1006,33546.8,377.0,869.0,18.2972757760347,24.51015672983753,46.109341951480175,25.95825675347825,34.63241705777155,27.596532131318664,1016.0,858.0,106.0,343.0
1007,33578.7,377.0,869.0,19.867564368754092,25.39771115180936,47.2246898423695,26.350127432775707,40.69501389830396,20.319991726771555,1016.0,858.0,106.0,343.0
1008,33614.6,377.0,869.0,21.50612637854825,26.285265573781192,48.04114851349148,27.26051439876157,22.31423560666177,28.28641545272216,1016.0,858.0,106.0,344.0
1009,33646.7,377.0,870.0,23.07641497126765,27.24109341282778,49.675815513859895,27.90383428542762,36.76845506194648,11.353969008811104,1016.0,859.0,106.0,343.0
1010,33678.5,377.0,870.0,24.783250398136552,28.12864783479961,50.85727526287002,28.66960267578313,32.1022891177367,26.162478072975333,1016.0,858.0,106.0,343.0
1011,33714.6,377.0,869.0,26.421812407930705,29.15274909092096,51.97419760714635,29.060950290043767,56.34674626643554,7.72230237292169,1016.0,858.0,106.0,343.0
1012,33747.4,377.0,869.0,28.26519466894913,30.108576929967548,53.2202416312688,29.683664272342032,33.6272970216436,23.995186639934367,1016.0,858.0,106.0,343.0
1013,33778.7,377.0,869.0,30.04030351289279,31.13267818608889,54.1403401481616,30.3055812444436,33.427948113634095,6.491784774539823,1016.0,858.0,106.0,344.0
1014,33814.3,377.0,870.0,31.88368577391121,32.08850602513548,55.21942941476828,30.47270261767784,8.753189693881312,20.59770419947595,1016.0,858.0,106.0,343.0
1015,33846.9,377.0,870.0,33.72706803492964,33.180880698331585,56.89049955580328,31.87263706307708,40.14673161221511,20.00426644016712,1016.0,858.0,106.0,344.0
1016,33879.0,377.0,869.0,35.63872371302281,34.204981954452926,57.73327289835876,32.458851844686706,38.21577571880953,36.44481742372624,1017.0,858.0,106.0,343.0
1017,33916.1,378.0,870.0,37.55037939111599,35.29735662764903,59.11265705276669,33.48618445687019,67.7345831548137,38.60626120705594,1016.0,858.0,106.0,343.0
1018,33946.6,377.0,869.0,39.59858190335868,36.45800471791989,60.53975443361505,34.202445563657314,33.05798007909672,26.73211270888625,1016.0,858.0,106.0,343.0
1019,33978.6,377.0,870.0,41.57851099852661,37.618652808190745,61.869054833350496,35.20893580086398,44.83205430110575,18.77775197742473,1016.0,858.0,106.0,343.0
1020,34014.5,377.0,869.0,43.69498692784406,38.77930089846161,63.84901037750858,36.04647129538462,28.53276084400393,13.432089169252906,1016.0,858.0,106.0,343.0
1021,34046.5,377.0,869.0,45.81146285716151,40.00822240580722,65.08895384839259,36.46692010061193,58.0170832798115,18.602712855769926,1016.0,858.0,106.0,343.0
1022,34078.7,377.0,869.0,47.99621220355371,41.23714391315284,66.46453204228993,37.49279549332414,46.98567215123189,26.85381030949185,1016.0,858.0,106.0,343.0
1023,34114.9,377.0,869.0,50.24923496702067,42.466065420498445,68.64155869176275,38.58936995226194,66.93632908137656,37.22326256137019,1016.0,858.0,106.0,343.0
1024,34146.9,377.0,869.0,52.63880456463714,43.76326034491882,70.26489501310849,39.57199831090681,45.08931442369106,43.25143475966507,1016.0,858.0,106.0,343.0
1025,34178.9,377.0,869.0,54.8918273281041,45.12872868641394,71.62106637251462,40.24388080632484,55.93916477939596,28.058072185529998,1016.0,858.0,106.0,343.0
1026,34214.5,377.0,869.0,57.41794375987008,46.494197027909074,73.1563690910005,41.36285124978494,23.72251427681232,18.46913297122097,1016.0,858.0,106.0,344.0
1027,34246.7,377.0,869.0,59.87578677456131,47.92793878647896,73.54100536609575,40.36204015441544,20.56419966423265,-27.418932885743825,1017.0,858.0,106.0,343.0
